"Id","Slug","Repository","Visibility","Status","CreatedNew","Url","Error","Timestamp"
"1","room-climate-hub-live-dashboard","OpenMakerProjects/room-climate-hub-live-dashboard","public","failed","False","https://github.com/OpenMakerProjects/room-climate-hub-live-dashboard","GraphQL: Could not resolve to a Repository with the name 'OpenMakerProjects/room-climate-hub-live-dashboard'. (repository)","2026-10-02T13:44:53.9046631+05:30"
"1","room-climate-hub-live-dashboard","OpenMakerProjects/room-climate-hub-live-dashboard","public","published","True","https://github.com/OpenMakerProjects/room-climate-hub-live-dashboard","","2026-10-02T13:45:26.1815154+05:30"
"2","room-climate-hub-mobile-alerts","OpenMakerProjects/room-climate-hub-mobile-alerts","public","published","True","https://github.com/OpenMakerProjects/room-climate-hub-mobile-alerts","","2026-10-02T13:46:03.0944283+05:30"
"3","room-climate-hub-voice-control","OpenMakerProjects/room-climate-hub-voice-control","public","published","True","https://github.com/OpenMakerProjects/room-climate-hub-voice-control","","2026-10-02T13:46:22.5622216+05:30"
"4","room-climate-hub-energy-saver","OpenMakerProjects/room-climate-hub-energy-saver","public","published","True","https://github.com/OpenMakerProjects/room-climate-hub-energy-saver","","2026-10-02T13:46:41.0097469+05:30"
"5","room-climate-hub-predictive-maintenance","OpenMakerProjects/room-climate-hub-predictive-maintenance","public","published","True","https://github.com/OpenMakerProjects/room-climate-hub-predictive-maintenance","","2026-10-02T13:46:59.6544870+05:30"
"6","room-climate-hub-offline-automation","OpenMakerProjects/room-climate-hub-offline-automation","public","published","True","https://github.com/OpenMakerProjects/room-climate-hub-offline-automation","","2026-10-02T13:47:17.5566885+05:30"
"7","room-climate-hub-usage-analytics","OpenMakerProjects/room-climate-hub-usage-analytics","public","published","True","https://github.com/OpenMakerProjects/room-climate-hub-usage-analytics","","2026-10-02T13:47:35.2653122+05:30"
"8","room-climate-hub-multi-room-network","OpenMakerProjects/room-climate-hub-multi-room-network","public","published","True","https://github.com/OpenMakerProjects/room-climate-hub-multi-room-network","","2026-10-02T13:47:52.6434695+05:30"
"9","room-climate-hub-safety-interlock","OpenMakerProjects/room-climate-hub-safety-interlock","public","published","True","https://github.com/OpenMakerProjects/room-climate-hub-safety-interlock","","2026-10-02T13:48:10.0589061+05:30"
"10","room-climate-hub-adaptive-scheduling","OpenMakerProjects/room-climate-hub-adaptive-scheduling","public","published","True","https://github.com/OpenMakerProjects/room-climate-hub-adaptive-scheduling","","2026-10-02T13:48:28.7868866+05:30"
"11","smart-entryway-live-dashboard","OpenMakerProjects/smart-entryway-live-dashboard","public","published","True","https://github.com/OpenMakerProjects/smart-entryway-live-dashboard","","2026-10-02T13:48:47.9643323+05:30"
"12","smart-entryway-mobile-alerts","OpenMakerProjects/smart-entryway-mobile-alerts","public","published","True","https://github.com/OpenMakerProjects/smart-entryway-mobile-alerts","","2026-10-02T13:49:05.5592871+05:30"
"13","smart-entryway-voice-control","OpenMakerProjects/smart-entryway-voice-control","public","published","True","https://github.com/OpenMakerProjects/smart-entryway-voice-control","","2026-10-02T13:49:23.5560678+05:30"
"14","smart-entryway-energy-saver","OpenMakerProjects/smart-entryway-energy-saver","public","published","True","https://github.com/OpenMakerProjects/smart-entryway-energy-saver","","2026-10-02T13:49:41.5489827+05:30"
"15","smart-entryway-predictive-maintenance","OpenMakerProjects/smart-entryway-predictive-maintenance","public","published","True","https://github.com/OpenMakerProjects/smart-entryway-predictive-maintenance","","2026-10-02T13:49:59.5142260+05:30"
"16","smart-entryway-offline-automation","OpenMakerProjects/smart-entryway-offline-automation","public","published","True","https://github.com/OpenMakerProjects/smart-entryway-offline-automation","","2026-10-02T13:50:17.9683637+05:30"
"17","smart-entryway-usage-analytics","OpenMakerProjects/smart-entryway-usage-analytics","public","published","True","https://github.com/OpenMakerProjects/smart-entryway-usage-analytics","","2026-10-02T13:50:35.9572546+05:30"
"18","smart-entryway-multi-room-network","OpenMakerProjects/smart-entryway-multi-room-network","public","published","True","https://github.com/OpenMakerProjects/smart-entryway-multi-room-network","","2026-10-02T13:50:54.4157225+05:30"
"19","smart-entryway-safety-interlock","OpenMakerProjects/smart-entryway-safety-interlock","public","published","True","https://github.com/OpenMakerProjects/smart-entryway-safety-interlock","","2026-10-02T13:51:12.9962255+05:30"
"20","smart-entryway-adaptive-scheduling","OpenMakerProjects/smart-entryway-adaptive-scheduling","public","published","True","https://github.com/OpenMakerProjects/smart-entryway-adaptive-scheduling","","2026-10-02T13:51:30.6159771+05:30"
"21","kitchen-safety-node-live-dashboard","OpenMakerProjects/kitchen-safety-node-live-dashboard","public","published","True","https://github.com/OpenMakerProjects/kitchen-safety-node-live-dashboard","","2026-10-02T13:51:52.5355170+05:30"
"22","kitchen-safety-node-mobile-alerts","OpenMakerProjects/kitchen-safety-node-mobile-alerts","public","published","True","https://github.com/OpenMakerProjects/kitchen-safety-node-mobile-alerts","","2026-10-02T13:52:10.7544223+05:30"
"23","kitchen-safety-node-voice-control","OpenMakerProjects/kitchen-safety-node-voice-control","public","published","True","https://github.com/OpenMakerProjects/kitchen-safety-node-voice-control","","2026-10-02T13:52:30.2805248+05:30"
"24","kitchen-safety-node-energy-saver","OpenMakerProjects/kitchen-safety-node-energy-saver","public","published","True","https://github.com/OpenMakerProjects/kitchen-safety-node-energy-saver","","2026-10-02T13:52:47.8742198+05:30"
"25","kitchen-safety-node-predictive-maintenance","OpenMakerProjects/kitchen-safety-node-predictive-maintenance","public","published","True","https://github.com/OpenMakerProjects/kitchen-safety-node-predictive-maintenance","","2026-10-02T13:53:05.5576455+05:30"
"26","kitchen-safety-node-offline-automation","OpenMakerProjects/kitchen-safety-node-offline-automation","public","published","True","https://github.com/OpenMakerProjects/kitchen-safety-node-offline-automation","","2026-10-02T13:53:24.4588316+05:30"
"27","kitchen-safety-node-usage-analytics","OpenMakerProjects/kitchen-safety-node-usage-analytics","public","published","True","https://github.com/OpenMakerProjects/kitchen-safety-node-usage-analytics","","2026-10-02T13:53:42.1211246+05:30"
"28","kitchen-safety-node-multi-room-network","OpenMakerProjects/kitchen-safety-node-multi-room-network","public","published","True","https://github.com/OpenMakerProjects/kitchen-safety-node-multi-room-network","","2026-10-02T13:54:00.2030880+05:30"
"29","kitchen-safety-node-safety-interlock","OpenMakerProjects/kitchen-safety-node-safety-interlock","public","published","True","https://github.com/OpenMakerProjects/kitchen-safety-node-safety-interlock","","2026-10-02T13:54:18.3755976+05:30"
"30","kitchen-safety-node-adaptive-scheduling","OpenMakerProjects/kitchen-safety-node-adaptive-scheduling","public","published","True","https://github.com/OpenMakerProjects/kitchen-safety-node-adaptive-scheduling","","2026-10-02T13:54:37.0497165+05:30"
"31","bathroom-comfort-monitor-live-dashboard","OpenMakerProjects/bathroom-comfort-monitor-live-dashboard","public","published","True","https://github.com/OpenMakerProjects/bathroom-comfort-monitor-live-dashboard","","2026-10-02T13:54:54.4461826+05:30"
"32","bathroom-comfort-monitor-mobile-alerts","OpenMakerProjects/bathroom-comfort-monitor-mobile-alerts","public","published","True","https://github.com/OpenMakerProjects/bathroom-comfort-monitor-mobile-alerts","","2026-10-02T13:55:12.3456522+05:30"
"33","bathroom-comfort-monitor-voice-control","OpenMakerProjects/bathroom-comfort-monitor-voice-control","public","published","True","https://github.com/OpenMakerProjects/bathroom-comfort-monitor-voice-control","","2026-10-02T13:55:31.2495440+05:30"
"34","bathroom-comfort-monitor-energy-saver","OpenMakerProjects/bathroom-comfort-monitor-energy-saver","public","published","True","https://github.com/OpenMakerProjects/bathroom-comfort-monitor-energy-saver","","2026-10-02T13:55:49.7275304+05:30"
"35","bathroom-comfort-monitor-predictive-maintenance","OpenMakerProjects/bathroom-comfort-monitor-predictive-maintenance","public","published","True","https://github.com/OpenMakerProjects/bathroom-comfort-monitor-predictive-maintenance","","2026-10-02T13:56:06.9534989+05:30"
"36","bathroom-comfort-monitor-offline-automation","OpenMakerProjects/bathroom-comfort-monitor-offline-automation","public","published","True","https://github.com/OpenMakerProjects/bathroom-comfort-monitor-offline-automation","","2026-10-02T13:56:24.9797269+05:30"
"37","bathroom-comfort-monitor-usage-analytics","OpenMakerProjects/bathroom-comfort-monitor-usage-analytics","public","published","True","https://github.com/OpenMakerProjects/bathroom-comfort-monitor-usage-analytics","","2026-10-02T13:56:42.2827530+05:30"
"38","bathroom-comfort-monitor-multi-room-network","OpenMakerProjects/bathroom-comfort-monitor-multi-room-network","public","published","True","https://github.com/OpenMakerProjects/bathroom-comfort-monitor-multi-room-network","","2026-10-02T13:57:00.0499687+05:30"
"39","bathroom-comfort-monitor-safety-interlock","OpenMakerProjects/bathroom-comfort-monitor-safety-interlock","public","published","True","https://github.com/OpenMakerProjects/bathroom-comfort-monitor-safety-interlock","","2026-10-02T13:57:19.8591487+05:30"
"40","bathroom-comfort-monitor-adaptive-scheduling","OpenMakerProjects/bathroom-comfort-monitor-adaptive-scheduling","public","published","True","https://github.com/OpenMakerProjects/bathroom-comfort-monitor-adaptive-scheduling","","2026-10-02T13:57:37.6933453+05:30"
"41","garage-automation-station-live-dashboard","OpenMakerProjects/garage-automation-station-live-dashboard","public","published","True","https://github.com/OpenMakerProjects/garage-automation-station-live-dashboard","","2026-10-02T13:57:55.1117766+05:30"
"42","garage-automation-station-mobile-alerts","OpenMakerProjects/garage-automation-station-mobile-alerts","public","published","True","https://github.com/OpenMakerProjects/garage-automation-station-mobile-alerts","","2026-10-02T13:58:12.9637158+05:30"
"43","garage-automation-station-voice-control","OpenMakerProjects/garage-automation-station-voice-control","public","published","True","https://github.com/OpenMakerProjects/garage-automation-station-voice-control","","2026-10-02T13:58:30.9253926+05:30"
"44","garage-automation-station-energy-saver","OpenMakerProjects/garage-automation-station-energy-saver","public","published","True","https://github.com/OpenMakerProjects/garage-automation-station-energy-saver","","2026-10-02T13:58:48.6612784+05:30"
"45","garage-automation-station-predictive-maintenance","OpenMakerProjects/garage-automation-station-predictive-maintenance","public","published","True","https://github.com/OpenMakerProjects/garage-automation-station-predictive-maintenance","","2026-10-02T13:59:06.0992728+05:30"
"46","garage-automation-station-offline-automation","OpenMakerProjects/garage-automation-station-offline-automation","public","published","True","https://github.com/OpenMakerProjects/garage-automation-station-offline-automation","","2026-10-02T13:59:23.7755695+05:30"
"47","garage-automation-station-usage-analytics","OpenMakerProjects/garage-automation-station-usage-analytics","public","published","True","https://github.com/OpenMakerProjects/garage-automation-station-usage-analytics","","2026-10-02T13:59:41.3817031+05:30"
"48","garage-automation-station-multi-room-network","OpenMakerProjects/garage-automation-station-multi-room-network","public","published","True","https://github.com/OpenMakerProjects/garage-automation-station-multi-room-network","","2026-10-02T13:59:58.7443410+05:30"
"49","garage-automation-station-safety-interlock","OpenMakerProjects/garage-automation-station-safety-interlock","public","published","True","https://github.com/OpenMakerProjects/garage-automation-station-safety-interlock","","2026-10-02T14:00:16.3793917+05:30"
"50","garage-automation-station-adaptive-scheduling","OpenMakerProjects/garage-automation-station-adaptive-scheduling","public","published","True","https://github.com/OpenMakerProjects/garage-automation-station-adaptive-scheduling","","2026-10-02T14:00:34.0361437+05:30"
"51","window-control-unit-live-dashboard","OpenMakerProjects/window-control-unit-live-dashboard","public","published","True","https://github.com/OpenMakerProjects/window-control-unit-live-dashboard","","2026-10-02T14:00:51.5163927+05:30"
"52","window-control-unit-mobile-alerts","OpenMakerProjects/window-control-unit-mobile-alerts","public","published","True","https://github.com/OpenMakerProjects/window-control-unit-mobile-alerts","","2026-10-02T14:01:09.5020103+05:30"
"53","window-control-unit-voice-control","OpenMakerProjects/window-control-unit-voice-control","public","published","True","https://github.com/OpenMakerProjects/window-control-unit-voice-control","","2026-10-02T14:01:27.1465374+05:30"
"54","window-control-unit-energy-saver","OpenMakerProjects/window-control-unit-energy-saver","public","published","True","https://github.com/OpenMakerProjects/window-control-unit-energy-saver","","2026-10-02T14:01:44.4646460+05:30"
"55","window-control-unit-predictive-maintenance","OpenMakerProjects/window-control-unit-predictive-maintenance","public","published","True","https://github.com/OpenMakerProjects/window-control-unit-predictive-maintenance","","2026-10-02T14:02:02.6245784+05:30"
"56","window-control-unit-offline-automation","OpenMakerProjects/window-control-unit-offline-automation","public","published","True","https://github.com/OpenMakerProjects/window-control-unit-offline-automation","","2026-10-02T14:02:20.7935374+05:30"
"57","window-control-unit-usage-analytics","OpenMakerProjects/window-control-unit-usage-analytics","public","published","True","https://github.com/OpenMakerProjects/window-control-unit-usage-analytics","","2026-10-02T14:02:38.4285940+05:30"
"58","window-control-unit-multi-room-network","OpenMakerProjects/window-control-unit-multi-room-network","public","published","True","https://github.com/OpenMakerProjects/window-control-unit-multi-room-network","","2026-10-02T14:02:56.2821801+05:30"
"59","window-control-unit-safety-interlock","OpenMakerProjects/window-control-unit-safety-interlock","public","published","True","https://github.com/OpenMakerProjects/window-control-unit-safety-interlock","","2026-10-02T14:03:14.4563944+05:30"
"60","window-control-unit-adaptive-scheduling","OpenMakerProjects/window-control-unit-adaptive-scheduling","public","published","True","https://github.com/OpenMakerProjects/window-control-unit-adaptive-scheduling","","2026-10-02T14:03:32.4778450+05:30"
"61","indoor-air-quality-panel-live-dashboard","OpenMakerProjects/indoor-air-quality-panel-live-dashboard","public","published","True","https://github.com/OpenMakerProjects/indoor-air-quality-panel-live-dashboard","","2026-10-02T14:03:50.3716178+05:30"
"62","indoor-air-quality-panel-mobile-alerts","OpenMakerProjects/indoor-air-quality-panel-mobile-alerts","public","published","True","https://github.com/OpenMakerProjects/indoor-air-quality-panel-mobile-alerts","","2026-10-02T14:04:08.2924757+05:30"
"63","indoor-air-quality-panel-voice-control","OpenMakerProjects/indoor-air-quality-panel-voice-control","public","published","True","https://github.com/OpenMakerProjects/indoor-air-quality-panel-voice-control","","2026-10-02T14:04:27.1246169+05:30"
"64","indoor-air-quality-panel-energy-saver","OpenMakerProjects/indoor-air-quality-panel-energy-saver","public","published","True","https://github.com/OpenMakerProjects/indoor-air-quality-panel-energy-saver","","2026-10-02T14:04:45.6633884+05:30"
"65","indoor-air-quality-panel-predictive-maintenance","OpenMakerProjects/indoor-air-quality-panel-predictive-maintenance","public","published","True","https://github.com/OpenMakerProjects/indoor-air-quality-panel-predictive-maintenance","","2026-10-02T14:05:03.9082317+05:30"
"66","indoor-air-quality-panel-offline-automation","OpenMakerProjects/indoor-air-quality-panel-offline-automation","public","published","True","https://github.com/OpenMakerProjects/indoor-air-quality-panel-offline-automation","","2026-10-02T14:05:21.7965313+05:30"
"67","indoor-air-quality-panel-usage-analytics","OpenMakerProjects/indoor-air-quality-panel-usage-analytics","public","published","True","https://github.com/OpenMakerProjects/indoor-air-quality-panel-usage-analytics","","2026-10-02T14:05:40.4497462+05:30"
"68","indoor-air-quality-panel-multi-room-network","OpenMakerProjects/indoor-air-quality-panel-multi-room-network","public","published","True","https://github.com/OpenMakerProjects/indoor-air-quality-panel-multi-room-network","","2026-10-02T14:05:57.7222801+05:30"
"69","indoor-air-quality-panel-safety-interlock","OpenMakerProjects/indoor-air-quality-panel-safety-interlock","public","published","True","https://github.com/OpenMakerProjects/indoor-air-quality-panel-safety-interlock","","2026-10-02T14:06:15.2652663+05:30"
"70","indoor-air-quality-panel-adaptive-scheduling","OpenMakerProjects/indoor-air-quality-panel-adaptive-scheduling","public","published","True","https://github.com/OpenMakerProjects/indoor-air-quality-panel-adaptive-scheduling","","2026-10-02T14:06:33.4860622+05:30"
"71","laundry-assistant-live-dashboard","OpenMakerProjects/laundry-assistant-live-dashboard","public","published","True","https://github.com/OpenMakerProjects/laundry-assistant-live-dashboard","","2026-10-02T14:06:51.9566431+05:30"
"72","laundry-assistant-mobile-alerts","OpenMakerProjects/laundry-assistant-mobile-alerts","public","published","True","https://github.com/OpenMakerProjects/laundry-assistant-mobile-alerts","","2026-10-02T14:07:09.4227652+05:30"
"73","laundry-assistant-voice-control","OpenMakerProjects/laundry-assistant-voice-control","public","published","True","https://github.com/OpenMakerProjects/laundry-assistant-voice-control","","2026-10-02T14:07:26.9432104+05:30"
"74","laundry-assistant-energy-saver","OpenMakerProjects/laundry-assistant-energy-saver","public","published","True","https://github.com/OpenMakerProjects/laundry-assistant-energy-saver","","2026-10-02T14:07:44.9747694+05:30"
"75","laundry-assistant-predictive-maintenance","OpenMakerProjects/laundry-assistant-predictive-maintenance","public","published","True","https://github.com/OpenMakerProjects/laundry-assistant-predictive-maintenance","","2026-10-02T14:08:03.4093071+05:30"
"76","laundry-assistant-offline-automation","OpenMakerProjects/laundry-assistant-offline-automation","public","published","True","https://github.com/OpenMakerProjects/laundry-assistant-offline-automation","","2026-10-02T14:08:21.4820738+05:30"
"77","laundry-assistant-usage-analytics","OpenMakerProjects/laundry-assistant-usage-analytics","public","published","True","https://github.com/OpenMakerProjects/laundry-assistant-usage-analytics","","2026-10-02T14:08:38.8179329+05:30"
"78","laundry-assistant-multi-room-network","OpenMakerProjects/laundry-assistant-multi-room-network","public","published","True","https://github.com/OpenMakerProjects/laundry-assistant-multi-room-network","","2026-10-02T14:08:56.3289401+05:30"
"79","laundry-assistant-safety-interlock","OpenMakerProjects/laundry-assistant-safety-interlock","public","published","True","https://github.com/OpenMakerProjects/laundry-assistant-safety-interlock","","2026-10-02T14:09:13.9243761+05:30"
"80","laundry-assistant-adaptive-scheduling","OpenMakerProjects/laundry-assistant-adaptive-scheduling","public","published","True","https://github.com/OpenMakerProjects/laundry-assistant-adaptive-scheduling","","2026-10-02T14:09:32.0457007+05:30"
"81","pet-care-corner-live-dashboard","OpenMakerProjects/pet-care-corner-live-dashboard","public","published","True","https://github.com/OpenMakerProjects/pet-care-corner-live-dashboard","","2026-10-02T14:09:49.6254268+05:30"
"82","pet-care-corner-mobile-alerts","OpenMakerProjects/pet-care-corner-mobile-alerts","public","published","True","https://github.com/OpenMakerProjects/pet-care-corner-mobile-alerts","","2026-10-02T14:10:07.3642312+05:30"
"83","pet-care-corner-voice-control","OpenMakerProjects/pet-care-corner-voice-control","public","published","True","https://github.com/OpenMakerProjects/pet-care-corner-voice-control","","2026-10-02T14:10:24.7898837+05:30"
"84","pet-care-corner-energy-saver","OpenMakerProjects/pet-care-corner-energy-saver","public","published","True","https://github.com/OpenMakerProjects/pet-care-corner-energy-saver","","2026-10-02T14:10:42.7464949+05:30"
"85","pet-care-corner-predictive-maintenance","OpenMakerProjects/pet-care-corner-predictive-maintenance","public","published","True","https://github.com/OpenMakerProjects/pet-care-corner-predictive-maintenance","","2026-10-02T14:11:00.4870193+05:30"
"86","pet-care-corner-offline-automation","OpenMakerProjects/pet-care-corner-offline-automation","public","published","True","https://github.com/OpenMakerProjects/pet-care-corner-offline-automation","","2026-10-02T14:11:17.7452759+05:30"
"87","pet-care-corner-usage-analytics","OpenMakerProjects/pet-care-corner-usage-analytics","public","published","True","https://github.com/OpenMakerProjects/pet-care-corner-usage-analytics","","2026-10-02T14:11:35.4276461+05:30"
"88","pet-care-corner-multi-room-network","OpenMakerProjects/pet-care-corner-multi-room-network","public","published","True","https://github.com/OpenMakerProjects/pet-care-corner-multi-room-network","","2026-10-02T14:11:53.7882207+05:30"
"89","pet-care-corner-safety-interlock","OpenMakerProjects/pet-care-corner-safety-interlock","public","published","True","https://github.com/OpenMakerProjects/pet-care-corner-safety-interlock","","2026-10-02T14:12:11.1468429+05:30"
"90","pet-care-corner-adaptive-scheduling","OpenMakerProjects/pet-care-corner-adaptive-scheduling","public","published","True","https://github.com/OpenMakerProjects/pet-care-corner-adaptive-scheduling","","2026-10-02T14:12:28.7810036+05:30"
"91","home-occupancy-console-live-dashboard","OpenMakerProjects/home-occupancy-console-live-dashboard","public","published","True","https://github.com/OpenMakerProjects/home-occupancy-console-live-dashboard","","2026-10-02T14:12:47.0917584+05:30"
"92","home-occupancy-console-mobile-alerts","OpenMakerProjects/home-occupancy-console-mobile-alerts","public","published","True","https://github.com/OpenMakerProjects/home-occupancy-console-mobile-alerts","","2026-10-02T14:13:05.2655902+05:30"
"93","home-occupancy-console-voice-control","OpenMakerProjects/home-occupancy-console-voice-control","public","published","True","https://github.com/OpenMakerProjects/home-occupancy-console-voice-control","","2026-10-02T14:13:23.4422517+05:30"
"94","home-occupancy-console-energy-saver","OpenMakerProjects/home-occupancy-console-energy-saver","public","published","True","https://github.com/OpenMakerProjects/home-occupancy-console-energy-saver","","2026-10-02T14:13:42.3137836+05:30"
"95","home-occupancy-console-predictive-maintenance","OpenMakerProjects/home-occupancy-console-predictive-maintenance","public","published","True","https://github.com/OpenMakerProjects/home-occupancy-console-predictive-maintenance","","2026-10-02T14:14:00.6381267+05:30"
"96","home-occupancy-console-offline-automation","OpenMakerProjects/home-occupancy-console-offline-automation","public","published","True","https://github.com/OpenMakerProjects/home-occupancy-console-offline-automation","","2026-10-02T14:14:18.6814942+05:30"
"97","home-occupancy-console-usage-analytics","OpenMakerProjects/home-occupancy-console-usage-analytics","public","published","True","https://github.com/OpenMakerProjects/home-occupancy-console-usage-analytics","","2026-10-02T14:14:37.3564660+05:30"
"98","home-occupancy-console-multi-room-network","OpenMakerProjects/home-occupancy-console-multi-room-network","public","published","True","https://github.com/OpenMakerProjects/home-occupancy-console-multi-room-network","","2026-10-02T14:14:55.0577836+05:30"
"99","home-occupancy-console-safety-interlock","OpenMakerProjects/home-occupancy-console-safety-interlock","public","published","True","https://github.com/OpenMakerProjects/home-occupancy-console-safety-interlock","","2026-10-02T14:15:13.5297537+05:30"
"100","home-occupancy-console-adaptive-scheduling","OpenMakerProjects/home-occupancy-console-adaptive-scheduling","public","published","True","https://github.com/OpenMakerProjects/home-occupancy-console-adaptive-scheduling","","2026-10-02T14:15:31.4987053+05:30"
"101","greenhouse-climate-node-automated-watering","OpenMakerProjects/greenhouse-climate-node-automated-watering","public","published","True","https://github.com/OpenMakerProjects/greenhouse-climate-node-automated-watering","","2026-10-02T14:15:49.5460831+05:30"
"102","greenhouse-climate-node-disease-risk-alerts","OpenMakerProjects/greenhouse-climate-node-disease-risk-alerts","public","published","True","https://github.com/OpenMakerProjects/greenhouse-climate-node-disease-risk-alerts","","2026-10-02T14:16:07.0266902+05:30"
"103","greenhouse-climate-node-solar-power-management","OpenMakerProjects/greenhouse-climate-node-solar-power-management","public","published","True","https://github.com/OpenMakerProjects/greenhouse-climate-node-solar-power-management","","2026-10-02T14:16:24.6047595+05:30"
"104","greenhouse-climate-node-long-range-telemetry","OpenMakerProjects/greenhouse-climate-node-long-range-telemetry","public","published","True","https://github.com/OpenMakerProjects/greenhouse-climate-node-long-range-telemetry","","2026-10-02T14:16:42.3838757+05:30"
"105","greenhouse-climate-node-yield-data-logger","OpenMakerProjects/greenhouse-climate-node-yield-data-logger","public","published","True","https://github.com/OpenMakerProjects/greenhouse-climate-node-yield-data-logger","","2026-10-02T14:16:59.8972381+05:30"
"106","greenhouse-climate-node-nutrient-dosing","OpenMakerProjects/greenhouse-climate-node-nutrient-dosing","public","published","True","https://github.com/OpenMakerProjects/greenhouse-climate-node-nutrient-dosing","","2026-10-02T14:17:19.7876281+05:30"
"107","greenhouse-climate-node-frost-protection","OpenMakerProjects/greenhouse-climate-node-frost-protection","public","published","True","https://github.com/OpenMakerProjects/greenhouse-climate-node-frost-protection","","2026-10-02T14:17:37.6547890+05:30"
"108","greenhouse-climate-node-animal-intrusion-alarm","OpenMakerProjects/greenhouse-climate-node-animal-intrusion-alarm","public","published","True","https://github.com/OpenMakerProjects/greenhouse-climate-node-animal-intrusion-alarm","","2026-10-02T14:17:56.1060190+05:30"
"109","greenhouse-climate-node-weather-aware-scheduling","OpenMakerProjects/greenhouse-climate-node-weather-aware-scheduling","public","published","True","https://github.com/OpenMakerProjects/greenhouse-climate-node-weather-aware-scheduling","","2026-10-02T14:18:15.0175440+05:30"
"110","greenhouse-climate-node-camera-growth-tracking","OpenMakerProjects/greenhouse-climate-node-camera-growth-tracking","public","published","True","https://github.com/OpenMakerProjects/greenhouse-climate-node-camera-growth-tracking","","2026-10-02T14:18:33.1459691+05:30"
"111","seedling-nursery-monitor-automated-watering","OpenMakerProjects/seedling-nursery-monitor-automated-watering","public","published","True","https://github.com/OpenMakerProjects/seedling-nursery-monitor-automated-watering","","2026-10-02T14:18:52.1062353+05:30"
"112","seedling-nursery-monitor-disease-risk-alerts","OpenMakerProjects/seedling-nursery-monitor-disease-risk-alerts","public","published","True","https://github.com/OpenMakerProjects/seedling-nursery-monitor-disease-risk-alerts","","2026-10-02T14:19:10.0357151+05:30"
"113","seedling-nursery-monitor-solar-power-management","OpenMakerProjects/seedling-nursery-monitor-solar-power-management","public","published","True","https://github.com/OpenMakerProjects/seedling-nursery-monitor-solar-power-management","","2026-10-02T14:19:28.1111627+05:30"
"114","seedling-nursery-monitor-long-range-telemetry","OpenMakerProjects/seedling-nursery-monitor-long-range-telemetry","public","published","True","https://github.com/OpenMakerProjects/seedling-nursery-monitor-long-range-telemetry","","2026-10-02T14:19:45.8949846+05:30"
"115","seedling-nursery-monitor-yield-data-logger","OpenMakerProjects/seedling-nursery-monitor-yield-data-logger","public","published","True","https://github.com/OpenMakerProjects/seedling-nursery-monitor-yield-data-logger","","2026-10-02T14:20:04.1653396+05:30"
"116","seedling-nursery-monitor-nutrient-dosing","OpenMakerProjects/seedling-nursery-monitor-nutrient-dosing","public","published","True","https://github.com/OpenMakerProjects/seedling-nursery-monitor-nutrient-dosing","","2026-10-02T14:20:21.8958841+05:30"
"117","seedling-nursery-monitor-frost-protection","OpenMakerProjects/seedling-nursery-monitor-frost-protection","public","published","True","https://github.com/OpenMakerProjects/seedling-nursery-monitor-frost-protection","","2026-10-02T14:20:40.3905584+05:30"
"118","seedling-nursery-monitor-animal-intrusion-alarm","OpenMakerProjects/seedling-nursery-monitor-animal-intrusion-alarm","public","published","True","https://github.com/OpenMakerProjects/seedling-nursery-monitor-animal-intrusion-alarm","","2026-10-02T14:20:57.9231261+05:30"
"119","seedling-nursery-monitor-weather-aware-scheduling","OpenMakerProjects/seedling-nursery-monitor-weather-aware-scheduling","public","published","True","https://github.com/OpenMakerProjects/seedling-nursery-monitor-weather-aware-scheduling","","2026-10-02T14:21:15.7797140+05:30"
"120","seedling-nursery-monitor-camera-growth-tracking","OpenMakerProjects/seedling-nursery-monitor-camera-growth-tracking","public","published","True","https://github.com/OpenMakerProjects/seedling-nursery-monitor-camera-growth-tracking","","2026-10-02T14:21:33.4727908+05:30"
"121","hydroponic-nutrient-station-automated-watering","OpenMakerProjects/hydroponic-nutrient-station-automated-watering","public","published","True","https://github.com/OpenMakerProjects/hydroponic-nutrient-station-automated-watering","","2026-10-02T14:21:51.1592014+05:30"
"122","hydroponic-nutrient-station-disease-risk-alerts","OpenMakerProjects/hydroponic-nutrient-station-disease-risk-alerts","public","published","True","https://github.com/OpenMakerProjects/hydroponic-nutrient-station-disease-risk-alerts","","2026-10-02T14:22:09.4359712+05:30"
"123","hydroponic-nutrient-station-solar-power-management","OpenMakerProjects/hydroponic-nutrient-station-solar-power-management","public","published","True","https://github.com/OpenMakerProjects/hydroponic-nutrient-station-solar-power-management","","2026-10-02T14:22:28.3479402+05:30"
"124","hydroponic-nutrient-station-long-range-telemetry","OpenMakerProjects/hydroponic-nutrient-station-long-range-telemetry","public","published","True","https://github.com/OpenMakerProjects/hydroponic-nutrient-station-long-range-telemetry","","2026-10-02T14:22:49.5789950+05:30"
"125","hydroponic-nutrient-station-yield-data-logger","OpenMakerProjects/hydroponic-nutrient-station-yield-data-logger","public","published","True","https://github.com/OpenMakerProjects/hydroponic-nutrient-station-yield-data-logger","","2026-10-02T14:23:06.8967273+05:30"
"126","hydroponic-nutrient-station-nutrient-dosing","OpenMakerProjects/hydroponic-nutrient-station-nutrient-dosing","public","published","True","https://github.com/OpenMakerProjects/hydroponic-nutrient-station-nutrient-dosing","","2026-10-02T14:23:24.5685637+05:30"
"127","hydroponic-nutrient-station-frost-protection","OpenMakerProjects/hydroponic-nutrient-station-frost-protection","public","published","True","https://github.com/OpenMakerProjects/hydroponic-nutrient-station-frost-protection","","2026-10-02T14:23:41.9326295+05:30"
"128","hydroponic-nutrient-station-animal-intrusion-alarm","OpenMakerProjects/hydroponic-nutrient-station-animal-intrusion-alarm","public","published","True","https://github.com/OpenMakerProjects/hydroponic-nutrient-station-animal-intrusion-alarm","","2026-10-02T14:24:00.5210385+05:30"
"129","hydroponic-nutrient-station-weather-aware-scheduling","OpenMakerProjects/hydroponic-nutrient-station-weather-aware-scheduling","public","published","True","https://github.com/OpenMakerProjects/hydroponic-nutrient-station-weather-aware-scheduling","","2026-10-02T14:24:18.8364784+05:30"
"130","hydroponic-nutrient-station-camera-growth-tracking","OpenMakerProjects/hydroponic-nutrient-station-camera-growth-tracking","public","published","True","https://github.com/OpenMakerProjects/hydroponic-nutrient-station-camera-growth-tracking","","2026-10-02T14:24:37.4018795+05:30"
"131","orchard-irrigation-controller-automated-watering","OpenMakerProjects/orchard-irrigation-controller-automated-watering","public","published","True","https://github.com/OpenMakerProjects/orchard-irrigation-controller-automated-watering","","2026-10-02T14:24:55.5155482+05:30"
"132","orchard-irrigation-controller-disease-risk-alerts","OpenMakerProjects/orchard-irrigation-controller-disease-risk-alerts","public","published","True","https://github.com/OpenMakerProjects/orchard-irrigation-controller-disease-risk-alerts","","2026-10-02T14:25:13.4015312+05:30"
"133","orchard-irrigation-controller-solar-power-management","OpenMakerProjects/orchard-irrigation-controller-solar-power-management","public","published","True","https://github.com/OpenMakerProjects/orchard-irrigation-controller-solar-power-management","","2026-10-02T14:25:30.7237822+05:30"
"134","orchard-irrigation-controller-long-range-telemetry","OpenMakerProjects/orchard-irrigation-controller-long-range-telemetry","public","published","True","https://github.com/OpenMakerProjects/orchard-irrigation-controller-long-range-telemetry","","2026-10-02T14:25:49.4905222+05:30"
"135","orchard-irrigation-controller-yield-data-logger","OpenMakerProjects/orchard-irrigation-controller-yield-data-logger","public","published","True","https://github.com/OpenMakerProjects/orchard-irrigation-controller-yield-data-logger","","2026-10-02T14:26:07.0052383+05:30"
"136","orchard-irrigation-controller-nutrient-dosing","OpenMakerProjects/orchard-irrigation-controller-nutrient-dosing","public","published","True","https://github.com/OpenMakerProjects/orchard-irrigation-controller-nutrient-dosing","","2026-10-02T14:26:24.7668319+05:30"
"137","orchard-irrigation-controller-frost-protection","OpenMakerProjects/orchard-irrigation-controller-frost-protection","public","published","True","https://github.com/OpenMakerProjects/orchard-irrigation-controller-frost-protection","","2026-10-02T14:26:41.9863429+05:30"
"138","orchard-irrigation-controller-animal-intrusion-alarm","OpenMakerProjects/orchard-irrigation-controller-animal-intrusion-alarm","public","published","True","https://github.com/OpenMakerProjects/orchard-irrigation-controller-animal-intrusion-alarm","","2026-10-02T14:27:01.7170380+05:30"
"139","orchard-irrigation-controller-weather-aware-scheduling","OpenMakerProjects/orchard-irrigation-controller-weather-aware-scheduling","public","published","True","https://github.com/OpenMakerProjects/orchard-irrigation-controller-weather-aware-scheduling","","2026-10-02T14:27:18.9005579+05:30"
"140","orchard-irrigation-controller-camera-growth-tracking","OpenMakerProjects/orchard-irrigation-controller-camera-growth-tracking","public","published","True","https://github.com/OpenMakerProjects/orchard-irrigation-controller-camera-growth-tracking","","2026-10-02T14:27:36.8255697+05:30"
"141","poultry-environment-monitor-automated-watering","OpenMakerProjects/poultry-environment-monitor-automated-watering","public","published","True","https://github.com/OpenMakerProjects/poultry-environment-monitor-automated-watering","","2026-10-02T14:27:54.8370287+05:30"
"142","poultry-environment-monitor-disease-risk-alerts","OpenMakerProjects/poultry-environment-monitor-disease-risk-alerts","public","published","True","https://github.com/OpenMakerProjects/poultry-environment-monitor-disease-risk-alerts","","2026-10-02T14:28:12.6930686+05:30"
"143","poultry-environment-monitor-solar-power-management","OpenMakerProjects/poultry-environment-monitor-solar-power-management","public","published","True","https://github.com/OpenMakerProjects/poultry-environment-monitor-solar-power-management","","2026-10-02T14:28:31.4136870+05:30"
"144","poultry-environment-monitor-long-range-telemetry","OpenMakerProjects/poultry-environment-monitor-long-range-telemetry","public","published","True","https://github.com/OpenMakerProjects/poultry-environment-monitor-long-range-telemetry","","2026-10-02T14:28:49.5538105+05:30"
"145","poultry-environment-monitor-yield-data-logger","OpenMakerProjects/poultry-environment-monitor-yield-data-logger","public","published","True","https://github.com/OpenMakerProjects/poultry-environment-monitor-yield-data-logger","","2026-10-02T14:29:07.3669963+05:30"
"146","poultry-environment-monitor-nutrient-dosing","OpenMakerProjects/poultry-environment-monitor-nutrient-dosing","public","published","True","https://github.com/OpenMakerProjects/poultry-environment-monitor-nutrient-dosing","","2026-10-02T14:29:24.4339806+05:30"
"147","poultry-environment-monitor-frost-protection","OpenMakerProjects/poultry-environment-monitor-frost-protection","public","published","True","https://github.com/OpenMakerProjects/poultry-environment-monitor-frost-protection","","2026-10-02T14:29:42.1667462+05:30"
"148","poultry-environment-monitor-animal-intrusion-alarm","OpenMakerProjects/poultry-environment-monitor-animal-intrusion-alarm","public","published","True","https://github.com/OpenMakerProjects/poultry-environment-monitor-animal-intrusion-alarm","","2026-10-02T14:30:00.2668038+05:30"
"149","poultry-environment-monitor-weather-aware-scheduling","OpenMakerProjects/poultry-environment-monitor-weather-aware-scheduling","public","published","True","https://github.com/OpenMakerProjects/poultry-environment-monitor-weather-aware-scheduling","","2026-10-02T14:30:17.8222385+05:30"
"150","poultry-environment-monitor-camera-growth-tracking","OpenMakerProjects/poultry-environment-monitor-camera-growth-tracking","public","published","True","https://github.com/OpenMakerProjects/poultry-environment-monitor-camera-growth-tracking","","2026-10-02T14:30:35.3872297+05:30"
"151","beehive-activity-logger-automated-watering","OpenMakerProjects/beehive-activity-logger-automated-watering","public","failed","False","https://github.com/OpenMakerProjects/beehive-activity-logger-automated-watering","Could not create OpenMakerProjects/beehive-activity-logger-automated-watering
GraphQL: You have created too many repositories, too quickly. Please try again later. (createRepository)","2026-10-02T14:30:48.4063300+05:30"
"152","beehive-activity-logger-disease-risk-alerts","OpenMakerProjects/beehive-activity-logger-disease-risk-alerts","public","failed","False","https://github.com/OpenMakerProjects/beehive-activity-logger-disease-risk-alerts","Could not create OpenMakerProjects/beehive-activity-logger-disease-risk-alerts
GraphQL: You have created too many repositories, too quickly. Please try again later. (createRepository)","2026-10-02T14:30:51.0611056+05:30"
"153","beehive-activity-logger-solar-power-management","OpenMakerProjects/beehive-activity-logger-solar-power-management","public","failed","False","https://github.com/OpenMakerProjects/beehive-activity-logger-solar-power-management","Could not create OpenMakerProjects/beehive-activity-logger-solar-power-management
GraphQL: You have created too many repositories, too quickly. Please try again later. (createRepository)","2026-10-02T14:30:54.3600294+05:30"
"154","beehive-activity-logger-long-range-telemetry","OpenMakerProjects/beehive-activity-logger-long-range-telemetry","public","failed","False","https://github.com/OpenMakerProjects/beehive-activity-logger-long-range-telemetry","Could not create OpenMakerProjects/beehive-activity-logger-long-range-telemetry
GraphQL: You have created too many repositories, too quickly. Please try again later. (createRepository)","2026-10-02T14:30:57.3411737+05:30"
"155","beehive-activity-logger-yield-data-logger","OpenMakerProjects/beehive-activity-logger-yield-data-logger","public","failed","False","https://github.com/OpenMakerProjects/beehive-activity-logger-yield-data-logger","Could not create OpenMakerProjects/beehive-activity-logger-yield-data-logger
GraphQL: You have created too many repositories, too quickly. Please try again later. (createRepository)","2026-10-02T14:31:00.1910749+05:30"
"156","beehive-activity-logger-nutrient-dosing","OpenMakerProjects/beehive-activity-logger-nutrient-dosing","public","failed","False","https://github.com/OpenMakerProjects/beehive-activity-logger-nutrient-dosing","Could not create OpenMakerProjects/beehive-activity-logger-nutrient-dosing
GraphQL: You have created too many repositories, too quickly. Please try again later. (createRepository)","2026-10-02T14:31:03.0682918+05:30"
"157","beehive-activity-logger-frost-protection","OpenMakerProjects/beehive-activity-logger-frost-protection","public","failed","False","https://github.com/OpenMakerProjects/beehive-activity-logger-frost-protection","Could not create OpenMakerProjects/beehive-activity-logger-frost-protection
GraphQL: You have created too many repositories, too quickly. Please try again later. (createRepository)","2026-10-02T14:31:05.9299993+05:30"
"158","beehive-activity-logger-animal-intrusion-alarm","OpenMakerProjects/beehive-activity-logger-animal-intrusion-alarm","public","failed","False","https://github.com/OpenMakerProjects/beehive-activity-logger-animal-intrusion-alarm","Could not create OpenMakerProjects/beehive-activity-logger-animal-intrusion-alarm
GraphQL: You have created too many repositories, too quickly. Please try again later. (createRepository)","2026-10-02T14:31:09.4712081+05:30"
"159","beehive-activity-logger-weather-aware-scheduling","OpenMakerProjects/beehive-activity-logger-weather-aware-scheduling","public","failed","False","https://github.com/OpenMakerProjects/beehive-activity-logger-weather-aware-scheduling","Could not create OpenMakerProjects/beehive-activity-logger-weather-aware-scheduling
GraphQL: You have created too many repositories, too quickly. Please try again later. (createRepository)","2026-10-02T14:31:12.3511526+05:30"
"160","beehive-activity-logger-camera-growth-tracking","OpenMakerProjects/beehive-activity-logger-camera-growth-tracking","public","failed","False","https://github.com/OpenMakerProjects/beehive-activity-logger-camera-growth-tracking","Could not create OpenMakerProjects/beehive-activity-logger-camera-growth-tracking
GraphQL: You have created too many repositories, too quickly. Please try again later. (createRepository)","2026-10-02T14:31:15.1728227+05:30"
"161","mushroom-grow-chamber-automated-watering","OpenMakerProjects/mushroom-grow-chamber-automated-watering","public","failed","False","https://github.com/OpenMakerProjects/mushroom-grow-chamber-automated-watering","Could not create OpenMakerProjects/mushroom-grow-chamber-automated-watering
GraphQL: You have created too many repositories, too quickly. Please try again later. (createRepository)","2026-10-02T14:31:17.9487776+05:30"
"162","mushroom-grow-chamber-disease-risk-alerts","OpenMakerProjects/mushroom-grow-chamber-disease-risk-alerts","public","failed","False","https://github.com/OpenMakerProjects/mushroom-grow-chamber-disease-risk-alerts","Could not create OpenMakerProjects/mushroom-grow-chamber-disease-risk-alerts
GraphQL: You have created too many repositories, too quickly. Please try again later. (createRepository)","2026-10-02T14:31:20.8231415+05:30"
"163","mushroom-grow-chamber-solar-power-management","OpenMakerProjects/mushroom-grow-chamber-solar-power-management","public","failed","False","https://github.com/OpenMakerProjects/mushroom-grow-chamber-solar-power-management","Could not create OpenMakerProjects/mushroom-grow-chamber-solar-power-management
GraphQL: You have created too many repositories, too quickly. Please try again later. (createRepository)","2026-10-02T14:31:23.4848380+05:30"
"164","mushroom-grow-chamber-long-range-telemetry","OpenMakerProjects/mushroom-grow-chamber-long-range-telemetry","public","failed","False","https://github.com/OpenMakerProjects/mushroom-grow-chamber-long-range-telemetry","Could not create OpenMakerProjects/mushroom-grow-chamber-long-range-telemetry
GraphQL: You have created too many repositories, too quickly. Please try again later. (createRepository)","2026-10-02T14:31:27.1474166+05:30"
"165","mushroom-grow-chamber-yield-data-logger","OpenMakerProjects/mushroom-grow-chamber-yield-data-logger","public","failed","False","https://github.com/OpenMakerProjects/mushroom-grow-chamber-yield-data-logger","Could not create OpenMakerProjects/mushroom-grow-chamber-yield-data-logger
GraphQL: You have created too many repositories, too quickly. Please try again later. (createRepository)","2026-10-02T14:31:29.7627921+05:30"
"166","mushroom-grow-chamber-nutrient-dosing","OpenMakerProjects/mushroom-grow-chamber-nutrient-dosing","public","failed","False","https://github.com/OpenMakerProjects/mushroom-grow-chamber-nutrient-dosing","Could not create OpenMakerProjects/mushroom-grow-chamber-nutrient-dosing
GraphQL: You have created too many repositories, too quickly. Please try again later. (createRepository)","2026-10-02T14:31:32.9822628+05:30"
"167","mushroom-grow-chamber-frost-protection","OpenMakerProjects/mushroom-grow-chamber-frost-protection","public","failed","False","https://github.com/OpenMakerProjects/mushroom-grow-chamber-frost-protection","Could not create OpenMakerProjects/mushroom-grow-chamber-frost-protection
GraphQL: You have created too many repositories, too quickly. Please try again later. (createRepository)","2026-10-02T14:31:35.4887791+05:30"
"168","mushroom-grow-chamber-animal-intrusion-alarm","OpenMakerProjects/mushroom-grow-chamber-animal-intrusion-alarm","public","failed","False","https://github.com/OpenMakerProjects/mushroom-grow-chamber-animal-intrusion-alarm","Could not create OpenMakerProjects/mushroom-grow-chamber-animal-intrusion-alarm
GraphQL: You have created too many repositories, too quickly. Please try again later. (createRepository)","2026-10-02T14:31:38.4513701+05:30"
"169","mushroom-grow-chamber-weather-aware-scheduling","OpenMakerProjects/mushroom-grow-chamber-weather-aware-scheduling","public","failed","False","https://github.com/OpenMakerProjects/mushroom-grow-chamber-weather-aware-scheduling","Could not create OpenMakerProjects/mushroom-grow-chamber-weather-aware-scheduling
GraphQL: You have created too many repositories, too quickly. Please try again later. (createRepository)","2026-10-02T14:31:40.9901094+05:30"
"170","mushroom-grow-chamber-camera-growth-tracking","OpenMakerProjects/mushroom-grow-chamber-camera-growth-tracking","public","failed","False","https://github.com/OpenMakerProjects/mushroom-grow-chamber-camera-growth-tracking","Could not create OpenMakerProjects/mushroom-grow-chamber-camera-growth-tracking
GraphQL: You have created too many repositories, too quickly. Please try again later. (createRepository)","2026-10-02T14:31:43.9388601+05:30"
"171","vertical-farm-controller-automated-watering","OpenMakerProjects/vertical-farm-controller-automated-watering","public","failed","False","https://github.com/OpenMakerProjects/vertical-farm-controller-automated-watering","Could not create OpenMakerProjects/vertical-farm-controller-automated-watering
GraphQL: You have created too many repositories, too quickly. Please try again later. (createRepository)","2026-10-02T14:31:46.9149077+05:30"
"172","vertical-farm-controller-disease-risk-alerts","OpenMakerProjects/vertical-farm-controller-disease-risk-alerts","public","failed","False","https://github.com/OpenMakerProjects/vertical-farm-controller-disease-risk-alerts","Could not create OpenMakerProjects/vertical-farm-controller-disease-risk-alerts
GraphQL: You have created too many repositories, too quickly. Please try again later. (createRepository)","2026-10-02T14:31:49.6470893+05:30"
"173","vertical-farm-controller-solar-power-management","OpenMakerProjects/vertical-farm-controller-solar-power-management","public","failed","False","https://github.com/OpenMakerProjects/vertical-farm-controller-solar-power-management","Could not create OpenMakerProjects/vertical-farm-controller-solar-power-management
GraphQL: You have created too many repositories, too quickly. Please try again later. (createRepository)","2026-10-02T14:31:52.5076197+05:30"
"174","vertical-farm-controller-long-range-telemetry","OpenMakerProjects/vertical-farm-controller-long-range-telemetry","public","failed","False","https://github.com/OpenMakerProjects/vertical-farm-controller-long-range-telemetry","Could not create OpenMakerProjects/vertical-farm-controller-long-range-telemetry
GraphQL: You have created too many repositories, too quickly. Please try again later. (createRepository)","2026-10-02T14:31:55.4066604+05:30"
"175","vertical-farm-controller-yield-data-logger","OpenMakerProjects/vertical-farm-controller-yield-data-logger","public","failed","False","https://github.com/OpenMakerProjects/vertical-farm-controller-yield-data-logger","Could not create OpenMakerProjects/vertical-farm-controller-yield-data-logger
GraphQL: You have created too many repositories, too quickly. Please try again later. (createRepository)","2026-10-02T14:31:58.4305884+05:30"
"176","vertical-farm-controller-nutrient-dosing","OpenMakerProjects/vertical-farm-controller-nutrient-dosing","public","failed","False","https://github.com/OpenMakerProjects/vertical-farm-controller-nutrient-dosing","Could not create OpenMakerProjects/vertical-farm-controller-nutrient-dosing
GraphQL: You have created too many repositories, too quickly. Please try again later. (createRepository)","2026-10-02T14:32:01.9407499+05:30"
"177","vertical-farm-controller-frost-protection","OpenMakerProjects/vertical-farm-controller-frost-protection","public","failed","False","https://github.com/OpenMakerProjects/vertical-farm-controller-frost-protection","Could not create OpenMakerProjects/vertical-farm-controller-frost-protection
GraphQL: You have created too many repositories, too quickly. Please try again later. (createRepository)","2026-10-02T14:32:04.6607871+05:30"
"178","vertical-farm-controller-animal-intrusion-alarm","OpenMakerProjects/vertical-farm-controller-animal-intrusion-alarm","public","failed","False","https://github.com/OpenMakerProjects/vertical-farm-controller-animal-intrusion-alarm","Could not create OpenMakerProjects/vertical-farm-controller-animal-intrusion-alarm
GraphQL: You have created too many repositories, too quickly. Please try again later. (createRepository)","2026-10-02T14:32:07.4172500+05:30"
"179","vertical-farm-controller-weather-aware-scheduling","OpenMakerProjects/vertical-farm-controller-weather-aware-scheduling","public","failed","False","https://github.com/OpenMakerProjects/vertical-farm-controller-weather-aware-scheduling","Could not create OpenMakerProjects/vertical-farm-controller-weather-aware-scheduling
GraphQL: You have created too many repositories, too quickly. Please try again later. (createRepository)","2026-10-02T14:32:10.3353952+05:30"
"180","vertical-farm-controller-camera-growth-tracking","OpenMakerProjects/vertical-farm-controller-camera-growth-tracking","public","failed","False","https://github.com/OpenMakerProjects/vertical-farm-controller-camera-growth-tracking","Could not create OpenMakerProjects/vertical-farm-controller-camera-growth-tracking
GraphQL: You have created too many repositories, too quickly. Please try again later. (createRepository)","2026-10-02T14:32:13.2521791+05:30"
"181","compost-condition-monitor-automated-watering","OpenMakerProjects/compost-condition-monitor-automated-watering","public","failed","False","https://github.com/OpenMakerProjects/compost-condition-monitor-automated-watering","Could not create OpenMakerProjects/compost-condition-monitor-automated-watering
GraphQL: You have created too many repositories, too quickly. Please try again later. (createRepository)","2026-10-02T14:32:16.1579149+05:30"
"182","compost-condition-monitor-disease-risk-alerts","OpenMakerProjects/compost-condition-monitor-disease-risk-alerts","public","failed","False","https://github.com/OpenMakerProjects/compost-condition-monitor-disease-risk-alerts","Could not create OpenMakerProjects/compost-condition-monitor-disease-risk-alerts
GraphQL: You have created too many repositories, too quickly. Please try again later. (createRepository)","2026-10-02T14:32:19.2477674+05:30"
"183","compost-condition-monitor-solar-power-management","OpenMakerProjects/compost-condition-monitor-solar-power-management","public","failed","False","https://github.com/OpenMakerProjects/compost-condition-monitor-solar-power-management","Could not create OpenMakerProjects/compost-condition-monitor-solar-power-management
GraphQL: You have created too many repositories, too quickly. Please try again later. (createRepository)","2026-10-02T14:32:21.9919999+05:30"
"184","compost-condition-monitor-long-range-telemetry","OpenMakerProjects/compost-condition-monitor-long-range-telemetry","public","failed","False","https://github.com/OpenMakerProjects/compost-condition-monitor-long-range-telemetry","Could not create OpenMakerProjects/compost-condition-monitor-long-range-telemetry
GraphQL: You have created too many repositories, too quickly. Please try again later. (createRepository)","2026-10-02T14:32:24.7474113+05:30"
"185","compost-condition-monitor-yield-data-logger","OpenMakerProjects/compost-condition-monitor-yield-data-logger","public","failed","False","https://github.com/OpenMakerProjects/compost-condition-monitor-yield-data-logger","Could not create OpenMakerProjects/compost-condition-monitor-yield-data-logger
GraphQL: You have created too many repositories, too quickly. Please try again later. (createRepository)","2026-10-02T14:32:27.5940450+05:30"
"186","compost-condition-monitor-nutrient-dosing","OpenMakerProjects/compost-condition-monitor-nutrient-dosing","public","failed","False","https://github.com/OpenMakerProjects/compost-condition-monitor-nutrient-dosing","Could not create OpenMakerProjects/compost-condition-monitor-nutrient-dosing
GraphQL: You have created too many repositories, too quickly. Please try again later. (createRepository)","2026-10-02T14:32:30.4936127+05:30"
"187","compost-condition-monitor-frost-protection","OpenMakerProjects/compost-condition-monitor-frost-protection","public","failed","False","https://github.com/OpenMakerProjects/compost-condition-monitor-frost-protection","Could not create OpenMakerProjects/compost-condition-monitor-frost-protection
GraphQL: You have created too many repositories, too quickly. Please try again later. (createRepository)","2026-10-02T14:32:33.4652096+05:30"
"188","compost-condition-monitor-animal-intrusion-alarm","OpenMakerProjects/compost-condition-monitor-animal-intrusion-alarm","public","failed","False","https://github.com/OpenMakerProjects/compost-condition-monitor-animal-intrusion-alarm","Could not create OpenMakerProjects/compost-condition-monitor-animal-intrusion-alarm
GraphQL: You have created too many repositories, too quickly. Please try again later. (createRepository)","2026-10-02T14:32:36.2256290+05:30"
"189","compost-condition-monitor-weather-aware-scheduling","OpenMakerProjects/compost-condition-monitor-weather-aware-scheduling","public","failed","False","https://github.com/OpenMakerProjects/compost-condition-monitor-weather-aware-scheduling","Could not create OpenMakerProjects/compost-condition-monitor-weather-aware-scheduling
GraphQL: You have created too many repositories, too quickly. Please try again later. (createRepository)","2026-10-02T14:32:39.0720087+05:30"
"190","compost-condition-monitor-camera-growth-tracking","OpenMakerProjects/compost-condition-monitor-camera-growth-tracking","public","failed","False","https://github.com/OpenMakerProjects/compost-condition-monitor-camera-growth-tracking","Could not create OpenMakerProjects/compost-condition-monitor-camera-growth-tracking
GraphQL: You have created too many repositories, too quickly. Please try again later. (createRepository)","2026-10-02T14:32:42.4001327+05:30"
"191","crop-storage-guardian-automated-watering","OpenMakerProjects/crop-storage-guardian-automated-watering","public","failed","False","https://github.com/OpenMakerProjects/crop-storage-guardian-automated-watering","Could not create OpenMakerProjects/crop-storage-guardian-automated-watering
GraphQL: You have created too many repositories, too quickly. Please try again later. (createRepository)","2026-10-02T14:32:45.3522642+05:30"
"192","crop-storage-guardian-disease-risk-alerts","OpenMakerProjects/crop-storage-guardian-disease-risk-alerts","public","failed","False","https://github.com/OpenMakerProjects/crop-storage-guardian-disease-risk-alerts","Could not create OpenMakerProjects/crop-storage-guardian-disease-risk-alerts
GraphQL: You have created too many repositories, too quickly. Please try again later. (createRepository)","2026-10-02T14:32:48.0216948+05:30"
"193","crop-storage-guardian-solar-power-management","OpenMakerProjects/crop-storage-guardian-solar-power-management","public","failed","False","https://github.com/OpenMakerProjects/crop-storage-guardian-solar-power-management","Could not create OpenMakerProjects/crop-storage-guardian-solar-power-management
GraphQL: You have created too many repositories, too quickly. Please try again later. (createRepository)","2026-10-02T14:32:50.7980236+05:30"
"194","crop-storage-guardian-long-range-telemetry","OpenMakerProjects/crop-storage-guardian-long-range-telemetry","public","failed","False","https://github.com/OpenMakerProjects/crop-storage-guardian-long-range-telemetry","Could not create OpenMakerProjects/crop-storage-guardian-long-range-telemetry
GraphQL: You have created too many repositories, too quickly. Please try again later. (createRepository)","2026-10-02T14:32:53.8227418+05:30"
"195","crop-storage-guardian-yield-data-logger","OpenMakerProjects/crop-storage-guardian-yield-data-logger","public","failed","False","https://github.com/OpenMakerProjects/crop-storage-guardian-yield-data-logger","Could not create OpenMakerProjects/crop-storage-guardian-yield-data-logger
GraphQL: You have created too many repositories, too quickly. Please try again later. (createRepository)","2026-10-02T14:32:56.7296265+05:30"
"196","crop-storage-guardian-nutrient-dosing","OpenMakerProjects/crop-storage-guardian-nutrient-dosing","public","failed","False","https://github.com/OpenMakerProjects/crop-storage-guardian-nutrient-dosing","Could not create OpenMakerProjects/crop-storage-guardian-nutrient-dosing
GraphQL: You have created too many repositories, too quickly. Please try again later. (createRepository)","2026-10-02T14:33:00.0583508+05:30"
"197","crop-storage-guardian-frost-protection","OpenMakerProjects/crop-storage-guardian-frost-protection","public","failed","False","https://github.com/OpenMakerProjects/crop-storage-guardian-frost-protection","Could not create OpenMakerProjects/crop-storage-guardian-frost-protection
GraphQL: You have created too many repositories, too quickly. Please try again later. (createRepository)","2026-10-02T14:33:03.1081956+05:30"
"198","crop-storage-guardian-animal-intrusion-alarm","OpenMakerProjects/crop-storage-guardian-animal-intrusion-alarm","public","failed","False","https://github.com/OpenMakerProjects/crop-storage-guardian-animal-intrusion-alarm","Could not create OpenMakerProjects/crop-storage-guardian-animal-intrusion-alarm
GraphQL: You have created too many repositories, too quickly. Please try again later. (createRepository)","2026-10-02T14:33:06.1521550+05:30"
"199","crop-storage-guardian-weather-aware-scheduling","OpenMakerProjects/crop-storage-guardian-weather-aware-scheduling","public","failed","False","https://github.com/OpenMakerProjects/crop-storage-guardian-weather-aware-scheduling","Could not create OpenMakerProjects/crop-storage-guardian-weather-aware-scheduling
GraphQL: You have created too many repositories, too quickly. Please try again later. (createRepository)","2026-10-02T14:33:08.9683093+05:30"
"200","crop-storage-guardian-camera-growth-tracking","OpenMakerProjects/crop-storage-guardian-camera-growth-tracking","public","failed","False","https://github.com/OpenMakerProjects/crop-storage-guardian-camera-growth-tracking","Could not create OpenMakerProjects/crop-storage-guardian-camera-growth-tracking
GraphQL: You have created too many repositories, too quickly. Please try again later. (createRepository)","2026-10-02T14:33:12.2158075+05:30"
"201","urban-air-station-real-time-mapping","OpenMakerProjects/urban-air-station-real-time-mapping","public","failed","False","https://github.com/OpenMakerProjects/urban-air-station-real-time-mapping","Could not create OpenMakerProjects/urban-air-station-real-time-mapping
GraphQL: You have created too many repositories, too quickly. Please try again later. (createRepository)","2026-10-02T14:33:15.0118861+05:30"
"202","urban-air-station-threshold-alerts","OpenMakerProjects/urban-air-station-threshold-alerts","public","failed","False","https://github.com/OpenMakerProjects/urban-air-station-threshold-alerts","Could not create OpenMakerProjects/urban-air-station-threshold-alerts
GraphQL: You have created too many repositories, too quickly. Please try again later. (createRepository)","2026-10-02T14:33:17.8333668+05:30"
"203","urban-air-station-long-term-logging","OpenMakerProjects/urban-air-station-long-term-logging","public","failed","False","https://github.com/OpenMakerProjects/urban-air-station-long-term-logging","Could not create OpenMakerProjects/urban-air-station-long-term-logging
GraphQL: You have created too many repositories, too quickly. Please try again later. (createRepository)","2026-10-02T14:33:20.8142309+05:30"
"204","urban-air-station-citizen-science-mode","OpenMakerProjects/urban-air-station-citizen-science-mode","public","failed","False","https://github.com/OpenMakerProjects/urban-air-station-citizen-science-mode","Could not create OpenMakerProjects/urban-air-station-citizen-science-mode
GraphQL: You have created too many repositories, too quickly. Please try again later. (createRepository)","2026-10-02T14:33:23.7495424+05:30"
"205","urban-air-station-calibration-assistant","OpenMakerProjects/urban-air-station-calibration-assistant","public","failed","False","https://github.com/OpenMakerProjects/urban-air-station-calibration-assistant","Could not create OpenMakerProjects/urban-air-station-calibration-assistant
GraphQL: You have created too many repositories, too quickly. Please try again later. (createRepository)","2026-10-02T14:33:26.8263481+05:30"
"206","urban-air-station-solar-remote-operation","OpenMakerProjects/urban-air-station-solar-remote-operation","public","failed","False","https://github.com/OpenMakerProjects/urban-air-station-solar-remote-operation","Could not create OpenMakerProjects/urban-air-station-solar-remote-operation
GraphQL: You have created too many repositories, too quickly. Please try again later. (createRepository)","2026-10-02T14:33:30.2143086+05:30"
"207","urban-air-station-pollution-source-tracking","OpenMakerProjects/urban-air-station-pollution-source-tracking","public","failed","False","https://github.com/OpenMakerProjects/urban-air-station-pollution-source-tracking","Could not create OpenMakerProjects/urban-air-station-pollution-source-tracking
GraphQL: You have created too many repositories, too quickly. Please try again later. (createRepository)","2026-10-02T14:33:33.1672887+05:30"
"208","urban-air-station-open-data-export","OpenMakerProjects/urban-air-station-open-data-export","public","failed","False","https://github.com/OpenMakerProjects/urban-air-station-open-data-export","Could not create OpenMakerProjects/urban-air-station-open-data-export
GraphQL: You have created too many repositories, too quickly. Please try again later. (createRepository)","2026-10-02T14:33:36.2321367+05:30"
"209","urban-air-station-anomaly-detection","OpenMakerProjects/urban-air-station-anomaly-detection","public","failed","False","https://github.com/OpenMakerProjects/urban-air-station-anomaly-detection","Could not create OpenMakerProjects/urban-air-station-anomaly-detection
GraphQL: You have created too many repositories, too quickly. Please try again later. (createRepository)","2026-10-02T14:33:39.4056092+05:30"
"210","urban-air-station-public-status-display","OpenMakerProjects/urban-air-station-public-status-display","public","failed","False","https://github.com/OpenMakerProjects/urban-air-station-public-status-display","Could not create OpenMakerProjects/urban-air-station-public-status-display
GraphQL: You have created too many repositories, too quickly. Please try again later. (createRepository)","2026-10-02T14:33:42.1571079+05:30"
"211","forest-condition-node-real-time-mapping","OpenMakerProjects/forest-condition-node-real-time-mapping","public","failed","False","https://github.com/OpenMakerProjects/forest-condition-node-real-time-mapping","Could not create OpenMakerProjects/forest-condition-node-real-time-mapping
GraphQL: You have created too many repositories, too quickly. Please try again later. (createRepository)","2026-10-02T14:33:45.1376818+05:30"
"212","forest-condition-node-threshold-alerts","OpenMakerProjects/forest-condition-node-threshold-alerts","public","failed","False","https://github.com/OpenMakerProjects/forest-condition-node-threshold-alerts","Could not create OpenMakerProjects/forest-condition-node-threshold-alerts
GraphQL: You have created too many repositories, too quickly. Please try again later. (createRepository)","2026-10-02T14:33:48.4857718+05:30"
"213","forest-condition-node-long-term-logging","OpenMakerProjects/forest-condition-node-long-term-logging","public","failed","False","https://github.com/OpenMakerProjects/forest-condition-node-long-term-logging","Could not create OpenMakerProjects/forest-condition-node-long-term-logging
GraphQL: You have created too many repositories, too quickly. Please try again later. (createRepository)","2026-10-02T14:33:51.1629349+05:30"
"214","forest-condition-node-citizen-science-mode","OpenMakerProjects/forest-condition-node-citizen-science-mode","public","failed","False","https://github.com/OpenMakerProjects/forest-condition-node-citizen-science-mode","Could not create OpenMakerProjects/forest-condition-node-citizen-science-mode
GraphQL: You have created too many repositories, too quickly. Please try again later. (createRepository)","2026-10-02T14:33:54.4611662+05:30"
"215","forest-condition-node-calibration-assistant","OpenMakerProjects/forest-condition-node-calibration-assistant","public","failed","False","https://github.com/OpenMakerProjects/forest-condition-node-calibration-assistant","Could not create OpenMakerProjects/forest-condition-node-calibration-assistant
GraphQL: You have created too many repositories, too quickly. Please try again later. (createRepository)","2026-10-02T14:33:57.8357837+05:30"
"216","forest-condition-node-solar-remote-operation","OpenMakerProjects/forest-condition-node-solar-remote-operation","public","failed","False","https://github.com/OpenMakerProjects/forest-condition-node-solar-remote-operation","Could not create OpenMakerProjects/forest-condition-node-solar-remote-operation
GraphQL: You have created too many repositories, too quickly. Please try again later. (createRepository)","2026-10-02T14:34:00.7297634+05:30"
"217","forest-condition-node-pollution-source-tracking","OpenMakerProjects/forest-condition-node-pollution-source-tracking","public","failed","False","https://github.com/OpenMakerProjects/forest-condition-node-pollution-source-tracking","Could not create OpenMakerProjects/forest-condition-node-pollution-source-tracking
GraphQL: You have created too many repositories, too quickly. Please try again later. (createRepository)","2026-10-02T14:34:03.6072985+05:30"
"218","forest-condition-node-open-data-export","OpenMakerProjects/forest-condition-node-open-data-export","public","failed","False","https://github.com/OpenMakerProjects/forest-condition-node-open-data-export","Could not create OpenMakerProjects/forest-condition-node-open-data-export
GraphQL: You have created too many repositories, too quickly. Please try again later. (createRepository)","2026-10-02T14:34:06.5591944+05:30"
"219","forest-condition-node-anomaly-detection","OpenMakerProjects/forest-condition-node-anomaly-detection","public","failed","False","https://github.com/OpenMakerProjects/forest-condition-node-anomaly-detection","Could not create OpenMakerProjects/forest-condition-node-anomaly-detection
GraphQL: You have created too many repositories, too quickly. Please try again later. (createRepository)","2026-10-02T14:34:09.4510836+05:30"
"220","forest-condition-node-public-status-display","OpenMakerProjects/forest-condition-node-public-status-display","public","failed","False","https://github.com/OpenMakerProjects/forest-condition-node-public-status-display","Could not create OpenMakerProjects/forest-condition-node-public-status-display
GraphQL: You have created too many repositories, too quickly. Please try again later. (createRepository)","2026-10-02T14:34:12.4198926+05:30"
"221","noise-pollution-meter-real-time-mapping","OpenMakerProjects/noise-pollution-meter-real-time-mapping","public","failed","False","https://github.com/OpenMakerProjects/noise-pollution-meter-real-time-mapping","Could not create OpenMakerProjects/noise-pollution-meter-real-time-mapping
GraphQL: You have created too many repositories, too quickly. Please try again later. (createRepository)","2026-10-02T14:34:15.3354597+05:30"
"222","noise-pollution-meter-threshold-alerts","OpenMakerProjects/noise-pollution-meter-threshold-alerts","public","failed","False","https://github.com/OpenMakerProjects/noise-pollution-meter-threshold-alerts","Could not create OpenMakerProjects/noise-pollution-meter-threshold-alerts
GraphQL: You have created too many repositories, too quickly. Please try again later. (createRepository)","2026-10-02T14:34:18.4264386+05:30"
"223","noise-pollution-meter-long-term-logging","OpenMakerProjects/noise-pollution-meter-long-term-logging","public","failed","False","https://github.com/OpenMakerProjects/noise-pollution-meter-long-term-logging","Could not create OpenMakerProjects/noise-pollution-meter-long-term-logging
GraphQL: You have created too many repositories, too quickly. Please try again later. (createRepository)","2026-10-02T14:34:21.2481023+05:30"
"224","noise-pollution-meter-citizen-science-mode","OpenMakerProjects/noise-pollution-meter-citizen-science-mode","public","failed","False","https://github.com/OpenMakerProjects/noise-pollution-meter-citizen-science-mode","Could not create OpenMakerProjects/noise-pollution-meter-citizen-science-mode
GraphQL: You have created too many repositories, too quickly. Please try again later. (createRepository)","2026-10-02T14:34:24.2109448+05:30"
"225","noise-pollution-meter-calibration-assistant","OpenMakerProjects/noise-pollution-meter-calibration-assistant","public","failed","False","https://github.com/OpenMakerProjects/noise-pollution-meter-calibration-assistant","Could not create OpenMakerProjects/noise-pollution-meter-calibration-assistant
GraphQL: You have created too many repositories, too quickly. Please try again later. (createRepository)","2026-10-02T14:34:27.6380192+05:30"
"226","noise-pollution-meter-solar-remote-operation","OpenMakerProjects/noise-pollution-meter-solar-remote-operation","public","failed","False","https://github.com/OpenMakerProjects/noise-pollution-meter-solar-remote-operation","Could not create OpenMakerProjects/noise-pollution-meter-solar-remote-operation
GraphQL: You have created too many repositories, too quickly. Please try again later. (createRepository)","2026-10-02T14:34:30.4658349+05:30"
"227","noise-pollution-meter-pollution-source-tracking","OpenMakerProjects/noise-pollution-meter-pollution-source-tracking","public","failed","False","https://github.com/OpenMakerProjects/noise-pollution-meter-pollution-source-tracking","Could not create OpenMakerProjects/noise-pollution-meter-pollution-source-tracking
GraphQL: You have created too many repositories, too quickly. Please try again later. (createRepository)","2026-10-02T14:34:33.3077356+05:30"
"228","noise-pollution-meter-open-data-export","OpenMakerProjects/noise-pollution-meter-open-data-export","public","failed","False","https://github.com/OpenMakerProjects/noise-pollution-meter-open-data-export","Could not create OpenMakerProjects/noise-pollution-meter-open-data-export
GraphQL: You have created too many repositories, too quickly. Please try again later. (createRepository)","2026-10-02T14:34:36.0724808+05:30"
"229","noise-pollution-meter-anomaly-detection","OpenMakerProjects/noise-pollution-meter-anomaly-detection","public","failed","False","https://github.com/OpenMakerProjects/noise-pollution-meter-anomaly-detection","Could not create OpenMakerProjects/noise-pollution-meter-anomaly-detection
GraphQL: You have created too many repositories, too quickly. Please try again later. (createRepository)","2026-10-02T14:34:39.0829796+05:30"
"230","noise-pollution-meter-public-status-display","OpenMakerProjects/noise-pollution-meter-public-status-display","public","failed","False","https://github.com/OpenMakerProjects/noise-pollution-meter-public-status-display","Could not create OpenMakerProjects/noise-pollution-meter-public-status-display
GraphQL: You have created too many repositories, too quickly. Please try again later. (createRepository)","2026-10-02T14:34:42.1401636+05:30"
"231","river-quality-beacon-real-time-mapping","OpenMakerProjects/river-quality-beacon-real-time-mapping","public","failed","False","https://github.com/OpenMakerProjects/river-quality-beacon-real-time-mapping","Could not create OpenMakerProjects/river-quality-beacon-real-time-mapping
GraphQL: You have created too many repositories, too quickly. Please try again later. (createRepository)","2026-10-02T14:34:45.0819273+05:30"
"232","river-quality-beacon-threshold-alerts","OpenMakerProjects/river-quality-beacon-threshold-alerts","public","failed","False","https://github.com/OpenMakerProjects/river-quality-beacon-threshold-alerts","Could not create OpenMakerProjects/river-quality-beacon-threshold-alerts
GraphQL: You have created too many repositories, too quickly. Please try again later. (createRepository)","2026-10-02T14:34:47.7427526+05:30"
"233","river-quality-beacon-long-term-logging","OpenMakerProjects/river-quality-beacon-long-term-logging","public","failed","False","https://github.com/OpenMakerProjects/river-quality-beacon-long-term-logging","Could not create OpenMakerProjects/river-quality-beacon-long-term-logging
GraphQL: You have created too many repositories, too quickly. Please try again later. (createRepository)","2026-10-02T14:34:50.4964332+05:30"
"234","river-quality-beacon-citizen-science-mode","OpenMakerProjects/river-quality-beacon-citizen-science-mode","public","failed","False","https://github.com/OpenMakerProjects/river-quality-beacon-citizen-science-mode","Could not create OpenMakerProjects/river-quality-beacon-citizen-science-mode
GraphQL: You have created too many repositories, too quickly. Please try again later. (createRepository)","2026-10-02T14:34:53.1950747+05:30"
"235","river-quality-beacon-calibration-assistant","OpenMakerProjects/river-quality-beacon-calibration-assistant","public","failed","False","https://github.com/OpenMakerProjects/river-quality-beacon-calibration-assistant","Could not create OpenMakerProjects/river-quality-beacon-calibration-assistant
GraphQL: You have created too many repositories, too quickly. Please try again later. (createRepository)","2026-10-02T14:34:56.2294360+05:30"
"236","river-quality-beacon-solar-remote-operation","OpenMakerProjects/river-quality-beacon-solar-remote-operation","public","failed","False","https://github.com/OpenMakerProjects/river-quality-beacon-solar-remote-operation","Could not create OpenMakerProjects/river-quality-beacon-solar-remote-operation
GraphQL: You have created too many repositories, too quickly. Please try again later. (createRepository)","2026-10-02T14:34:59.2175957+05:30"
"237","river-quality-beacon-pollution-source-tracking","OpenMakerProjects/river-quality-beacon-pollution-source-tracking","public","failed","False","https://github.com/OpenMakerProjects/river-quality-beacon-pollution-source-tracking","Could not create OpenMakerProjects/river-quality-beacon-pollution-source-tracking
GraphQL: You have created too many repositories, too quickly. Please try again later. (createRepository)","2026-10-02T14:35:02.0854460+05:30"
"238","river-quality-beacon-open-data-export","OpenMakerProjects/river-quality-beacon-open-data-export","public","failed","False","https://github.com/OpenMakerProjects/river-quality-beacon-open-data-export","Could not create OpenMakerProjects/river-quality-beacon-open-data-export
GraphQL: You have created too many repositories, too quickly. Please try again later. (createRepository)","2026-10-02T14:35:05.0620274+05:30"
"239","river-quality-beacon-anomaly-detection","OpenMakerProjects/river-quality-beacon-anomaly-detection","public","failed","False","https://github.com/OpenMakerProjects/river-quality-beacon-anomaly-detection","Could not create OpenMakerProjects/river-quality-beacon-anomaly-detection
GraphQL: You have created too many repositories, too quickly. Please try again later. (createRepository)","2026-10-02T14:35:08.1048207+05:30"
"240","river-quality-beacon-public-status-display","OpenMakerProjects/river-quality-beacon-public-status-display","public","failed","False","https://github.com/OpenMakerProjects/river-quality-beacon-public-status-display","Could not create OpenMakerProjects/river-quality-beacon-public-status-display
GraphQL: You have created too many repositories, too quickly. Please try again later. (createRepository)","2026-10-02T14:35:10.9202933+05:30"
"241","waste-bin-monitor-real-time-mapping","OpenMakerProjects/waste-bin-monitor-real-time-mapping","public","failed","False","https://github.com/OpenMakerProjects/waste-bin-monitor-real-time-mapping","Could not create OpenMakerProjects/waste-bin-monitor-real-time-mapping
GraphQL: You have created too many repositories, too quickly. Please try again later. (createRepository)","2026-10-02T14:35:13.7525084+05:30"
"242","waste-bin-monitor-threshold-alerts","OpenMakerProjects/waste-bin-monitor-threshold-alerts","public","failed","False","https://github.com/OpenMakerProjects/waste-bin-monitor-threshold-alerts","Could not create OpenMakerProjects/waste-bin-monitor-threshold-alerts
GraphQL: You have created too many repositories, too quickly. Please try again later. (createRepository)","2026-10-02T14:35:16.8311000+05:30"
"243","waste-bin-monitor-long-term-logging","OpenMakerProjects/waste-bin-monitor-long-term-logging","public","failed","False","https://github.com/OpenMakerProjects/waste-bin-monitor-long-term-logging","Could not create OpenMakerProjects/waste-bin-monitor-long-term-logging
GraphQL: You have created too many repositories, too quickly. Please try again later. (createRepository)","2026-10-02T14:35:20.0553974+05:30"
"244","waste-bin-monitor-citizen-science-mode","OpenMakerProjects/waste-bin-monitor-citizen-science-mode","public","failed","False","https://github.com/OpenMakerProjects/waste-bin-monitor-citizen-science-mode","Could not create OpenMakerProjects/waste-bin-monitor-citizen-science-mode
GraphQL: You have created too many repositories, too quickly. Please try again later. (createRepository)","2026-10-02T14:35:22.8274140+05:30"
"245","waste-bin-monitor-calibration-assistant","OpenMakerProjects/waste-bin-monitor-calibration-assistant","public","failed","False","https://github.com/OpenMakerProjects/waste-bin-monitor-calibration-assistant","Could not create OpenMakerProjects/waste-bin-monitor-calibration-assistant
GraphQL: You have created too many repositories, too quickly. Please try again later. (createRepository)","2026-10-02T14:35:26.0323627+05:30"
"246","waste-bin-monitor-solar-remote-operation","OpenMakerProjects/waste-bin-monitor-solar-remote-operation","public","failed","False","https://github.com/OpenMakerProjects/waste-bin-monitor-solar-remote-operation","Could not create OpenMakerProjects/waste-bin-monitor-solar-remote-operation
GraphQL: You have created too many repositories, too quickly. Please try again later. (createRepository)","2026-10-02T14:35:28.9668128+05:30"
"247","waste-bin-monitor-pollution-source-tracking","OpenMakerProjects/waste-bin-monitor-pollution-source-tracking","public","failed","False","https://github.com/OpenMakerProjects/waste-bin-monitor-pollution-source-tracking","Could not create OpenMakerProjects/waste-bin-monitor-pollution-source-tracking
GraphQL: You have created too many repositories, too quickly. Please try again later. (createRepository)","2026-10-02T14:35:31.6781089+05:30"
"248","waste-bin-monitor-open-data-export","OpenMakerProjects/waste-bin-monitor-open-data-export","public","failed","False","https://github.com/OpenMakerProjects/waste-bin-monitor-open-data-export","Could not create OpenMakerProjects/waste-bin-monitor-open-data-export
GraphQL: You have created too many repositories, too quickly. Please try again later. (createRepository)","2026-10-02T14:35:34.7460695+05:30"
"249","waste-bin-monitor-anomaly-detection","OpenMakerProjects/waste-bin-monitor-anomaly-detection","public","failed","False","https://github.com/OpenMakerProjects/waste-bin-monitor-anomaly-detection","Could not create OpenMakerProjects/waste-bin-monitor-anomaly-detection
GraphQL: You have created too many repositories, too quickly. Please try again later. (createRepository)","2026-10-02T14:35:37.9172339+05:30"
"250","waste-bin-monitor-public-status-display","OpenMakerProjects/waste-bin-monitor-public-status-display","public","failed","False","https://github.com/OpenMakerProjects/waste-bin-monitor-public-status-display","Could not create OpenMakerProjects/waste-bin-monitor-public-status-display
GraphQL: You have created too many repositories, too quickly. Please try again later. (createRepository)","2026-10-02T14:35:40.9327693+05:30"
"251","landfill-gas-logger-real-time-mapping","OpenMakerProjects/landfill-gas-logger-real-time-mapping","public","failed","False","https://github.com/OpenMakerProjects/landfill-gas-logger-real-time-mapping","Could not create OpenMakerProjects/landfill-gas-logger-real-time-mapping
GraphQL: You have created too many repositories, too quickly. Please try again later. (createRepository)","2026-10-02T14:35:44.0452248+05:30"
"252","landfill-gas-logger-threshold-alerts","OpenMakerProjects/landfill-gas-logger-threshold-alerts","public","failed","False","https://github.com/OpenMakerProjects/landfill-gas-logger-threshold-alerts","Could not create OpenMakerProjects/landfill-gas-logger-threshold-alerts
GraphQL: You have created too many repositories, too quickly. Please try again later. (createRepository)","2026-10-02T14:35:46.9238550+05:30"
"253","landfill-gas-logger-long-term-logging","OpenMakerProjects/landfill-gas-logger-long-term-logging","public","failed","False","https://github.com/OpenMakerProjects/landfill-gas-logger-long-term-logging","Could not create OpenMakerProjects/landfill-gas-logger-long-term-logging
GraphQL: You have created too many repositories, too quickly. Please try again later. (createRepository)","2026-10-02T14:35:49.9492607+05:30"
"254","landfill-gas-logger-citizen-science-mode","OpenMakerProjects/landfill-gas-logger-citizen-science-mode","public","failed","False","https://github.com/OpenMakerProjects/landfill-gas-logger-citizen-science-mode","Could not create OpenMakerProjects/landfill-gas-logger-citizen-science-mode
GraphQL: You have created too many repositories, too quickly. Please try again later. (createRepository)","2026-10-02T14:35:53.0155323+05:30"
"255","landfill-gas-logger-calibration-assistant","OpenMakerProjects/landfill-gas-logger-calibration-assistant","public","failed","False","https://github.com/OpenMakerProjects/landfill-gas-logger-calibration-assistant","Could not create OpenMakerProjects/landfill-gas-logger-calibration-assistant
GraphQL: You have created too many repositories, too quickly. Please try again later. (createRepository)","2026-10-02T14:35:55.8602503+05:30"
"256","landfill-gas-logger-solar-remote-operation","OpenMakerProjects/landfill-gas-logger-solar-remote-operation","public","failed","False","https://github.com/OpenMakerProjects/landfill-gas-logger-solar-remote-operation","Could not create OpenMakerProjects/landfill-gas-logger-solar-remote-operation
GraphQL: You have created too many repositories, too quickly. Please try again later. (createRepository)","2026-10-02T14:35:58.7354401+05:30"
"257","landfill-gas-logger-pollution-source-tracking","OpenMakerProjects/landfill-gas-logger-pollution-source-tracking","public","failed","False","https://github.com/OpenMakerProjects/landfill-gas-logger-pollution-source-tracking","Could not create OpenMakerProjects/landfill-gas-logger-pollution-source-tracking
GraphQL: You have created too many repositories, too quickly. Please try again later. (createRepository)","2026-10-02T14:36:02.1298527+05:30"
"258","landfill-gas-logger-open-data-export","OpenMakerProjects/landfill-gas-logger-open-data-export","public","failed","False","https://github.com/OpenMakerProjects/landfill-gas-logger-open-data-export","Could not create OpenMakerProjects/landfill-gas-logger-open-data-export
GraphQL: You have created too many repositories, too quickly. Please try again later. (createRepository)","2026-10-02T14:36:05.3490196+05:30"
"259","landfill-gas-logger-anomaly-detection","OpenMakerProjects/landfill-gas-logger-anomaly-detection","public","failed","False","https://github.com/OpenMakerProjects/landfill-gas-logger-anomaly-detection","Could not create OpenMakerProjects/landfill-gas-logger-anomaly-detection
GraphQL: You have created too many repositories, too quickly. Please try again later. (createRepository)","2026-10-02T14:36:08.1894918+05:30"
"260","landfill-gas-logger-public-status-display","OpenMakerProjects/landfill-gas-logger-public-status-display","public","failed","False","https://github.com/OpenMakerProjects/landfill-gas-logger-public-status-display","Could not create OpenMakerProjects/landfill-gas-logger-public-status-display
GraphQL: You have created too many repositories, too quickly. Please try again later. (createRepository)","2026-10-02T14:36:10.7866325+05:30"
"261","indoor-mold-risk-sensor-real-time-mapping","OpenMakerProjects/indoor-mold-risk-sensor-real-time-mapping","public","failed","False","https://github.com/OpenMakerProjects/indoor-mold-risk-sensor-real-time-mapping","Could not create OpenMakerProjects/indoor-mold-risk-sensor-real-time-mapping
GraphQL: You have created too many repositories, too quickly. Please try again later. (createRepository)","2026-10-02T14:36:13.8264579+05:30"
"262","indoor-mold-risk-sensor-threshold-alerts","OpenMakerProjects/indoor-mold-risk-sensor-threshold-alerts","public","failed","False","https://github.com/OpenMakerProjects/indoor-mold-risk-sensor-threshold-alerts","Could not create OpenMakerProjects/indoor-mold-risk-sensor-threshold-alerts
GraphQL: You have created too many repositories, too quickly. Please try again later. (createRepository)","2026-10-02T14:36:16.5140117+05:30"
"263","indoor-mold-risk-sensor-long-term-logging","OpenMakerProjects/indoor-mold-risk-sensor-long-term-logging","public","failed","False","https://github.com/OpenMakerProjects/indoor-mold-risk-sensor-long-term-logging","Could not create OpenMakerProjects/indoor-mold-risk-sensor-long-term-logging
GraphQL: You have created too many repositories, too quickly. Please try again later. (createRepository)","2026-10-02T14:36:19.8203904+05:30"
"264","indoor-mold-risk-sensor-citizen-science-mode","OpenMakerProjects/indoor-mold-risk-sensor-citizen-science-mode","public","failed","False","https://github.com/OpenMakerProjects/indoor-mold-risk-sensor-citizen-science-mode","Could not create OpenMakerProjects/indoor-mold-risk-sensor-citizen-science-mode
GraphQL: You have created too many repositories, too quickly. Please try again later. (createRepository)","2026-10-02T14:36:22.7027261+05:30"
"265","indoor-mold-risk-sensor-calibration-assistant","OpenMakerProjects/indoor-mold-risk-sensor-calibration-assistant","public","failed","False","https://github.com/OpenMakerProjects/indoor-mold-risk-sensor-calibration-assistant","Could not create OpenMakerProjects/indoor-mold-risk-sensor-calibration-assistant
GraphQL: You have created too many repositories, too quickly. Please try again later. (createRepository)","2026-10-02T14:36:25.7237881+05:30"
"266","indoor-mold-risk-sensor-solar-remote-operation","OpenMakerProjects/indoor-mold-risk-sensor-solar-remote-operation","public","failed","False","https://github.com/OpenMakerProjects/indoor-mold-risk-sensor-solar-remote-operation","Could not create OpenMakerProjects/indoor-mold-risk-sensor-solar-remote-operation
GraphQL: You have created too many repositories, too quickly. Please try again later. (createRepository)","2026-10-02T14:36:28.3614025+05:30"
"267","indoor-mold-risk-sensor-pollution-source-tracking","OpenMakerProjects/indoor-mold-risk-sensor-pollution-source-tracking","public","failed","False","https://github.com/OpenMakerProjects/indoor-mold-risk-sensor-pollution-source-tracking","Could not create OpenMakerProjects/indoor-mold-risk-sensor-pollution-source-tracking
GraphQL: You have created too many repositories, too quickly. Please try again later. (createRepository)","2026-10-02T14:36:31.4528295+05:30"
"268","indoor-mold-risk-sensor-open-data-export","OpenMakerProjects/indoor-mold-risk-sensor-open-data-export","public","failed","False","https://github.com/OpenMakerProjects/indoor-mold-risk-sensor-open-data-export","Could not create OpenMakerProjects/indoor-mold-risk-sensor-open-data-export
GraphQL: You have created too many repositories, too quickly. Please try again later. (createRepository)","2026-10-02T14:36:34.3666106+05:30"
"269","indoor-mold-risk-sensor-anomaly-detection","OpenMakerProjects/indoor-mold-risk-sensor-anomaly-detection","public","failed","False","https://github.com/OpenMakerProjects/indoor-mold-risk-sensor-anomaly-detection","Could not create OpenMakerProjects/indoor-mold-risk-sensor-anomaly-detection
GraphQL: You have created too many repositories, too quickly. Please try again later. (createRepository)","2026-10-02T14:36:37.3295780+05:30"
"270","indoor-mold-risk-sensor-public-status-display","OpenMakerProjects/indoor-mold-risk-sensor-public-status-display","public","failed","False","https://github.com/OpenMakerProjects/indoor-mold-risk-sensor-public-status-display","Could not create OpenMakerProjects/indoor-mold-risk-sensor-public-status-display
GraphQL: You have created too many repositories, too quickly. Please try again later. (createRepository)","2026-10-02T14:36:40.0553975+05:30"
"271","dust-exposure-badge-real-time-mapping","OpenMakerProjects/dust-exposure-badge-real-time-mapping","public","failed","False","https://github.com/OpenMakerProjects/dust-exposure-badge-real-time-mapping","Could not create OpenMakerProjects/dust-exposure-badge-real-time-mapping
GraphQL: You have created too many repositories, too quickly. Please try again later. (createRepository)","2026-10-02T14:36:42.8300311+05:30"
"272","dust-exposure-badge-threshold-alerts","OpenMakerProjects/dust-exposure-badge-threshold-alerts","public","failed","False","https://github.com/OpenMakerProjects/dust-exposure-badge-threshold-alerts","Could not create OpenMakerProjects/dust-exposure-badge-threshold-alerts
GraphQL: You have created too many repositories, too quickly. Please try again later. (createRepository)","2026-10-02T14:36:45.7009997+05:30"
"273","dust-exposure-badge-long-term-logging","OpenMakerProjects/dust-exposure-badge-long-term-logging","public","failed","False","https://github.com/OpenMakerProjects/dust-exposure-badge-long-term-logging","Could not create OpenMakerProjects/dust-exposure-badge-long-term-logging
GraphQL: You have created too many repositories, too quickly. Please try again later. (createRepository)","2026-10-02T14:36:49.4248473+05:30"
"274","dust-exposure-badge-citizen-science-mode","OpenMakerProjects/dust-exposure-badge-citizen-science-mode","public","failed","False","https://github.com/OpenMakerProjects/dust-exposure-badge-citizen-science-mode","Could not create OpenMakerProjects/dust-exposure-badge-citizen-science-mode
GraphQL: You have created too many repositories, too quickly. Please try again later. (createRepository)","2026-10-02T14:36:52.3014670+05:30"
"275","dust-exposure-badge-calibration-assistant","OpenMakerProjects/dust-exposure-badge-calibration-assistant","public","failed","False","https://github.com/OpenMakerProjects/dust-exposure-badge-calibration-assistant","Could not create OpenMakerProjects/dust-exposure-badge-calibration-assistant
GraphQL: You have created too many repositories, too quickly. Please try again later. (createRepository)","2026-10-02T14:36:55.1073186+05:30"
"276","dust-exposure-badge-solar-remote-operation","OpenMakerProjects/dust-exposure-badge-solar-remote-operation","public","failed","False","https://github.com/OpenMakerProjects/dust-exposure-badge-solar-remote-operation","Could not create OpenMakerProjects/dust-exposure-badge-solar-remote-operation
GraphQL: You have created too many repositories, too quickly. Please try again later. (createRepository)","2026-10-02T14:36:58.0800614+05:30"
"277","dust-exposure-badge-pollution-source-tracking","OpenMakerProjects/dust-exposure-badge-pollution-source-tracking","public","failed","False","https://github.com/OpenMakerProjects/dust-exposure-badge-pollution-source-tracking","Could not create OpenMakerProjects/dust-exposure-badge-pollution-source-tracking
GraphQL: You have created too many repositories, too quickly. Please try again later. (createRepository)","2026-10-02T14:37:00.7339765+05:30"
"278","dust-exposure-badge-open-data-export","OpenMakerProjects/dust-exposure-badge-open-data-export","public","failed","False","https://github.com/OpenMakerProjects/dust-exposure-badge-open-data-export","Could not create OpenMakerProjects/dust-exposure-badge-open-data-export
GraphQL: You have created too many repositories, too quickly. Please try again later. (createRepository)","2026-10-02T14:37:03.6073119+05:30"
"279","dust-exposure-badge-anomaly-detection","OpenMakerProjects/dust-exposure-badge-anomaly-detection","public","failed","False","https://github.com/OpenMakerProjects/dust-exposure-badge-anomaly-detection","Could not create OpenMakerProjects/dust-exposure-badge-anomaly-detection
GraphQL: You have created too many repositories, too quickly. Please try again later. (createRepository)","2026-10-02T14:37:06.9359548+05:30"
"280","dust-exposure-badge-public-status-display","OpenMakerProjects/dust-exposure-badge-public-status-display","public","failed","False","https://github.com/OpenMakerProjects/dust-exposure-badge-public-status-display","Could not create OpenMakerProjects/dust-exposure-badge-public-status-display
GraphQL: You have created too many repositories, too quickly. Please try again later. (createRepository)","2026-10-02T14:37:10.0306900+05:30"
"281","soil-contamination-sampler-real-time-mapping","OpenMakerProjects/soil-contamination-sampler-real-time-mapping","public","failed","False","https://github.com/OpenMakerProjects/soil-contamination-sampler-real-time-mapping","Could not create OpenMakerProjects/soil-contamination-sampler-real-time-mapping
GraphQL: You have created too many repositories, too quickly. Please try again later. (createRepository)","2026-10-02T14:37:12.8161216+05:30"
"282","soil-contamination-sampler-threshold-alerts","OpenMakerProjects/soil-contamination-sampler-threshold-alerts","public","failed","False","https://github.com/OpenMakerProjects/soil-contamination-sampler-threshold-alerts","Could not create OpenMakerProjects/soil-contamination-sampler-threshold-alerts
GraphQL: You have created too many repositories, too quickly. Please try again later. (createRepository)","2026-10-02T14:37:15.8620874+05:30"
"283","soil-contamination-sampler-long-term-logging","OpenMakerProjects/soil-contamination-sampler-long-term-logging","public","failed","False","https://github.com/OpenMakerProjects/soil-contamination-sampler-long-term-logging","Could not create OpenMakerProjects/soil-contamination-sampler-long-term-logging
GraphQL: You have created too many repositories, too quickly. Please try again later. (createRepository)","2026-10-02T14:37:19.1761024+05:30"
"284","soil-contamination-sampler-citizen-science-mode","OpenMakerProjects/soil-contamination-sampler-citizen-science-mode","public","failed","False","https://github.com/OpenMakerProjects/soil-contamination-sampler-citizen-science-mode","Could not create OpenMakerProjects/soil-contamination-sampler-citizen-science-mode
GraphQL: You have created too many repositories, too quickly. Please try again later. (createRepository)","2026-10-02T14:37:22.0348037+05:30"
"285","soil-contamination-sampler-calibration-assistant","OpenMakerProjects/soil-contamination-sampler-calibration-assistant","public","failed","False","https://github.com/OpenMakerProjects/soil-contamination-sampler-calibration-assistant","Could not create OpenMakerProjects/soil-contamination-sampler-calibration-assistant
GraphQL: You have created too many repositories, too quickly. Please try again later. (createRepository)","2026-10-02T14:37:25.1186725+05:30"
"286","soil-contamination-sampler-solar-remote-operation","OpenMakerProjects/soil-contamination-sampler-solar-remote-operation","public","failed","False","https://github.com/OpenMakerProjects/soil-contamination-sampler-solar-remote-operation","Could not create OpenMakerProjects/soil-contamination-sampler-solar-remote-operation
GraphQL: You have created too many repositories, too quickly. Please try again later. (createRepository)","2026-10-02T14:37:28.1940968+05:30"
"287","soil-contamination-sampler-pollution-source-tracking","OpenMakerProjects/soil-contamination-sampler-pollution-source-tracking","public","failed","False","https://github.com/OpenMakerProjects/soil-contamination-sampler-pollution-source-tracking","Could not create OpenMakerProjects/soil-contamination-sampler-pollution-source-tracking
GraphQL: You have created too many repositories, too quickly. Please try again later. (createRepository)","2026-10-02T14:37:31.3621848+05:30"
"288","soil-contamination-sampler-open-data-export","OpenMakerProjects/soil-contamination-sampler-open-data-export","public","failed","False","https://github.com/OpenMakerProjects/soil-contamination-sampler-open-data-export","Could not create OpenMakerProjects/soil-contamination-sampler-open-data-export
GraphQL: You have created too many repositories, too quickly. Please try again later. (createRepository)","2026-10-02T14:37:34.0698132+05:30"
"289","soil-contamination-sampler-anomaly-detection","OpenMakerProjects/soil-contamination-sampler-anomaly-detection","public","failed","False","https://github.com/OpenMakerProjects/soil-contamination-sampler-anomaly-detection","Could not create OpenMakerProjects/soil-contamination-sampler-anomaly-detection
GraphQL: You have created too many repositories, too quickly. Please try again later. (createRepository)","2026-10-02T14:37:37.0923728+05:30"
"290","soil-contamination-sampler-public-status-display","OpenMakerProjects/soil-contamination-sampler-public-status-display","public","failed","False","https://github.com/OpenMakerProjects/soil-contamination-sampler-public-status-display","Could not create OpenMakerProjects/soil-contamination-sampler-public-status-display
GraphQL: You have created too many repositories, too quickly. Please try again later. (createRepository)","2026-10-02T14:37:40.0452116+05:30"
"291","community-environment-kiosk-real-time-mapping","OpenMakerProjects/community-environment-kiosk-real-time-mapping","public","failed","False","https://github.com/OpenMakerProjects/community-environment-kiosk-real-time-mapping","Could not create OpenMakerProjects/community-environment-kiosk-real-time-mapping
GraphQL: You have created too many repositories, too quickly. Please try again later. (createRepository)","2026-10-02T14:37:43.5225903+05:30"
"292","community-environment-kiosk-threshold-alerts","OpenMakerProjects/community-environment-kiosk-threshold-alerts","public","failed","False","https://github.com/OpenMakerProjects/community-environment-kiosk-threshold-alerts","Could not create OpenMakerProjects/community-environment-kiosk-threshold-alerts
GraphQL: You have created too many repositories, too quickly. Please try again later. (createRepository)","2026-10-02T14:37:46.8187693+05:30"
"293","community-environment-kiosk-long-term-logging","OpenMakerProjects/community-environment-kiosk-long-term-logging","public","failed","False","https://github.com/OpenMakerProjects/community-environment-kiosk-long-term-logging","Could not create OpenMakerProjects/community-environment-kiosk-long-term-logging
GraphQL: You have created too many repositories, too quickly. Please try again later. (createRepository)","2026-10-02T14:37:49.6301960+05:30"
"294","community-environment-kiosk-citizen-science-mode","OpenMakerProjects/community-environment-kiosk-citizen-science-mode","public","failed","False","https://github.com/OpenMakerProjects/community-environment-kiosk-citizen-science-mode","Could not create OpenMakerProjects/community-environment-kiosk-citizen-science-mode
GraphQL: You have created too many repositories, too quickly. Please try again later. (createRepository)","2026-10-02T14:37:52.4240727+05:30"
"295","community-environment-kiosk-calibration-assistant","OpenMakerProjects/community-environment-kiosk-calibration-assistant","public","failed","False","https://github.com/OpenMakerProjects/community-environment-kiosk-calibration-assistant","Could not create OpenMakerProjects/community-environment-kiosk-calibration-assistant
GraphQL: You have created too many repositories, too quickly. Please try again later. (createRepository)","2026-10-02T14:37:55.2600463+05:30"
"296","community-environment-kiosk-solar-remote-operation","OpenMakerProjects/community-environment-kiosk-solar-remote-operation","public","failed","False","https://github.com/OpenMakerProjects/community-environment-kiosk-solar-remote-operation","Could not create OpenMakerProjects/community-environment-kiosk-solar-remote-operation
GraphQL: You have created too many repositories, too quickly. Please try again later. (createRepository)","2026-10-02T14:37:58.1330969+05:30"
"297","community-environment-kiosk-pollution-source-tracking","OpenMakerProjects/community-environment-kiosk-pollution-source-tracking","public","failed","False","https://github.com/OpenMakerProjects/community-environment-kiosk-pollution-source-tracking","Could not create OpenMakerProjects/community-environment-kiosk-pollution-source-tracking
GraphQL: You have created too many repositories, too quickly. Please try again later. (createRepository)","2026-10-02T14:38:01.0559794+05:30"
"298","community-environment-kiosk-open-data-export","OpenMakerProjects/community-environment-kiosk-open-data-export","public","failed","False","https://github.com/OpenMakerProjects/community-environment-kiosk-open-data-export","Could not create OpenMakerProjects/community-environment-kiosk-open-data-export
GraphQL: You have created too many repositories, too quickly. Please try again later. (createRepository)","2026-10-02T14:38:03.8923731+05:30"
"299","community-environment-kiosk-anomaly-detection","OpenMakerProjects/community-environment-kiosk-anomaly-detection","public","failed","False","https://github.com/OpenMakerProjects/community-environment-kiosk-anomaly-detection","Could not create OpenMakerProjects/community-environment-kiosk-anomaly-detection
GraphQL: You have created too many repositories, too quickly. Please try again later. (createRepository)","2026-10-02T14:38:06.6258272+05:30"
"300","community-environment-kiosk-public-status-display","OpenMakerProjects/community-environment-kiosk-public-status-display","public","failed","False","https://github.com/OpenMakerProjects/community-environment-kiosk-public-status-display","Could not create OpenMakerProjects/community-environment-kiosk-public-status-display
GraphQL: You have created too many repositories, too quickly. Please try again later. (createRepository)","2026-10-02T14:38:09.6608522+05:30"
"301","backyard-weather-station-forecast-display","OpenMakerProjects/backyard-weather-station-forecast-display","public","failed","False","https://github.com/OpenMakerProjects/backyard-weather-station-forecast-display","Could not create OpenMakerProjects/backyard-weather-station-forecast-display
GraphQL: You have created too many repositories, too quickly. Please try again later. (createRepository)","2026-10-02T14:38:12.8989299+05:30"
"302","backyard-weather-station-storm-alerts","OpenMakerProjects/backyard-weather-station-storm-alerts","public","failed","False","https://github.com/OpenMakerProjects/backyard-weather-station-storm-alerts","Could not create OpenMakerProjects/backyard-weather-station-storm-alerts
GraphQL: You have created too many repositories, too quickly. Please try again later. (createRepository)","2026-10-02T14:38:15.8453584+05:30"
"303","backyard-weather-station-historical-charts","OpenMakerProjects/backyard-weather-station-historical-charts","public","failed","False","https://github.com/OpenMakerProjects/backyard-weather-station-historical-charts","Could not create OpenMakerProjects/backyard-weather-station-historical-charts
GraphQL: You have created too many repositories, too quickly. Please try again later. (createRepository)","2026-10-02T14:38:18.7167990+05:30"
"304","backyard-weather-station-remote-telemetry","OpenMakerProjects/backyard-weather-station-remote-telemetry","public","failed","False","https://github.com/OpenMakerProjects/backyard-weather-station-remote-telemetry","Could not create OpenMakerProjects/backyard-weather-station-remote-telemetry
GraphQL: You have created too many repositories, too quickly. Please try again later. (createRepository)","2026-10-02T14:38:21.9865282+05:30"
"305","backyard-weather-station-battery-optimization","OpenMakerProjects/backyard-weather-station-battery-optimization","public","failed","False","https://github.com/OpenMakerProjects/backyard-weather-station-battery-optimization","Could not create OpenMakerProjects/backyard-weather-station-battery-optimization
GraphQL: You have created too many repositories, too quickly. Please try again later. (createRepository)","2026-10-02T14:38:25.1665427+05:30"
"306","backyard-weather-station-sensor-self-test","OpenMakerProjects/backyard-weather-station-sensor-self-test","public","failed","False","https://github.com/OpenMakerProjects/backyard-weather-station-sensor-self-test","Could not create OpenMakerProjects/backyard-weather-station-sensor-self-test
GraphQL: You have created too many repositories, too quickly. Please try again later. (createRepository)","2026-10-02T14:38:27.9261071+05:30"
"307","backyard-weather-station-community-data-feed","OpenMakerProjects/backyard-weather-station-community-data-feed","public","failed","False","https://github.com/OpenMakerProjects/backyard-weather-station-community-data-feed","Could not create OpenMakerProjects/backyard-weather-station-community-data-feed
GraphQL: You have created too many repositories, too quickly. Please try again later. (createRepository)","2026-10-02T14:38:30.7777094+05:30"
"308","backyard-weather-station-extreme-event-capture","OpenMakerProjects/backyard-weather-station-extreme-event-capture","public","failed","False","https://github.com/OpenMakerProjects/backyard-weather-station-extreme-event-capture","Could not create OpenMakerProjects/backyard-weather-station-extreme-event-capture
GraphQL: You have created too many repositories, too quickly. Please try again later. (createRepository)","2026-10-02T14:38:33.8028246+05:30"
"309","backyard-weather-station-voice-weather-report","OpenMakerProjects/backyard-weather-station-voice-weather-report","public","failed","False","https://github.com/OpenMakerProjects/backyard-weather-station-voice-weather-report","Could not create OpenMakerProjects/backyard-weather-station-voice-weather-report
GraphQL: You have created too many repositories, too quickly. Please try again later. (createRepository)","2026-10-02T14:38:36.7380152+05:30"
"310","backyard-weather-station-e-paper-summary","OpenMakerProjects/backyard-weather-station-e-paper-summary","public","failed","False","https://github.com/OpenMakerProjects/backyard-weather-station-e-paper-summary","Could not create OpenMakerProjects/backyard-weather-station-e-paper-summary
GraphQL: You have created too many repositories, too quickly. Please try again later. (createRepository)","2026-10-02T14:38:39.7077918+05:30"
"311","lightning-watch-node-forecast-display","OpenMakerProjects/lightning-watch-node-forecast-display","public","failed","False","https://github.com/OpenMakerProjects/lightning-watch-node-forecast-display","Could not create OpenMakerProjects/lightning-watch-node-forecast-display
GraphQL: You have created too many repositories, too quickly. Please try again later. (createRepository)","2026-10-02T14:38:42.5981972+05:30"
"312","lightning-watch-node-storm-alerts","OpenMakerProjects/lightning-watch-node-storm-alerts","public","failed","False","https://github.com/OpenMakerProjects/lightning-watch-node-storm-alerts","Could not create OpenMakerProjects/lightning-watch-node-storm-alerts
GraphQL: You have created too many repositories, too quickly. Please try again later. (createRepository)","2026-10-02T14:38:46.1243441+05:30"
"313","lightning-watch-node-historical-charts","OpenMakerProjects/lightning-watch-node-historical-charts","public","failed","False","https://github.com/OpenMakerProjects/lightning-watch-node-historical-charts","Could not create OpenMakerProjects/lightning-watch-node-historical-charts
GraphQL: You have created too many repositories, too quickly. Please try again later. (createRepository)","2026-10-02T14:38:49.0414012+05:30"
"314","lightning-watch-node-remote-telemetry","OpenMakerProjects/lightning-watch-node-remote-telemetry","public","failed","False","https://github.com/OpenMakerProjects/lightning-watch-node-remote-telemetry","Could not create OpenMakerProjects/lightning-watch-node-remote-telemetry
GraphQL: You have created too many repositories, too quickly. Please try again later. (createRepository)","2026-10-02T14:38:51.9587704+05:30"
"315","lightning-watch-node-battery-optimization","OpenMakerProjects/lightning-watch-node-battery-optimization","public","failed","False","https://github.com/OpenMakerProjects/lightning-watch-node-battery-optimization","Could not create OpenMakerProjects/lightning-watch-node-battery-optimization
GraphQL: You have created too many repositories, too quickly. Please try again later. (createRepository)","2026-10-02T14:38:55.5556326+05:30"
"316","lightning-watch-node-sensor-self-test","OpenMakerProjects/lightning-watch-node-sensor-self-test","public","failed","False","https://github.com/OpenMakerProjects/lightning-watch-node-sensor-self-test","Could not create OpenMakerProjects/lightning-watch-node-sensor-self-test
GraphQL: You have created too many repositories, too quickly. Please try again later. (createRepository)","2026-10-02T14:38:58.7841692+05:30"
"317","lightning-watch-node-community-data-feed","OpenMakerProjects/lightning-watch-node-community-data-feed","public","failed","False","https://github.com/OpenMakerProjects/lightning-watch-node-community-data-feed","Could not create OpenMakerProjects/lightning-watch-node-community-data-feed
GraphQL: You have created too many repositories, too quickly. Please try again later. (createRepository)","2026-10-02T14:39:02.1247550+05:30"
"318","lightning-watch-node-extreme-event-capture","OpenMakerProjects/lightning-watch-node-extreme-event-capture","public","failed","False","https://github.com/OpenMakerProjects/lightning-watch-node-extreme-event-capture","Could not create OpenMakerProjects/lightning-watch-node-extreme-event-capture
GraphQL: You have created too many repositories, too quickly. Please try again later. (createRepository)","2026-10-02T14:39:04.9966676+05:30"
"319","lightning-watch-node-voice-weather-report","OpenMakerProjects/lightning-watch-node-voice-weather-report","public","failed","False","https://github.com/OpenMakerProjects/lightning-watch-node-voice-weather-report","Could not create OpenMakerProjects/lightning-watch-node-voice-weather-report
GraphQL: You have created too many repositories, too quickly. Please try again later. (createRepository)","2026-10-02T14:39:08.0964737+05:30"
"320","lightning-watch-node-e-paper-summary","OpenMakerProjects/lightning-watch-node-e-paper-summary","public","failed","False","https://github.com/OpenMakerProjects/lightning-watch-node-e-paper-summary","Could not create OpenMakerProjects/lightning-watch-node-e-paper-summary
GraphQL: You have created too many repositories, too quickly. Please try again later. (createRepository)","2026-10-02T14:39:10.7371578+05:30"
"321","rainfall-gauge-forecast-display","OpenMakerProjects/rainfall-gauge-forecast-display","public","failed","False","https://github.com/OpenMakerProjects/rainfall-gauge-forecast-display","Could not create OpenMakerProjects/rainfall-gauge-forecast-display
GraphQL: You have created too many repositories, too quickly. Please try again later. (createRepository)","2026-10-02T14:39:13.6322353+05:30"
"322","rainfall-gauge-storm-alerts","OpenMakerProjects/rainfall-gauge-storm-alerts","public","failed","False","https://github.com/OpenMakerProjects/rainfall-gauge-storm-alerts","Could not create OpenMakerProjects/rainfall-gauge-storm-alerts
GraphQL: You have created too many repositories, too quickly. Please try again later. (createRepository)","2026-10-02T14:39:16.8282065+05:30"
"323","rainfall-gauge-historical-charts","OpenMakerProjects/rainfall-gauge-historical-charts","public","failed","False","https://github.com/OpenMakerProjects/rainfall-gauge-historical-charts","Could not create OpenMakerProjects/rainfall-gauge-historical-charts
GraphQL: You have created too many repositories, too quickly. Please try again later. (createRepository)","2026-10-02T14:39:19.7135094+05:30"
"324","rainfall-gauge-remote-telemetry","OpenMakerProjects/rainfall-gauge-remote-telemetry","public","failed","False","https://github.com/OpenMakerProjects/rainfall-gauge-remote-telemetry","Could not create OpenMakerProjects/rainfall-gauge-remote-telemetry
GraphQL: You have created too many repositories, too quickly. Please try again later. (createRepository)","2026-10-02T14:39:22.6662017+05:30"
"325","rainfall-gauge-battery-optimization","OpenMakerProjects/rainfall-gauge-battery-optimization","public","failed","False","https://github.com/OpenMakerProjects/rainfall-gauge-battery-optimization","Could not create OpenMakerProjects/rainfall-gauge-battery-optimization
GraphQL: You have created too many repositories, too quickly. Please try again later. (createRepository)","2026-10-02T14:39:25.5496920+05:30"
"326","rainfall-gauge-sensor-self-test","OpenMakerProjects/rainfall-gauge-sensor-self-test","public","failed","False","https://github.com/OpenMakerProjects/rainfall-gauge-sensor-self-test","Could not create OpenMakerProjects/rainfall-gauge-sensor-self-test
GraphQL: You have created too many repositories, too quickly. Please try again later. (createRepository)","2026-10-02T14:39:28.7026188+05:30"
"327","rainfall-gauge-community-data-feed","OpenMakerProjects/rainfall-gauge-community-data-feed","public","failed","False","https://github.com/OpenMakerProjects/rainfall-gauge-community-data-feed","Could not create OpenMakerProjects/rainfall-gauge-community-data-feed
GraphQL: You have created too many repositories, too quickly. Please try again later. (createRepository)","2026-10-02T14:39:31.5372820+05:30"
"328","rainfall-gauge-extreme-event-capture","OpenMakerProjects/rainfall-gauge-extreme-event-capture","public","failed","False","https://github.com/OpenMakerProjects/rainfall-gauge-extreme-event-capture","Could not create OpenMakerProjects/rainfall-gauge-extreme-event-capture
GraphQL: You have created too many repositories, too quickly. Please try again later. (createRepository)","2026-10-02T14:39:34.4667525+05:30"
"329","rainfall-gauge-voice-weather-report","OpenMakerProjects/rainfall-gauge-voice-weather-report","public","failed","False","https://github.com/OpenMakerProjects/rainfall-gauge-voice-weather-report","Could not create OpenMakerProjects/rainfall-gauge-voice-weather-report
GraphQL: You have created too many repositories, too quickly. Please try again later. (createRepository)","2026-10-02T14:39:37.3389059+05:30"
"330","rainfall-gauge-e-paper-summary","OpenMakerProjects/rainfall-gauge-e-paper-summary","public","failed","False","https://github.com/OpenMakerProjects/rainfall-gauge-e-paper-summary","Could not create OpenMakerProjects/rainfall-gauge-e-paper-summary
GraphQL: You have created too many repositories, too quickly. Please try again later. (createRepository)","2026-10-02T14:39:40.3562595+05:30"
"331","wind-profile-monitor-forecast-display","OpenMakerProjects/wind-profile-monitor-forecast-display","public","failed","False","https://github.com/OpenMakerProjects/wind-profile-monitor-forecast-display","Could not create OpenMakerProjects/wind-profile-monitor-forecast-display
GraphQL: You have created too many repositories, too quickly. Please try again later. (createRepository)","2026-10-02T14:39:43.3532158+05:30"
"332","wind-profile-monitor-storm-alerts","OpenMakerProjects/wind-profile-monitor-storm-alerts","public","failed","False","https://github.com/OpenMakerProjects/wind-profile-monitor-storm-alerts","Could not create OpenMakerProjects/wind-profile-monitor-storm-alerts
GraphQL: You have created too many repositories, too quickly. Please try again later. (createRepository)","2026-10-02T14:39:46.4843661+05:30"
"333","wind-profile-monitor-historical-charts","OpenMakerProjects/wind-profile-monitor-historical-charts","public","failed","False","https://github.com/OpenMakerProjects/wind-profile-monitor-historical-charts","Could not create OpenMakerProjects/wind-profile-monitor-historical-charts
GraphQL: You have created too many repositories, too quickly. Please try again later. (createRepository)","2026-10-02T14:39:49.5429860+05:30"
"334","wind-profile-monitor-remote-telemetry","OpenMakerProjects/wind-profile-monitor-remote-telemetry","public","failed","False","https://github.com/OpenMakerProjects/wind-profile-monitor-remote-telemetry","Could not create OpenMakerProjects/wind-profile-monitor-remote-telemetry
GraphQL: You have created too many repositories, too quickly. Please try again later. (createRepository)","2026-10-02T14:39:52.8741804+05:30"
"335","wind-profile-monitor-battery-optimization","OpenMakerProjects/wind-profile-monitor-battery-optimization","public","failed","False","https://github.com/OpenMakerProjects/wind-profile-monitor-battery-optimization","Could not create OpenMakerProjects/wind-profile-monitor-battery-optimization
GraphQL: You have created too many repositories, too quickly. Please try again later. (createRepository)","2026-10-02T14:39:56.0364867+05:30"
"336","wind-profile-monitor-sensor-self-test","OpenMakerProjects/wind-profile-monitor-sensor-self-test","public","failed","False","https://github.com/OpenMakerProjects/wind-profile-monitor-sensor-self-test","Could not create OpenMakerProjects/wind-profile-monitor-sensor-self-test
GraphQL: You have created too many repositories, too quickly. Please try again later. (createRepository)","2026-10-02T14:39:59.0580732+05:30"
"337","wind-profile-monitor-community-data-feed","OpenMakerProjects/wind-profile-monitor-community-data-feed","public","failed","False","https://github.com/OpenMakerProjects/wind-profile-monitor-community-data-feed","Could not create OpenMakerProjects/wind-profile-monitor-community-data-feed
GraphQL: You have created too many repositories, too quickly. Please try again later. (createRepository)","2026-10-02T14:40:02.8529401+05:30"
"338","wind-profile-monitor-extreme-event-capture","OpenMakerProjects/wind-profile-monitor-extreme-event-capture","public","failed","False","https://github.com/OpenMakerProjects/wind-profile-monitor-extreme-event-capture","Could not create OpenMakerProjects/wind-profile-monitor-extreme-event-capture
GraphQL: You have created too many repositories, too quickly. Please try again later. (createRepository)","2026-10-02T14:40:05.6236093+05:30"
"339","wind-profile-monitor-voice-weather-report","OpenMakerProjects/wind-profile-monitor-voice-weather-report","public","failed","False","https://github.com/OpenMakerProjects/wind-profile-monitor-voice-weather-report","Could not create OpenMakerProjects/wind-profile-monitor-voice-weather-report
GraphQL: You have created too many repositories, too quickly. Please try again later. (createRepository)","2026-10-02T14:40:08.8965720+05:30"
"340","wind-profile-monitor-e-paper-summary","OpenMakerProjects/wind-profile-monitor-e-paper-summary","public","failed","False","https://github.com/OpenMakerProjects/wind-profile-monitor-e-paper-summary","Could not create OpenMakerProjects/wind-profile-monitor-e-paper-summary
GraphQL: You have created too many repositories, too quickly. Please try again later. (createRepository)","2026-10-02T14:40:11.7752299+05:30"
"341","solar-radiation-logger-forecast-display","OpenMakerProjects/solar-radiation-logger-forecast-display","public","failed","False","https://github.com/OpenMakerProjects/solar-radiation-logger-forecast-display","Could not create OpenMakerProjects/solar-radiation-logger-forecast-display
GraphQL: You have created too many repositories, too quickly. Please try again later. (createRepository)","2026-10-02T14:40:14.8085952+05:30"
"342","solar-radiation-logger-storm-alerts","OpenMakerProjects/solar-radiation-logger-storm-alerts","public","failed","False","https://github.com/OpenMakerProjects/solar-radiation-logger-storm-alerts","Could not create OpenMakerProjects/solar-radiation-logger-storm-alerts
GraphQL: You have created too many repositories, too quickly. Please try again later. (createRepository)","2026-10-02T14:40:17.9336510+05:30"
"343","solar-radiation-logger-historical-charts","OpenMakerProjects/solar-radiation-logger-historical-charts","public","failed","False","https://github.com/OpenMakerProjects/solar-radiation-logger-historical-charts","Could not create OpenMakerProjects/solar-radiation-logger-historical-charts
GraphQL: You have created too many repositories, too quickly. Please try again later. (createRepository)","2026-10-02T14:40:21.0423626+05:30"
"344","solar-radiation-logger-remote-telemetry","OpenMakerProjects/solar-radiation-logger-remote-telemetry","public","failed","False","https://github.com/OpenMakerProjects/solar-radiation-logger-remote-telemetry","Could not create OpenMakerProjects/solar-radiation-logger-remote-telemetry
GraphQL: You have created too many repositories, too quickly. Please try again later. (createRepository)","2026-10-02T14:40:24.1116366+05:30"
"345","solar-radiation-logger-battery-optimization","OpenMakerProjects/solar-radiation-logger-battery-optimization","public","failed","False","https://github.com/OpenMakerProjects/solar-radiation-logger-battery-optimization","Could not create OpenMakerProjects/solar-radiation-logger-battery-optimization
GraphQL: You have created too many repositories, too quickly. Please try again later. (createRepository)","2026-10-02T14:40:27.1176573+05:30"
"346","solar-radiation-logger-sensor-self-test","OpenMakerProjects/solar-radiation-logger-sensor-self-test","public","failed","False","https://github.com/OpenMakerProjects/solar-radiation-logger-sensor-self-test","Could not create OpenMakerProjects/solar-radiation-logger-sensor-self-test
GraphQL: You have created too many repositories, too quickly. Please try again later. (createRepository)","2026-10-02T14:40:29.9508691+05:30"
"347","solar-radiation-logger-community-data-feed","OpenMakerProjects/solar-radiation-logger-community-data-feed","public","failed","False","https://github.com/OpenMakerProjects/solar-radiation-logger-community-data-feed","Could not create OpenMakerProjects/solar-radiation-logger-community-data-feed
GraphQL: You have created too many repositories, too quickly. Please try again later. (createRepository)","2026-10-02T14:40:32.9779239+05:30"
"348","solar-radiation-logger-extreme-event-capture","OpenMakerProjects/solar-radiation-logger-extreme-event-capture","public","failed","False","https://github.com/OpenMakerProjects/solar-radiation-logger-extreme-event-capture","Could not create OpenMakerProjects/solar-radiation-logger-extreme-event-capture
GraphQL: You have created too many repositories, too quickly. Please try again later. (createRepository)","2026-10-02T14:40:36.1149727+05:30"
"349","solar-radiation-logger-voice-weather-report","OpenMakerProjects/solar-radiation-logger-voice-weather-report","public","failed","False","https://github.com/OpenMakerProjects/solar-radiation-logger-voice-weather-report","Could not create OpenMakerProjects/solar-radiation-logger-voice-weather-report
GraphQL: You have created too many repositories, too quickly. Please try again later. (createRepository)","2026-10-02T14:40:39.2283358+05:30"
"350","solar-radiation-logger-e-paper-summary","OpenMakerProjects/solar-radiation-logger-e-paper-summary","public","failed","False","https://github.com/OpenMakerProjects/solar-radiation-logger-e-paper-summary","Could not create OpenMakerProjects/solar-radiation-logger-e-paper-summary
GraphQL: You have created too many repositories, too quickly. Please try again later. (createRepository)","2026-10-02T14:40:42.0675239+05:30"
"351","microclimate-mapper-forecast-display","OpenMakerProjects/microclimate-mapper-forecast-display","public","failed","False","https://github.com/OpenMakerProjects/microclimate-mapper-forecast-display","Could not create OpenMakerProjects/microclimate-mapper-forecast-display
GraphQL: You have created too many repositories, too quickly. Please try again later. (createRepository)","2026-10-02T14:40:44.9427525+05:30"
"352","microclimate-mapper-storm-alerts","OpenMakerProjects/microclimate-mapper-storm-alerts","public","failed","False","https://github.com/OpenMakerProjects/microclimate-mapper-storm-alerts","Could not create OpenMakerProjects/microclimate-mapper-storm-alerts
GraphQL: You have created too many repositories, too quickly. Please try again later. (createRepository)","2026-10-02T14:40:48.2266173+05:30"
"353","microclimate-mapper-historical-charts","OpenMakerProjects/microclimate-mapper-historical-charts","public","failed","False","https://github.com/OpenMakerProjects/microclimate-mapper-historical-charts","Could not create OpenMakerProjects/microclimate-mapper-historical-charts
GraphQL: You have created too many repositories, too quickly. Please try again later. (createRepository)","2026-10-02T14:40:51.4207180+05:30"
"354","microclimate-mapper-remote-telemetry","OpenMakerProjects/microclimate-mapper-remote-telemetry","public","failed","False","https://github.com/OpenMakerProjects/microclimate-mapper-remote-telemetry","Could not create OpenMakerProjects/microclimate-mapper-remote-telemetry
GraphQL: You have created too many repositories, too quickly. Please try again later. (createRepository)","2026-10-02T14:40:54.2343045+05:30"
"355","microclimate-mapper-battery-optimization","OpenMakerProjects/microclimate-mapper-battery-optimization","public","failed","False","https://github.com/OpenMakerProjects/microclimate-mapper-battery-optimization","Could not create OpenMakerProjects/microclimate-mapper-battery-optimization
GraphQL: You have created too many repositories, too quickly. Please try again later. (createRepository)","2026-10-02T14:40:57.2849295+05:30"
"356","microclimate-mapper-sensor-self-test","OpenMakerProjects/microclimate-mapper-sensor-self-test","public","failed","False","https://github.com/OpenMakerProjects/microclimate-mapper-sensor-self-test","Could not create OpenMakerProjects/microclimate-mapper-sensor-self-test
GraphQL: You have created too many repositories, too quickly. Please try again later. (createRepository)","2026-10-02T14:41:00.0012205+05:30"
"357","microclimate-mapper-community-data-feed","OpenMakerProjects/microclimate-mapper-community-data-feed","public","failed","False","https://github.com/OpenMakerProjects/microclimate-mapper-community-data-feed","Could not create OpenMakerProjects/microclimate-mapper-community-data-feed
GraphQL: You have created too many repositories, too quickly. Please try again later. (createRepository)","2026-10-02T14:41:03.2094303+05:30"
"358","microclimate-mapper-extreme-event-capture","OpenMakerProjects/microclimate-mapper-extreme-event-capture","public","failed","False","https://github.com/OpenMakerProjects/microclimate-mapper-extreme-event-capture","Could not create OpenMakerProjects/microclimate-mapper-extreme-event-capture
GraphQL: You have created too many repositories, too quickly. Please try again later. (createRepository)","2026-10-02T14:41:06.5063681+05:30"
"359","microclimate-mapper-voice-weather-report","OpenMakerProjects/microclimate-mapper-voice-weather-report","public","failed","False","https://github.com/OpenMakerProjects/microclimate-mapper-voice-weather-report","Could not create OpenMakerProjects/microclimate-mapper-voice-weather-report
GraphQL: You have created too many repositories, too quickly. Please try again later. (createRepository)","2026-10-02T14:41:09.6857517+05:30"
"360","microclimate-mapper-e-paper-summary","OpenMakerProjects/microclimate-mapper-e-paper-summary","public","failed","False","https://github.com/OpenMakerProjects/microclimate-mapper-e-paper-summary","Could not create OpenMakerProjects/microclimate-mapper-e-paper-summary
GraphQL: You have created too many repositories, too quickly. Please try again later. (createRepository)","2026-10-02T14:41:12.7944140+05:30"
"361","flood-warning-pole-forecast-display","OpenMakerProjects/flood-warning-pole-forecast-display","public","failed","False","https://github.com/OpenMakerProjects/flood-warning-pole-forecast-display","Could not create OpenMakerProjects/flood-warning-pole-forecast-display
GraphQL: You have created too many repositories, too quickly. Please try again later. (createRepository)","2026-10-02T14:41:16.0186162+05:30"
"362","flood-warning-pole-storm-alerts","OpenMakerProjects/flood-warning-pole-storm-alerts","public","failed","False","https://github.com/OpenMakerProjects/flood-warning-pole-storm-alerts","Could not create OpenMakerProjects/flood-warning-pole-storm-alerts
GraphQL: You have created too many repositories, too quickly. Please try again later. (createRepository)","2026-10-02T14:41:18.7238625+05:30"
"363","flood-warning-pole-historical-charts","OpenMakerProjects/flood-warning-pole-historical-charts","public","failed","False","https://github.com/OpenMakerProjects/flood-warning-pole-historical-charts","Could not create OpenMakerProjects/flood-warning-pole-historical-charts
GraphQL: You have created too many repositories, too quickly. Please try again later. (createRepository)","2026-10-02T14:41:21.5979613+05:30"
"364","flood-warning-pole-remote-telemetry","OpenMakerProjects/flood-warning-pole-remote-telemetry","public","failed","False","https://github.com/OpenMakerProjects/flood-warning-pole-remote-telemetry","Could not create OpenMakerProjects/flood-warning-pole-remote-telemetry
GraphQL: You have created too many repositories, too quickly. Please try again later. (createRepository)","2026-10-02T14:41:24.6691576+05:30"
"365","flood-warning-pole-battery-optimization","OpenMakerProjects/flood-warning-pole-battery-optimization","public","failed","False","https://github.com/OpenMakerProjects/flood-warning-pole-battery-optimization","Could not create OpenMakerProjects/flood-warning-pole-battery-optimization
GraphQL: You have created too many repositories, too quickly. Please try again later. (createRepository)","2026-10-02T14:41:27.4578742+05:30"
"366","flood-warning-pole-sensor-self-test","OpenMakerProjects/flood-warning-pole-sensor-self-test","public","failed","False","https://github.com/OpenMakerProjects/flood-warning-pole-sensor-self-test","Could not create OpenMakerProjects/flood-warning-pole-sensor-self-test
GraphQL: You have created too many repositories, too quickly. Please try again later. (createRepository)","2026-10-02T14:41:30.1708727+05:30"
"367","flood-warning-pole-community-data-feed","OpenMakerProjects/flood-warning-pole-community-data-feed","public","failed","False","https://github.com/OpenMakerProjects/flood-warning-pole-community-data-feed","Could not create OpenMakerProjects/flood-warning-pole-community-data-feed
GraphQL: You have created too many repositories, too quickly. Please try again later. (createRepository)","2026-10-02T14:41:33.3710144+05:30"
"368","flood-warning-pole-extreme-event-capture","OpenMakerProjects/flood-warning-pole-extreme-event-capture","public","failed","False","https://github.com/OpenMakerProjects/flood-warning-pole-extreme-event-capture","Could not create OpenMakerProjects/flood-warning-pole-extreme-event-capture
GraphQL: You have created too many repositories, too quickly. Please try again later. (createRepository)","2026-10-02T14:41:36.5979125+05:30"
"369","flood-warning-pole-voice-weather-report","OpenMakerProjects/flood-warning-pole-voice-weather-report","public","failed","False","https://github.com/OpenMakerProjects/flood-warning-pole-voice-weather-report","Could not create OpenMakerProjects/flood-warning-pole-voice-weather-report
GraphQL: You have created too many repositories, too quickly. Please try again later. (createRepository)","2026-10-02T14:41:39.4093610+05:30"
"370","flood-warning-pole-e-paper-summary","OpenMakerProjects/flood-warning-pole-e-paper-summary","public","failed","False","https://github.com/OpenMakerProjects/flood-warning-pole-e-paper-summary","Could not create OpenMakerProjects/flood-warning-pole-e-paper-summary
GraphQL: You have created too many repositories, too quickly. Please try again later. (createRepository)","2026-10-02T14:41:42.6240854+05:30"
"371","road-ice-detector-forecast-display","OpenMakerProjects/road-ice-detector-forecast-display","public","failed","False","https://github.com/OpenMakerProjects/road-ice-detector-forecast-display","Could not create OpenMakerProjects/road-ice-detector-forecast-display
GraphQL: You have created too many repositories, too quickly. Please try again later. (createRepository)","2026-10-02T14:41:46.5248636+05:30"
"372","road-ice-detector-storm-alerts","OpenMakerProjects/road-ice-detector-storm-alerts","public","failed","False","https://github.com/OpenMakerProjects/road-ice-detector-storm-alerts","Could not create OpenMakerProjects/road-ice-detector-storm-alerts
GraphQL: You have created too many repositories, too quickly. Please try again later. (createRepository)","2026-10-02T14:41:49.9037531+05:30"
"373","road-ice-detector-historical-charts","OpenMakerProjects/road-ice-detector-historical-charts","public","failed","False","https://github.com/OpenMakerProjects/road-ice-detector-historical-charts","Could not create OpenMakerProjects/road-ice-detector-historical-charts
GraphQL: You have created too many repositories, too quickly. Please try again later. (createRepository)","2026-10-02T14:41:52.8686169+05:30"
"374","road-ice-detector-remote-telemetry","OpenMakerProjects/road-ice-detector-remote-telemetry","public","failed","False","https://github.com/OpenMakerProjects/road-ice-detector-remote-telemetry","Could not create OpenMakerProjects/road-ice-detector-remote-telemetry
GraphQL: You have created too many repositories, too quickly. Please try again later. (createRepository)","2026-10-02T14:41:55.7137701+05:30"
"375","road-ice-detector-battery-optimization","OpenMakerProjects/road-ice-detector-battery-optimization","public","failed","False","https://github.com/OpenMakerProjects/road-ice-detector-battery-optimization","Could not create OpenMakerProjects/road-ice-detector-battery-optimization
GraphQL: You have created too many repositories, too quickly. Please try again later. (createRepository)","2026-10-02T14:41:58.7653126+05:30"
"376","road-ice-detector-sensor-self-test","OpenMakerProjects/road-ice-detector-sensor-self-test","public","failed","False","https://github.com/OpenMakerProjects/road-ice-detector-sensor-self-test","Could not create OpenMakerProjects/road-ice-detector-sensor-self-test
GraphQL: You have created too many repositories, too quickly. Please try again later. (createRepository)","2026-10-02T14:42:01.7283113+05:30"
"377","road-ice-detector-community-data-feed","OpenMakerProjects/road-ice-detector-community-data-feed","public","failed","False","https://github.com/OpenMakerProjects/road-ice-detector-community-data-feed","Could not create OpenMakerProjects/road-ice-detector-community-data-feed
GraphQL: You have created too many repositories, too quickly. Please try again later. (createRepository)","2026-10-02T14:42:04.8064158+05:30"
"378","road-ice-detector-extreme-event-capture","OpenMakerProjects/road-ice-detector-extreme-event-capture","public","failed","False","https://github.com/OpenMakerProjects/road-ice-detector-extreme-event-capture","Could not create OpenMakerProjects/road-ice-detector-extreme-event-capture
GraphQL: You have created too many repositories, too quickly. Please try again later. (createRepository)","2026-10-02T14:42:07.6739860+05:30"
"379","road-ice-detector-voice-weather-report","OpenMakerProjects/road-ice-detector-voice-weather-report","public","failed","False","https://github.com/OpenMakerProjects/road-ice-detector-voice-weather-report","Could not create OpenMakerProjects/road-ice-detector-voice-weather-report
GraphQL: You have created too many repositories, too quickly. Please try again later. (createRepository)","2026-10-02T14:42:10.4500045+05:30"
"380","road-ice-detector-e-paper-summary","OpenMakerProjects/road-ice-detector-e-paper-summary","public","failed","False","https://github.com/OpenMakerProjects/road-ice-detector-e-paper-summary","Could not create OpenMakerProjects/road-ice-detector-e-paper-summary
GraphQL: You have created too many repositories, too quickly. Please try again later. (createRepository)","2026-10-02T14:42:13.1972428+05:30"
"381","cloud-observation-camera-forecast-display","OpenMakerProjects/cloud-observation-camera-forecast-display","public","failed","False","https://github.com/OpenMakerProjects/cloud-observation-camera-forecast-display","Could not create OpenMakerProjects/cloud-observation-camera-forecast-display
GraphQL: You have created too many repositories, too quickly. Please try again later. (createRepository)","2026-10-02T14:42:16.0390615+05:30"
"382","cloud-observation-camera-storm-alerts","OpenMakerProjects/cloud-observation-camera-storm-alerts","public","failed","False","https://github.com/OpenMakerProjects/cloud-observation-camera-storm-alerts","Could not create OpenMakerProjects/cloud-observation-camera-storm-alerts
GraphQL: You have created too many repositories, too quickly. Please try again later. (createRepository)","2026-10-02T14:42:18.8778185+05:30"
"383","cloud-observation-camera-historical-charts","OpenMakerProjects/cloud-observation-camera-historical-charts","public","failed","False","https://github.com/OpenMakerProjects/cloud-observation-camera-historical-charts","Could not create OpenMakerProjects/cloud-observation-camera-historical-charts
GraphQL: You have created too many repositories, too quickly. Please try again later. (createRepository)","2026-10-02T14:42:21.7611468+05:30"
"384","cloud-observation-camera-remote-telemetry","OpenMakerProjects/cloud-observation-camera-remote-telemetry","public","failed","False","https://github.com/OpenMakerProjects/cloud-observation-camera-remote-telemetry","Could not create OpenMakerProjects/cloud-observation-camera-remote-telemetry
GraphQL: You have created too many repositories, too quickly. Please try again later. (createRepository)","2026-10-02T14:42:24.3410887+05:30"
"385","cloud-observation-camera-battery-optimization","OpenMakerProjects/cloud-observation-camera-battery-optimization","public","failed","False","https://github.com/OpenMakerProjects/cloud-observation-camera-battery-optimization","Could not create OpenMakerProjects/cloud-observation-camera-battery-optimization
GraphQL: You have created too many repositories, too quickly. Please try again later. (createRepository)","2026-10-02T14:42:27.1431127+05:30"
"386","cloud-observation-camera-sensor-self-test","OpenMakerProjects/cloud-observation-camera-sensor-self-test","public","failed","False","https://github.com/OpenMakerProjects/cloud-observation-camera-sensor-self-test","Could not create OpenMakerProjects/cloud-observation-camera-sensor-self-test
GraphQL: You have created too many repositories, too quickly. Please try again later. (createRepository)","2026-10-02T14:42:29.8527976+05:30"
"387","cloud-observation-camera-community-data-feed","OpenMakerProjects/cloud-observation-camera-community-data-feed","public","failed","False","https://github.com/OpenMakerProjects/cloud-observation-camera-community-data-feed","Could not create OpenMakerProjects/cloud-observation-camera-community-data-feed
GraphQL: You have created too many repositories, too quickly. Please try again later. (createRepository)","2026-10-02T14:42:32.5220527+05:30"
"388","cloud-observation-camera-extreme-event-capture","OpenMakerProjects/cloud-observation-camera-extreme-event-capture","public","failed","False","https://github.com/OpenMakerProjects/cloud-observation-camera-extreme-event-capture","Could not create OpenMakerProjects/cloud-observation-camera-extreme-event-capture
GraphQL: You have created too many repositories, too quickly. Please try again later. (createRepository)","2026-10-02T14:42:35.1946404+05:30"
"389","cloud-observation-camera-voice-weather-report","OpenMakerProjects/cloud-observation-camera-voice-weather-report","public","failed","False","https://github.com/OpenMakerProjects/cloud-observation-camera-voice-weather-report","Could not create OpenMakerProjects/cloud-observation-camera-voice-weather-report
GraphQL: You have created too many repositories, too quickly. Please try again later. (createRepository)","2026-10-02T14:42:37.8098192+05:30"
"390","cloud-observation-camera-e-paper-summary","OpenMakerProjects/cloud-observation-camera-e-paper-summary","public","failed","False","https://github.com/OpenMakerProjects/cloud-observation-camera-e-paper-summary","Could not create OpenMakerProjects/cloud-observation-camera-e-paper-summary
GraphQL: You have created too many repositories, too quickly. Please try again later. (createRepository)","2026-10-02T14:42:40.5040600+05:30"
"391","portable-weather-console-forecast-display","OpenMakerProjects/portable-weather-console-forecast-display","public","failed","False","https://github.com/OpenMakerProjects/portable-weather-console-forecast-display","Could not create OpenMakerProjects/portable-weather-console-forecast-display
GraphQL: You have created too many repositories, too quickly. Please try again later. (createRepository)","2026-10-02T14:42:43.3521332+05:30"
"392","portable-weather-console-storm-alerts","OpenMakerProjects/portable-weather-console-storm-alerts","public","failed","False","https://github.com/OpenMakerProjects/portable-weather-console-storm-alerts","Could not create OpenMakerProjects/portable-weather-console-storm-alerts
GraphQL: You have created too many repositories, too quickly. Please try again later. (createRepository)","2026-10-02T14:42:46.8713503+05:30"
"393","portable-weather-console-historical-charts","OpenMakerProjects/portable-weather-console-historical-charts","public","failed","False","https://github.com/OpenMakerProjects/portable-weather-console-historical-charts","Could not create OpenMakerProjects/portable-weather-console-historical-charts
GraphQL: You have created too many repositories, too quickly. Please try again later. (createRepository)","2026-10-02T14:42:49.5023269+05:30"
"394","portable-weather-console-remote-telemetry","OpenMakerProjects/portable-weather-console-remote-telemetry","public","failed","False","https://github.com/OpenMakerProjects/portable-weather-console-remote-telemetry","Could not create OpenMakerProjects/portable-weather-console-remote-telemetry
GraphQL: You have created too many repositories, too quickly. Please try again later. (createRepository)","2026-10-02T14:42:52.1986934+05:30"
"395","portable-weather-console-battery-optimization","OpenMakerProjects/portable-weather-console-battery-optimization","public","failed","False","https://github.com/OpenMakerProjects/portable-weather-console-battery-optimization","Could not create OpenMakerProjects/portable-weather-console-battery-optimization
GraphQL: You have created too many repositories, too quickly. Please try again later. (createRepository)","2026-10-02T14:42:54.8437336+05:30"
"396","portable-weather-console-sensor-self-test","OpenMakerProjects/portable-weather-console-sensor-self-test","public","failed","False","https://github.com/OpenMakerProjects/portable-weather-console-sensor-self-test","Could not create OpenMakerProjects/portable-weather-console-sensor-self-test
GraphQL: You have created too many repositories, too quickly. Please try again later. (createRepository)","2026-10-02T14:42:57.6964235+05:30"
"397","portable-weather-console-community-data-feed","OpenMakerProjects/portable-weather-console-community-data-feed","public","failed","False","https://github.com/OpenMakerProjects/portable-weather-console-community-data-feed","Could not create OpenMakerProjects/portable-weather-console-community-data-feed
GraphQL: You have created too many repositories, too quickly. Please try again later. (createRepository)","2026-10-02T14:43:00.4567939+05:30"
"398","portable-weather-console-extreme-event-capture","OpenMakerProjects/portable-weather-console-extreme-event-capture","public","failed","False","https://github.com/OpenMakerProjects/portable-weather-console-extreme-event-capture","Could not create OpenMakerProjects/portable-weather-console-extreme-event-capture
GraphQL: You have created too many repositories, too quickly. Please try again later. (createRepository)","2026-10-02T14:43:03.1818010+05:30"
"399","portable-weather-console-voice-weather-report","OpenMakerProjects/portable-weather-console-voice-weather-report","public","failed","False","https://github.com/OpenMakerProjects/portable-weather-console-voice-weather-report","Could not create OpenMakerProjects/portable-weather-console-voice-weather-report
GraphQL: You have created too many repositories, too quickly. Please try again later. (createRepository)","2026-10-02T14:43:05.7088677+05:30"
"400","portable-weather-console-e-paper-summary","OpenMakerProjects/portable-weather-console-e-paper-summary","public","failed","False","https://github.com/OpenMakerProjects/portable-weather-console-e-paper-summary","Could not create OpenMakerProjects/portable-weather-console-e-paper-summary
GraphQL: You have created too many repositories, too quickly. Please try again later. (createRepository)","2026-10-02T14:43:08.4553460+05:30"
"401","home-energy-meter-live-consumption-display","OpenMakerProjects/home-energy-meter-live-consumption-display","public","failed","False","https://github.com/OpenMakerProjects/home-energy-meter-live-consumption-display","Could not create OpenMakerProjects/home-energy-meter-live-consumption-display
GraphQL: You have created too many repositories, too quickly. Please try again later. (createRepository)","2026-10-02T14:43:11.2103773+05:30"
"402","home-energy-meter-peak-demand-alerts","OpenMakerProjects/home-energy-meter-peak-demand-alerts","public","failed","False","https://github.com/OpenMakerProjects/home-energy-meter-peak-demand-alerts","Could not create OpenMakerProjects/home-energy-meter-peak-demand-alerts
GraphQL: You have created too many repositories, too quickly. Please try again later. (createRepository)","2026-10-02T14:43:13.8614210+05:30"
"403","home-energy-meter-load-scheduling","OpenMakerProjects/home-energy-meter-load-scheduling","public","failed","False","https://github.com/OpenMakerProjects/home-energy-meter-load-scheduling","Could not create OpenMakerProjects/home-energy-meter-load-scheduling
GraphQL: You have created too many repositories, too quickly. Please try again later. (createRepository)","2026-10-02T14:43:16.6629422+05:30"
"404","home-energy-meter-fault-detection","OpenMakerProjects/home-energy-meter-fault-detection","public","failed","False","https://github.com/OpenMakerProjects/home-energy-meter-fault-detection","Could not create OpenMakerProjects/home-energy-meter-fault-detection
GraphQL: You have created too many repositories, too quickly. Please try again later. (createRepository)","2026-10-02T14:43:19.4885538+05:30"
"405","home-energy-meter-cost-estimation","OpenMakerProjects/home-energy-meter-cost-estimation","public","failed","False","https://github.com/OpenMakerProjects/home-energy-meter-cost-estimation","Could not create OpenMakerProjects/home-energy-meter-cost-estimation
GraphQL: You have created too many repositories, too quickly. Please try again later. (createRepository)","2026-10-02T14:43:22.2310458+05:30"
"406","home-energy-meter-solar-yield-tracking","OpenMakerProjects/home-energy-meter-solar-yield-tracking","public","failed","False","https://github.com/OpenMakerProjects/home-energy-meter-solar-yield-tracking","Could not create OpenMakerProjects/home-energy-meter-solar-yield-tracking
GraphQL: You have created too many repositories, too quickly. Please try again later. (createRepository)","2026-10-02T14:43:25.4910456+05:30"
"407","home-energy-meter-battery-cycle-logging","OpenMakerProjects/home-energy-meter-battery-cycle-logging","public","failed","False","https://github.com/OpenMakerProjects/home-energy-meter-battery-cycle-logging","Could not create OpenMakerProjects/home-energy-meter-battery-cycle-logging
GraphQL: You have created too many repositories, too quickly. Please try again later. (createRepository)","2026-10-02T14:43:28.4897734+05:30"
"408","home-energy-meter-power-factor-analysis","OpenMakerProjects/home-energy-meter-power-factor-analysis","public","failed","False","https://github.com/OpenMakerProjects/home-energy-meter-power-factor-analysis","Could not create OpenMakerProjects/home-energy-meter-power-factor-analysis
GraphQL: You have created too many repositories, too quickly. Please try again later. (createRepository)","2026-10-02T14:43:31.8440073+05:30"
"409","home-energy-meter-remote-disconnect","OpenMakerProjects/home-energy-meter-remote-disconnect","public","failed","False","https://github.com/OpenMakerProjects/home-energy-meter-remote-disconnect","Could not create OpenMakerProjects/home-energy-meter-remote-disconnect
GraphQL: You have created too many repositories, too quickly. Please try again later. (createRepository)","2026-10-02T14:43:34.5324352+05:30"
"410","home-energy-meter-open-energy-dashboard","OpenMakerProjects/home-energy-meter-open-energy-dashboard","public","failed","False","https://github.com/OpenMakerProjects/home-energy-meter-open-energy-dashboard","Could not create OpenMakerProjects/home-energy-meter-open-energy-dashboard
GraphQL: You have created too many repositories, too quickly. Please try again later. (createRepository)","2026-10-02T14:43:37.2898412+05:30"
"411","solar-array-monitor-live-consumption-display","OpenMakerProjects/solar-array-monitor-live-consumption-display","public","failed","False","https://github.com/OpenMakerProjects/solar-array-monitor-live-consumption-display","Could not create OpenMakerProjects/solar-array-monitor-live-consumption-display
GraphQL: You have created too many repositories, too quickly. Please try again later. (createRepository)","2026-10-02T14:43:40.1373786+05:30"
"412","solar-array-monitor-peak-demand-alerts","OpenMakerProjects/solar-array-monitor-peak-demand-alerts","public","failed","False","https://github.com/OpenMakerProjects/solar-array-monitor-peak-demand-alerts","Could not create OpenMakerProjects/solar-array-monitor-peak-demand-alerts
GraphQL: You have created too many repositories, too quickly. Please try again later. (createRepository)","2026-10-02T14:43:42.9842492+05:30"
"413","solar-array-monitor-load-scheduling","OpenMakerProjects/solar-array-monitor-load-scheduling","public","failed","False","https://github.com/OpenMakerProjects/solar-array-monitor-load-scheduling","Could not create OpenMakerProjects/solar-array-monitor-load-scheduling
GraphQL: You have created too many repositories, too quickly. Please try again later. (createRepository)","2026-10-02T14:43:45.7034504+05:30"
"414","solar-array-monitor-fault-detection","OpenMakerProjects/solar-array-monitor-fault-detection","public","failed","False","https://github.com/OpenMakerProjects/solar-array-monitor-fault-detection","Could not create OpenMakerProjects/solar-array-monitor-fault-detection
GraphQL: You have created too many repositories, too quickly. Please try again later. (createRepository)","2026-10-02T14:43:48.5200703+05:30"
"415","solar-array-monitor-cost-estimation","OpenMakerProjects/solar-array-monitor-cost-estimation","public","failed","False","https://github.com/OpenMakerProjects/solar-array-monitor-cost-estimation","Could not create OpenMakerProjects/solar-array-monitor-cost-estimation
GraphQL: You have created too many repositories, too quickly. Please try again later. (createRepository)","2026-10-02T14:43:51.1161206+05:30"
"416","solar-array-monitor-solar-yield-tracking","OpenMakerProjects/solar-array-monitor-solar-yield-tracking","public","failed","False","https://github.com/OpenMakerProjects/solar-array-monitor-solar-yield-tracking","Could not create OpenMakerProjects/solar-array-monitor-solar-yield-tracking
GraphQL: You have created too many repositories, too quickly. Please try again later. (createRepository)","2026-10-02T14:43:54.5550102+05:30"
"417","solar-array-monitor-battery-cycle-logging","OpenMakerProjects/solar-array-monitor-battery-cycle-logging","public","failed","False","https://github.com/OpenMakerProjects/solar-array-monitor-battery-cycle-logging","Could not create OpenMakerProjects/solar-array-monitor-battery-cycle-logging
GraphQL: You have created too many repositories, too quickly. Please try again later. (createRepository)","2026-10-02T14:43:57.1541972+05:30"
"418","solar-array-monitor-power-factor-analysis","OpenMakerProjects/solar-array-monitor-power-factor-analysis","public","failed","False","https://github.com/OpenMakerProjects/solar-array-monitor-power-factor-analysis","Could not create OpenMakerProjects/solar-array-monitor-power-factor-analysis
GraphQL: You have created too many repositories, too quickly. Please try again later. (createRepository)","2026-10-02T14:43:59.7053412+05:30"
"419","solar-array-monitor-remote-disconnect","OpenMakerProjects/solar-array-monitor-remote-disconnect","public","failed","False","https://github.com/OpenMakerProjects/solar-array-monitor-remote-disconnect","Could not create OpenMakerProjects/solar-array-monitor-remote-disconnect
GraphQL: You have created too many repositories, too quickly. Please try again later. (createRepository)","2026-10-02T14:44:02.4348712+05:30"
"420","solar-array-monitor-open-energy-dashboard","OpenMakerProjects/solar-array-monitor-open-energy-dashboard","public","failed","False","https://github.com/OpenMakerProjects/solar-array-monitor-open-energy-dashboard","Could not create OpenMakerProjects/solar-array-monitor-open-energy-dashboard
GraphQL: You have created too many repositories, too quickly. Please try again later. (createRepository)","2026-10-02T14:44:05.1446289+05:30"
"421","battery-health-station-live-consumption-display","OpenMakerProjects/battery-health-station-live-consumption-display","public","failed","False","https://github.com/OpenMakerProjects/battery-health-station-live-consumption-display","Could not create OpenMakerProjects/battery-health-station-live-consumption-display
GraphQL: You have created too many repositories, too quickly. Please try again later. (createRepository)","2026-10-02T14:44:07.9079685+05:30"
"422","battery-health-station-peak-demand-alerts","OpenMakerProjects/battery-health-station-peak-demand-alerts","public","failed","False","https://github.com/OpenMakerProjects/battery-health-station-peak-demand-alerts","Could not create OpenMakerProjects/battery-health-station-peak-demand-alerts
GraphQL: You have created too many repositories, too quickly. Please try again later. (createRepository)","2026-10-02T14:44:10.6082919+05:30"
"423","battery-health-station-load-scheduling","OpenMakerProjects/battery-health-station-load-scheduling","public","failed","False","https://github.com/OpenMakerProjects/battery-health-station-load-scheduling","Could not create OpenMakerProjects/battery-health-station-load-scheduling
GraphQL: You have created too many repositories, too quickly. Please try again later. (createRepository)","2026-10-02T14:44:13.5207855+05:30"
"424","battery-health-station-fault-detection","OpenMakerProjects/battery-health-station-fault-detection","public","failed","False","https://github.com/OpenMakerProjects/battery-health-station-fault-detection","Could not create OpenMakerProjects/battery-health-station-fault-detection
GraphQL: You have created too many repositories, too quickly. Please try again later. (createRepository)","2026-10-02T14:44:16.2459599+05:30"
"425","battery-health-station-cost-estimation","OpenMakerProjects/battery-health-station-cost-estimation","public","failed","False","https://github.com/OpenMakerProjects/battery-health-station-cost-estimation","Could not create OpenMakerProjects/battery-health-station-cost-estimation
GraphQL: You have created too many repositories, too quickly. Please try again later. (createRepository)","2026-10-02T14:44:18.9537609+05:30"
"426","battery-health-station-solar-yield-tracking","OpenMakerProjects/battery-health-station-solar-yield-tracking","public","failed","False","https://github.com/OpenMakerProjects/battery-health-station-solar-yield-tracking","Could not create OpenMakerProjects/battery-health-station-solar-yield-tracking
GraphQL: You have created too many repositories, too quickly. Please try again later. (createRepository)","2026-10-02T14:44:21.7886301+05:30"
"427","battery-health-station-battery-cycle-logging","OpenMakerProjects/battery-health-station-battery-cycle-logging","public","failed","False","https://github.com/OpenMakerProjects/battery-health-station-battery-cycle-logging","Could not create OpenMakerProjects/battery-health-station-battery-cycle-logging
GraphQL: You have created too many repositories, too quickly. Please try again later. (createRepository)","2026-10-02T14:44:24.6084343+05:30"
"428","battery-health-station-power-factor-analysis","OpenMakerProjects/battery-health-station-power-factor-analysis","public","failed","False","https://github.com/OpenMakerProjects/battery-health-station-power-factor-analysis","Could not create OpenMakerProjects/battery-health-station-power-factor-analysis
GraphQL: You have created too many repositories, too quickly. Please try again later. (createRepository)","2026-10-02T14:44:28.3480875+05:30"
"429","battery-health-station-remote-disconnect","OpenMakerProjects/battery-health-station-remote-disconnect","public","failed","False","https://github.com/OpenMakerProjects/battery-health-station-remote-disconnect","Could not create OpenMakerProjects/battery-health-station-remote-disconnect
GraphQL: You have created too many repositories, too quickly. Please try again later. (createRepository)","2026-10-02T14:44:31.4503155+05:30"
"430","battery-health-station-open-energy-dashboard","OpenMakerProjects/battery-health-station-open-energy-dashboard","public","failed","False","https://github.com/OpenMakerProjects/battery-health-station-open-energy-dashboard","Could not create OpenMakerProjects/battery-health-station-open-energy-dashboard
GraphQL: You have created too many repositories, too quickly. Please try again later. (createRepository)","2026-10-02T14:44:34.7736078+05:30"
"431","smart-power-strip-live-consumption-display","OpenMakerProjects/smart-power-strip-live-consumption-display","public","failed","False","https://github.com/OpenMakerProjects/smart-power-strip-live-consumption-display","Could not create OpenMakerProjects/smart-power-strip-live-consumption-display
GraphQL: You have created too many repositories, too quickly. Please try again later. (createRepository)","2026-10-02T14:44:37.7677330+05:30"
"432","smart-power-strip-peak-demand-alerts","OpenMakerProjects/smart-power-strip-peak-demand-alerts","public","failed","False","https://github.com/OpenMakerProjects/smart-power-strip-peak-demand-alerts","Could not create OpenMakerProjects/smart-power-strip-peak-demand-alerts
GraphQL: You have created too many repositories, too quickly. Please try again later. (createRepository)","2026-10-02T14:44:40.7076789+05:30"
"433","smart-power-strip-load-scheduling","OpenMakerProjects/smart-power-strip-load-scheduling","public","failed","False","https://github.com/OpenMakerProjects/smart-power-strip-load-scheduling","Could not create OpenMakerProjects/smart-power-strip-load-scheduling
GraphQL: You have created too many repositories, too quickly. Please try again later. (createRepository)","2026-10-02T14:44:43.6075899+05:30"
"434","smart-power-strip-fault-detection","OpenMakerProjects/smart-power-strip-fault-detection","public","failed","False","https://github.com/OpenMakerProjects/smart-power-strip-fault-detection","Could not create OpenMakerProjects/smart-power-strip-fault-detection
GraphQL: You have created too many repositories, too quickly. Please try again later. (createRepository)","2026-10-02T14:44:46.7457134+05:30"
"435","smart-power-strip-cost-estimation","OpenMakerProjects/smart-power-strip-cost-estimation","public","failed","False","https://github.com/OpenMakerProjects/smart-power-strip-cost-estimation","Could not create OpenMakerProjects/smart-power-strip-cost-estimation
GraphQL: You have created too many repositories, too quickly. Please try again later. (createRepository)","2026-10-02T14:44:49.6259229+05:30"
"436","smart-power-strip-solar-yield-tracking","OpenMakerProjects/smart-power-strip-solar-yield-tracking","public","failed","False","https://github.com/OpenMakerProjects/smart-power-strip-solar-yield-tracking","Could not create OpenMakerProjects/smart-power-strip-solar-yield-tracking
GraphQL: You have created too many repositories, too quickly. Please try again later. (createRepository)","2026-10-02T14:44:52.8222238+05:30"
"437","smart-power-strip-battery-cycle-logging","OpenMakerProjects/smart-power-strip-battery-cycle-logging","public","failed","False","https://github.com/OpenMakerProjects/smart-power-strip-battery-cycle-logging","Could not create OpenMakerProjects/smart-power-strip-battery-cycle-logging
GraphQL: You have created too many repositories, too quickly. Please try again later. (createRepository)","2026-10-02T14:44:56.0294959+05:30"
"438","smart-power-strip-power-factor-analysis","OpenMakerProjects/smart-power-strip-power-factor-analysis","public","failed","False","https://github.com/OpenMakerProjects/smart-power-strip-power-factor-analysis","Could not create OpenMakerProjects/smart-power-strip-power-factor-analysis
GraphQL: You have created too many repositories, too quickly. Please try again later. (createRepository)","2026-10-02T14:44:58.9481819+05:30"
"439","smart-power-strip-remote-disconnect","OpenMakerProjects/smart-power-strip-remote-disconnect","public","failed","False","https://github.com/OpenMakerProjects/smart-power-strip-remote-disconnect","Could not create OpenMakerProjects/smart-power-strip-remote-disconnect
GraphQL: You have created too many repositories, too quickly. Please try again later. (createRepository)","2026-10-02T14:45:02.4546261+05:30"
"440","smart-power-strip-open-energy-dashboard","OpenMakerProjects/smart-power-strip-open-energy-dashboard","public","failed","False","https://github.com/OpenMakerProjects/smart-power-strip-open-energy-dashboard","Could not create OpenMakerProjects/smart-power-strip-open-energy-dashboard
GraphQL: You have created too many repositories, too quickly. Please try again later. (createRepository)","2026-10-02T14:45:05.5834197+05:30"
"441","appliance-load-analyzer-live-consumption-display","OpenMakerProjects/appliance-load-analyzer-live-consumption-display","public","failed","False","https://github.com/OpenMakerProjects/appliance-load-analyzer-live-consumption-display","Could not create OpenMakerProjects/appliance-load-analyzer-live-consumption-display
GraphQL: You have created too many repositories, too quickly. Please try again later. (createRepository)","2026-10-02T14:45:08.6632275+05:30"
"442","appliance-load-analyzer-peak-demand-alerts","OpenMakerProjects/appliance-load-analyzer-peak-demand-alerts","public","failed","False","https://github.com/OpenMakerProjects/appliance-load-analyzer-peak-demand-alerts","Could not create OpenMakerProjects/appliance-load-analyzer-peak-demand-alerts
GraphQL: You have created too many repositories, too quickly. Please try again later. (createRepository)","2026-10-02T14:45:11.6965116+05:30"
"443","appliance-load-analyzer-load-scheduling","OpenMakerProjects/appliance-load-analyzer-load-scheduling","public","failed","False","https://github.com/OpenMakerProjects/appliance-load-analyzer-load-scheduling","Could not create OpenMakerProjects/appliance-load-analyzer-load-scheduling
GraphQL: You have created too many repositories, too quickly. Please try again later. (createRepository)","2026-10-02T14:45:14.6959819+05:30"
"444","appliance-load-analyzer-fault-detection","OpenMakerProjects/appliance-load-analyzer-fault-detection","public","failed","False","https://github.com/OpenMakerProjects/appliance-load-analyzer-fault-detection","Could not create OpenMakerProjects/appliance-load-analyzer-fault-detection
GraphQL: You have created too many repositories, too quickly. Please try again later. (createRepository)","2026-10-02T14:45:18.2978846+05:30"
"445","appliance-load-analyzer-cost-estimation","OpenMakerProjects/appliance-load-analyzer-cost-estimation","public","failed","False","https://github.com/OpenMakerProjects/appliance-load-analyzer-cost-estimation","Could not create OpenMakerProjects/appliance-load-analyzer-cost-estimation
GraphQL: You have created too many repositories, too quickly. Please try again later. (createRepository)","2026-10-02T14:45:21.3097075+05:30"
"446","appliance-load-analyzer-solar-yield-tracking","OpenMakerProjects/appliance-load-analyzer-solar-yield-tracking","public","failed","False","https://github.com/OpenMakerProjects/appliance-load-analyzer-solar-yield-tracking","Could not create OpenMakerProjects/appliance-load-analyzer-solar-yield-tracking
GraphQL: You have created too many repositories, too quickly. Please try again later. (createRepository)","2026-10-02T14:45:24.6047204+05:30"
"447","appliance-load-analyzer-battery-cycle-logging","OpenMakerProjects/appliance-load-analyzer-battery-cycle-logging","public","failed","False","https://github.com/OpenMakerProjects/appliance-load-analyzer-battery-cycle-logging","Could not create OpenMakerProjects/appliance-load-analyzer-battery-cycle-logging
GraphQL: You have created too many repositories, too quickly. Please try again later. (createRepository)","2026-10-02T14:45:27.4815929+05:30"
"448","appliance-load-analyzer-power-factor-analysis","OpenMakerProjects/appliance-load-analyzer-power-factor-analysis","public","failed","False","https://github.com/OpenMakerProjects/appliance-load-analyzer-power-factor-analysis","Could not create OpenMakerProjects/appliance-load-analyzer-power-factor-analysis
GraphQL: You have created too many repositories, too quickly. Please try again later. (createRepository)","2026-10-02T14:45:30.4267332+05:30"
"449","appliance-load-analyzer-remote-disconnect","OpenMakerProjects/appliance-load-analyzer-remote-disconnect","public","failed","False","https://github.com/OpenMakerProjects/appliance-load-analyzer-remote-disconnect","Could not create OpenMakerProjects/appliance-load-analyzer-remote-disconnect
GraphQL: You have created too many repositories, too quickly. Please try again later. (createRepository)","2026-10-02T14:45:33.6226672+05:30"
"450","appliance-load-analyzer-open-energy-dashboard","OpenMakerProjects/appliance-load-analyzer-open-energy-dashboard","public","failed","False","https://github.com/OpenMakerProjects/appliance-load-analyzer-open-energy-dashboard","Could not create OpenMakerProjects/appliance-load-analyzer-open-energy-dashboard
GraphQL: You have created too many repositories, too quickly. Please try again later. (createRepository)","2026-10-02T14:45:36.8851193+05:30"
"451","microgrid-status-panel-live-consumption-display","OpenMakerProjects/microgrid-status-panel-live-consumption-display","public","failed","False","https://github.com/OpenMakerProjects/microgrid-status-panel-live-consumption-display","Could not create OpenMakerProjects/microgrid-status-panel-live-consumption-display
GraphQL: You have created too many repositories, too quickly. Please try again later. (createRepository)","2026-10-02T14:45:39.7714626+05:30"
"452","microgrid-status-panel-peak-demand-alerts","OpenMakerProjects/microgrid-status-panel-peak-demand-alerts","public","failed","False","https://github.com/OpenMakerProjects/microgrid-status-panel-peak-demand-alerts","Could not create OpenMakerProjects/microgrid-status-panel-peak-demand-alerts
GraphQL: You have created too many repositories, too quickly. Please try again later. (createRepository)","2026-10-02T14:45:43.2412855+05:30"
"453","microgrid-status-panel-load-scheduling","OpenMakerProjects/microgrid-status-panel-load-scheduling","public","failed","False","https://github.com/OpenMakerProjects/microgrid-status-panel-load-scheduling","Could not create OpenMakerProjects/microgrid-status-panel-load-scheduling
GraphQL: You have created too many repositories, too quickly. Please try again later. (createRepository)","2026-10-02T14:45:46.4136420+05:30"
"454","microgrid-status-panel-fault-detection","OpenMakerProjects/microgrid-status-panel-fault-detection","public","failed","False","https://github.com/OpenMakerProjects/microgrid-status-panel-fault-detection","Could not create OpenMakerProjects/microgrid-status-panel-fault-detection
GraphQL: You have created too many repositories, too quickly. Please try again later. (createRepository)","2026-10-02T14:45:49.6773516+05:30"
"455","microgrid-status-panel-cost-estimation","OpenMakerProjects/microgrid-status-panel-cost-estimation","public","failed","False","https://github.com/OpenMakerProjects/microgrid-status-panel-cost-estimation","Could not create OpenMakerProjects/microgrid-status-panel-cost-estimation
GraphQL: You have created too many repositories, too quickly. Please try again later. (createRepository)","2026-10-02T14:45:52.8557294+05:30"
"456","microgrid-status-panel-solar-yield-tracking","OpenMakerProjects/microgrid-status-panel-solar-yield-tracking","public","failed","False","https://github.com/OpenMakerProjects/microgrid-status-panel-solar-yield-tracking","Could not create OpenMakerProjects/microgrid-status-panel-solar-yield-tracking
GraphQL: You have created too many repositories, too quickly. Please try again later. (createRepository)","2026-10-02T14:45:56.2148956+05:30"
"457","microgrid-status-panel-battery-cycle-logging","OpenMakerProjects/microgrid-status-panel-battery-cycle-logging","public","failed","False","https://github.com/OpenMakerProjects/microgrid-status-panel-battery-cycle-logging","Could not create OpenMakerProjects/microgrid-status-panel-battery-cycle-logging
GraphQL: You have created too many repositories, too quickly. Please try again later. (createRepository)","2026-10-02T14:45:59.0704199+05:30"
"458","microgrid-status-panel-power-factor-analysis","OpenMakerProjects/microgrid-status-panel-power-factor-analysis","public","failed","False","https://github.com/OpenMakerProjects/microgrid-status-panel-power-factor-analysis","Could not create OpenMakerProjects/microgrid-status-panel-power-factor-analysis
GraphQL: You have created too many repositories, too quickly. Please try again later. (createRepository)","2026-10-02T14:46:01.9765955+05:30"
"459","microgrid-status-panel-remote-disconnect","OpenMakerProjects/microgrid-status-panel-remote-disconnect","public","failed","False","https://github.com/OpenMakerProjects/microgrid-status-panel-remote-disconnect","Could not create OpenMakerProjects/microgrid-status-panel-remote-disconnect
GraphQL: You have created too many repositories, too quickly. Please try again later. (createRepository)","2026-10-02T14:46:04.9883391+05:30"
"460","microgrid-status-panel-open-energy-dashboard","OpenMakerProjects/microgrid-status-panel-open-energy-dashboard","public","failed","False","https://github.com/OpenMakerProjects/microgrid-status-panel-open-energy-dashboard","Could not create OpenMakerProjects/microgrid-status-panel-open-energy-dashboard
GraphQL: You have created too many repositories, too quickly. Please try again later. (createRepository)","2026-10-02T14:46:07.7844414+05:30"
"461","wind-turbine-logger-live-consumption-display","OpenMakerProjects/wind-turbine-logger-live-consumption-display","public","failed","False","https://github.com/OpenMakerProjects/wind-turbine-logger-live-consumption-display","Could not create OpenMakerProjects/wind-turbine-logger-live-consumption-display
GraphQL: You have created too many repositories, too quickly. Please try again later. (createRepository)","2026-10-02T14:46:10.5849901+05:30"
"462","wind-turbine-logger-peak-demand-alerts","OpenMakerProjects/wind-turbine-logger-peak-demand-alerts","public","failed","False","https://github.com/OpenMakerProjects/wind-turbine-logger-peak-demand-alerts","Could not create OpenMakerProjects/wind-turbine-logger-peak-demand-alerts
GraphQL: You have created too many repositories, too quickly. Please try again later. (createRepository)","2026-10-02T14:46:13.4057189+05:30"
"463","wind-turbine-logger-load-scheduling","OpenMakerProjects/wind-turbine-logger-load-scheduling","public","failed","False","https://github.com/OpenMakerProjects/wind-turbine-logger-load-scheduling","Could not create OpenMakerProjects/wind-turbine-logger-load-scheduling
GraphQL: You have created too many repositories, too quickly. Please try again later. (createRepository)","2026-10-02T14:46:16.3171405+05:30"
"464","wind-turbine-logger-fault-detection","OpenMakerProjects/wind-turbine-logger-fault-detection","public","failed","False","https://github.com/OpenMakerProjects/wind-turbine-logger-fault-detection","Could not create OpenMakerProjects/wind-turbine-logger-fault-detection
GraphQL: You have created too many repositories, too quickly. Please try again later. (createRepository)","2026-10-02T14:46:19.0958709+05:30"
"465","wind-turbine-logger-cost-estimation","OpenMakerProjects/wind-turbine-logger-cost-estimation","public","failed","False","https://github.com/OpenMakerProjects/wind-turbine-logger-cost-estimation","Could not create OpenMakerProjects/wind-turbine-logger-cost-estimation
GraphQL: You have created too many repositories, too quickly. Please try again later. (createRepository)","2026-10-02T14:46:21.7654424+05:30"
"466","wind-turbine-logger-solar-yield-tracking","OpenMakerProjects/wind-turbine-logger-solar-yield-tracking","public","failed","False","https://github.com/OpenMakerProjects/wind-turbine-logger-solar-yield-tracking","Could not create OpenMakerProjects/wind-turbine-logger-solar-yield-tracking
GraphQL: You have created too many repositories, too quickly. Please try again later. (createRepository)","2026-10-02T14:46:24.7597021+05:30"
"467","wind-turbine-logger-battery-cycle-logging","OpenMakerProjects/wind-turbine-logger-battery-cycle-logging","public","failed","False","https://github.com/OpenMakerProjects/wind-turbine-logger-battery-cycle-logging","Could not create OpenMakerProjects/wind-turbine-logger-battery-cycle-logging
GraphQL: You have created too many repositories, too quickly. Please try again later. (createRepository)","2026-10-02T14:46:27.5447939+05:30"
"468","wind-turbine-logger-power-factor-analysis","OpenMakerProjects/wind-turbine-logger-power-factor-analysis","public","failed","False","https://github.com/OpenMakerProjects/wind-turbine-logger-power-factor-analysis","Could not create OpenMakerProjects/wind-turbine-logger-power-factor-analysis
GraphQL: You have created too many repositories, too quickly. Please try again later. (createRepository)","2026-10-02T14:46:30.3875018+05:30"
"469","wind-turbine-logger-remote-disconnect","OpenMakerProjects/wind-turbine-logger-remote-disconnect","public","failed","False","https://github.com/OpenMakerProjects/wind-turbine-logger-remote-disconnect","Could not create OpenMakerProjects/wind-turbine-logger-remote-disconnect
GraphQL: You have created too many repositories, too quickly. Please try again later. (createRepository)","2026-10-02T14:46:33.2185363+05:30"
"470","wind-turbine-logger-open-energy-dashboard","OpenMakerProjects/wind-turbine-logger-open-energy-dashboard","public","failed","False","https://github.com/OpenMakerProjects/wind-turbine-logger-open-energy-dashboard","Could not create OpenMakerProjects/wind-turbine-logger-open-energy-dashboard
GraphQL: You have created too many repositories, too quickly. Please try again later. (createRepository)","2026-10-02T14:46:36.3411904+05:30"
"471","ev-charging-monitor-live-consumption-display","OpenMakerProjects/ev-charging-monitor-live-consumption-display","public","failed","False","https://github.com/OpenMakerProjects/ev-charging-monitor-live-consumption-display","Could not create OpenMakerProjects/ev-charging-monitor-live-consumption-display
GraphQL: You have created too many repositories, too quickly. Please try again later. (createRepository)","2026-10-02T14:46:39.7254539+05:30"
"472","ev-charging-monitor-peak-demand-alerts","OpenMakerProjects/ev-charging-monitor-peak-demand-alerts","public","failed","False","https://github.com/OpenMakerProjects/ev-charging-monitor-peak-demand-alerts","Could not create OpenMakerProjects/ev-charging-monitor-peak-demand-alerts
GraphQL: You have created too many repositories, too quickly. Please try again later. (createRepository)","2026-10-02T14:46:43.1343780+05:30"
"473","ev-charging-monitor-load-scheduling","OpenMakerProjects/ev-charging-monitor-load-scheduling","public","failed","False","https://github.com/OpenMakerProjects/ev-charging-monitor-load-scheduling","Could not create OpenMakerProjects/ev-charging-monitor-load-scheduling
GraphQL: You have created too many repositories, too quickly. Please try again later. (createRepository)","2026-10-02T14:46:46.0968337+05:30"
"474","ev-charging-monitor-fault-detection","OpenMakerProjects/ev-charging-monitor-fault-detection","public","failed","False","https://github.com/OpenMakerProjects/ev-charging-monitor-fault-detection","Could not create OpenMakerProjects/ev-charging-monitor-fault-detection
GraphQL: You have created too many repositories, too quickly. Please try again later. (createRepository)","2026-10-02T14:46:48.9415805+05:30"
"475","ev-charging-monitor-cost-estimation","OpenMakerProjects/ev-charging-monitor-cost-estimation","public","failed","False","https://github.com/OpenMakerProjects/ev-charging-monitor-cost-estimation","Could not create OpenMakerProjects/ev-charging-monitor-cost-estimation
GraphQL: You have created too many repositories, too quickly. Please try again later. (createRepository)","2026-10-02T14:46:51.8605036+05:30"
"476","ev-charging-monitor-solar-yield-tracking","OpenMakerProjects/ev-charging-monitor-solar-yield-tracking","public","failed","False","https://github.com/OpenMakerProjects/ev-charging-monitor-solar-yield-tracking","Could not create OpenMakerProjects/ev-charging-monitor-solar-yield-tracking
GraphQL: You have created too many repositories, too quickly. Please try again later. (createRepository)","2026-10-02T14:46:55.4585886+05:30"
"477","ev-charging-monitor-battery-cycle-logging","OpenMakerProjects/ev-charging-monitor-battery-cycle-logging","public","failed","False","https://github.com/OpenMakerProjects/ev-charging-monitor-battery-cycle-logging","Could not create OpenMakerProjects/ev-charging-monitor-battery-cycle-logging
GraphQL: You have created too many repositories, too quickly. Please try again later. (createRepository)","2026-10-02T14:46:58.3057706+05:30"
"478","ev-charging-monitor-power-factor-analysis","OpenMakerProjects/ev-charging-monitor-power-factor-analysis","public","failed","False","https://github.com/OpenMakerProjects/ev-charging-monitor-power-factor-analysis","Could not create OpenMakerProjects/ev-charging-monitor-power-factor-analysis
GraphQL: You have created too many repositories, too quickly. Please try again later. (createRepository)","2026-10-02T14:47:01.0960813+05:30"
"479","ev-charging-monitor-remote-disconnect","OpenMakerProjects/ev-charging-monitor-remote-disconnect","public","failed","False","https://github.com/OpenMakerProjects/ev-charging-monitor-remote-disconnect","Could not create OpenMakerProjects/ev-charging-monitor-remote-disconnect
GraphQL: You have created too many repositories, too quickly. Please try again later. (createRepository)","2026-10-02T14:47:04.1098595+05:30"
"480","ev-charging-monitor-open-energy-dashboard","OpenMakerProjects/ev-charging-monitor-open-energy-dashboard","public","failed","False","https://github.com/OpenMakerProjects/ev-charging-monitor-open-energy-dashboard","Could not create OpenMakerProjects/ev-charging-monitor-open-energy-dashboard
GraphQL: You have created too many repositories, too quickly. Please try again later. (createRepository)","2026-10-02T14:47:07.0072027+05:30"
"481","power-quality-recorder-live-consumption-display","OpenMakerProjects/power-quality-recorder-live-consumption-display","public","failed","False","https://github.com/OpenMakerProjects/power-quality-recorder-live-consumption-display","Could not create OpenMakerProjects/power-quality-recorder-live-consumption-display
GraphQL: You have created too many repositories, too quickly. Please try again later. (createRepository)","2026-10-02T14:47:09.9203846+05:30"
"482","power-quality-recorder-peak-demand-alerts","OpenMakerProjects/power-quality-recorder-peak-demand-alerts","public","failed","False","https://github.com/OpenMakerProjects/power-quality-recorder-peak-demand-alerts","Could not create OpenMakerProjects/power-quality-recorder-peak-demand-alerts
GraphQL: You have created too many repositories, too quickly. Please try again later. (createRepository)","2026-10-02T14:47:13.1697293+05:30"
"483","power-quality-recorder-load-scheduling","OpenMakerProjects/power-quality-recorder-load-scheduling","public","failed","False","https://github.com/OpenMakerProjects/power-quality-recorder-load-scheduling","Could not create OpenMakerProjects/power-quality-recorder-load-scheduling
GraphQL: You have created too many repositories, too quickly. Please try again later. (createRepository)","2026-10-02T14:47:16.0485466+05:30"
"484","power-quality-recorder-fault-detection","OpenMakerProjects/power-quality-recorder-fault-detection","public","failed","False","https://github.com/OpenMakerProjects/power-quality-recorder-fault-detection","Could not create OpenMakerProjects/power-quality-recorder-fault-detection
GraphQL: You have created too many repositories, too quickly. Please try again later. (createRepository)","2026-10-02T14:47:19.3139067+05:30"
"485","power-quality-recorder-cost-estimation","OpenMakerProjects/power-quality-recorder-cost-estimation","public","failed","False","https://github.com/OpenMakerProjects/power-quality-recorder-cost-estimation","Could not create OpenMakerProjects/power-quality-recorder-cost-estimation
GraphQL: You have created too many repositories, too quickly. Please try again later. (createRepository)","2026-10-02T14:47:22.5732706+05:30"
"486","power-quality-recorder-solar-yield-tracking","OpenMakerProjects/power-quality-recorder-solar-yield-tracking","public","failed","False","https://github.com/OpenMakerProjects/power-quality-recorder-solar-yield-tracking","Could not create OpenMakerProjects/power-quality-recorder-solar-yield-tracking
GraphQL: You have created too many repositories, too quickly. Please try again later. (createRepository)","2026-10-02T14:47:25.7917537+05:30"
"487","power-quality-recorder-battery-cycle-logging","OpenMakerProjects/power-quality-recorder-battery-cycle-logging","public","failed","False","https://github.com/OpenMakerProjects/power-quality-recorder-battery-cycle-logging","Could not create OpenMakerProjects/power-quality-recorder-battery-cycle-logging
GraphQL: You have created too many repositories, too quickly. Please try again later. (createRepository)","2026-10-02T14:47:28.5993280+05:30"
"488","power-quality-recorder-power-factor-analysis","OpenMakerProjects/power-quality-recorder-power-factor-analysis","public","failed","False","https://github.com/OpenMakerProjects/power-quality-recorder-power-factor-analysis","Could not create OpenMakerProjects/power-quality-recorder-power-factor-analysis
GraphQL: You have created too many repositories, too quickly. Please try again later. (createRepository)","2026-10-02T14:47:31.5654391+05:30"
"489","power-quality-recorder-remote-disconnect","OpenMakerProjects/power-quality-recorder-remote-disconnect","public","failed","False","https://github.com/OpenMakerProjects/power-quality-recorder-remote-disconnect","Could not create OpenMakerProjects/power-quality-recorder-remote-disconnect
GraphQL: You have created too many repositories, too quickly. Please try again later. (createRepository)","2026-10-02T14:47:34.3419611+05:30"
"490","power-quality-recorder-open-energy-dashboard","OpenMakerProjects/power-quality-recorder-open-energy-dashboard","public","failed","False","https://github.com/OpenMakerProjects/power-quality-recorder-open-energy-dashboard","Could not create OpenMakerProjects/power-quality-recorder-open-energy-dashboard
GraphQL: You have created too many repositories, too quickly. Please try again later. (createRepository)","2026-10-02T14:47:38.0948951+05:30"
"491","energy-harvesting-node-live-consumption-display","OpenMakerProjects/energy-harvesting-node-live-consumption-display","public","failed","False","https://github.com/OpenMakerProjects/energy-harvesting-node-live-consumption-display","Could not create OpenMakerProjects/energy-harvesting-node-live-consumption-display
GraphQL: You have created too many repositories, too quickly. Please try again later. (createRepository)","2026-10-02T14:47:40.9929572+05:30"
"492","energy-harvesting-node-peak-demand-alerts","OpenMakerProjects/energy-harvesting-node-peak-demand-alerts","public","failed","False","https://github.com/OpenMakerProjects/energy-harvesting-node-peak-demand-alerts","Could not create OpenMakerProjects/energy-harvesting-node-peak-demand-alerts
GraphQL: You have created too many repositories, too quickly. Please try again later. (createRepository)","2026-10-02T14:47:43.8999704+05:30"
"493","energy-harvesting-node-load-scheduling","OpenMakerProjects/energy-harvesting-node-load-scheduling","public","failed","False","https://github.com/OpenMakerProjects/energy-harvesting-node-load-scheduling","Could not create OpenMakerProjects/energy-harvesting-node-load-scheduling
GraphQL: You have created too many repositories, too quickly. Please try again later. (createRepository)","2026-10-02T14:47:46.6350422+05:30"
"494","energy-harvesting-node-fault-detection","OpenMakerProjects/energy-harvesting-node-fault-detection","public","failed","False","https://github.com/OpenMakerProjects/energy-harvesting-node-fault-detection","Could not create OpenMakerProjects/energy-harvesting-node-fault-detection
GraphQL: You have created too many repositories, too quickly. Please try again later. (createRepository)","2026-10-02T14:47:49.1966068+05:30"
"495","energy-harvesting-node-cost-estimation","OpenMakerProjects/energy-harvesting-node-cost-estimation","public","failed","False","https://github.com/OpenMakerProjects/energy-harvesting-node-cost-estimation","Could not create OpenMakerProjects/energy-harvesting-node-cost-estimation
GraphQL: You have created too many repositories, too quickly. Please try again later. (createRepository)","2026-10-02T14:47:51.8463441+05:30"
"496","energy-harvesting-node-solar-yield-tracking","OpenMakerProjects/energy-harvesting-node-solar-yield-tracking","public","failed","False","https://github.com/OpenMakerProjects/energy-harvesting-node-solar-yield-tracking","Could not create OpenMakerProjects/energy-harvesting-node-solar-yield-tracking
GraphQL: You have created too many repositories, too quickly. Please try again later. (createRepository)","2026-10-02T14:47:54.5059820+05:30"
"497","energy-harvesting-node-battery-cycle-logging","OpenMakerProjects/energy-harvesting-node-battery-cycle-logging","public","failed","False","https://github.com/OpenMakerProjects/energy-harvesting-node-battery-cycle-logging","Could not create OpenMakerProjects/energy-harvesting-node-battery-cycle-logging
GraphQL: You have created too many repositories, too quickly. Please try again later. (createRepository)","2026-10-02T14:47:57.3683618+05:30"
"498","energy-harvesting-node-power-factor-analysis","OpenMakerProjects/energy-harvesting-node-power-factor-analysis","public","failed","False","https://github.com/OpenMakerProjects/energy-harvesting-node-power-factor-analysis","Could not create OpenMakerProjects/energy-harvesting-node-power-factor-analysis
GraphQL: You have created too many repositories, too quickly. Please try again later. (createRepository)","2026-10-02T14:48:00.0711258+05:30"
"499","energy-harvesting-node-remote-disconnect","OpenMakerProjects/energy-harvesting-node-remote-disconnect","public","failed","False","https://github.com/OpenMakerProjects/energy-harvesting-node-remote-disconnect","Could not create OpenMakerProjects/energy-harvesting-node-remote-disconnect
GraphQL: You have created too many repositories, too quickly. Please try again later. (createRepository)","2026-10-02T14:48:03.0878343+05:30"
"500","energy-harvesting-node-open-energy-dashboard","OpenMakerProjects/energy-harvesting-node-open-energy-dashboard","public","failed","False","https://github.com/OpenMakerProjects/energy-harvesting-node-open-energy-dashboard","Could not create OpenMakerProjects/energy-harvesting-node-open-energy-dashboard
GraphQL: You have created too many repositories, too quickly. Please try again later. (createRepository)","2026-10-02T14:48:06.3944978+05:30"
"501","warehouse-rover-autonomous-navigation","OpenMakerProjects/warehouse-rover-autonomous-navigation","public","failed","False","https://github.com/OpenMakerProjects/warehouse-rover-autonomous-navigation","Could not create OpenMakerProjects/warehouse-rover-autonomous-navigation
GraphQL: You have created too many repositories, too quickly. Please try again later. (createRepository)","2026-10-02T14:48:09.2249422+05:30"
"502","warehouse-rover-manual-teleoperation","OpenMakerProjects/warehouse-rover-manual-teleoperation","public","failed","False","https://github.com/OpenMakerProjects/warehouse-rover-manual-teleoperation","Could not create OpenMakerProjects/warehouse-rover-manual-teleoperation
GraphQL: You have created too many repositories, too quickly. Please try again later. (createRepository)","2026-10-02T14:48:12.1184354+05:30"
"503","warehouse-rover-slam-mapping","OpenMakerProjects/warehouse-rover-slam-mapping","public","failed","False","https://github.com/OpenMakerProjects/warehouse-rover-slam-mapping","Could not create OpenMakerProjects/warehouse-rover-slam-mapping
GraphQL: You have created too many repositories, too quickly. Please try again later. (createRepository)","2026-10-02T14:48:15.4697730+05:30"
"504","warehouse-rover-follow-me-mode","OpenMakerProjects/warehouse-rover-follow-me-mode","public","failed","False","https://github.com/OpenMakerProjects/warehouse-rover-follow-me-mode","Could not create OpenMakerProjects/warehouse-rover-follow-me-mode
GraphQL: You have created too many repositories, too quickly. Please try again later. (createRepository)","2026-10-02T14:48:19.0133733+05:30"
"505","warehouse-rover-docking-and-charging","OpenMakerProjects/warehouse-rover-docking-and-charging","public","failed","False","https://github.com/OpenMakerProjects/warehouse-rover-docking-and-charging","Could not create OpenMakerProjects/warehouse-rover-docking-and-charging
GraphQL: You have created too many repositories, too quickly. Please try again later. (createRepository)","2026-10-02T14:48:21.8735567+05:30"
"506","warehouse-rover-object-pickup","OpenMakerProjects/warehouse-rover-object-pickup","public","failed","False","https://github.com/OpenMakerProjects/warehouse-rover-object-pickup","Could not create OpenMakerProjects/warehouse-rover-object-pickup
GraphQL: You have created too many repositories, too quickly. Please try again later. (createRepository)","2026-10-02T14:48:24.8953923+05:30"
"507","warehouse-rover-fleet-coordination","OpenMakerProjects/warehouse-rover-fleet-coordination","public","failed","False","https://github.com/OpenMakerProjects/warehouse-rover-fleet-coordination","Could not create OpenMakerProjects/warehouse-rover-fleet-coordination
GraphQL: You have created too many repositories, too quickly. Please try again later. (createRepository)","2026-10-02T14:48:27.8447722+05:30"
"508","warehouse-rover-terrain-classification","OpenMakerProjects/warehouse-rover-terrain-classification","public","failed","False","https://github.com/OpenMakerProjects/warehouse-rover-terrain-classification","Could not create OpenMakerProjects/warehouse-rover-terrain-classification
GraphQL: You have created too many repositories, too quickly. Please try again later. (createRepository)","2026-10-02T14:48:30.8120801+05:30"
"509","warehouse-rover-safety-bumper-system","OpenMakerProjects/warehouse-rover-safety-bumper-system","public","failed","False","https://github.com/OpenMakerProjects/warehouse-rover-safety-bumper-system","Could not create OpenMakerProjects/warehouse-rover-safety-bumper-system
GraphQL: You have created too many repositories, too quickly. Please try again later. (createRepository)","2026-10-02T14:48:33.6871644+05:30"
"510","warehouse-rover-mission-logging","OpenMakerProjects/warehouse-rover-mission-logging","public","failed","False","https://github.com/OpenMakerProjects/warehouse-rover-mission-logging","Could not create OpenMakerProjects/warehouse-rover-mission-logging
GraphQL: You have created too many repositories, too quickly. Please try again later. (createRepository)","2026-10-02T14:48:36.9014352+05:30"
"511","indoor-delivery-robot-autonomous-navigation","OpenMakerProjects/indoor-delivery-robot-autonomous-navigation","public","failed","False","https://github.com/OpenMakerProjects/indoor-delivery-robot-autonomous-navigation","Could not create OpenMakerProjects/indoor-delivery-robot-autonomous-navigation
GraphQL: You have created too many repositories, too quickly. Please try again later. (createRepository)","2026-10-02T14:48:40.6462744+05:30"
"512","indoor-delivery-robot-manual-teleoperation","OpenMakerProjects/indoor-delivery-robot-manual-teleoperation","public","failed","False","https://github.com/OpenMakerProjects/indoor-delivery-robot-manual-teleoperation","Could not create OpenMakerProjects/indoor-delivery-robot-manual-teleoperation
GraphQL: You have created too many repositories, too quickly. Please try again later. (createRepository)","2026-10-02T14:48:43.3647942+05:30"
"513","indoor-delivery-robot-slam-mapping","OpenMakerProjects/indoor-delivery-robot-slam-mapping","public","failed","False","https://github.com/OpenMakerProjects/indoor-delivery-robot-slam-mapping","Could not create OpenMakerProjects/indoor-delivery-robot-slam-mapping
GraphQL: You have created too many repositories, too quickly. Please try again later. (createRepository)","2026-10-02T14:48:46.4488895+05:30"
"514","indoor-delivery-robot-follow-me-mode","OpenMakerProjects/indoor-delivery-robot-follow-me-mode","public","failed","False","https://github.com/OpenMakerProjects/indoor-delivery-robot-follow-me-mode","Could not create OpenMakerProjects/indoor-delivery-robot-follow-me-mode
GraphQL: You have created too many repositories, too quickly. Please try again later. (createRepository)","2026-10-02T14:48:49.7673062+05:30"
"515","indoor-delivery-robot-docking-and-charging","OpenMakerProjects/indoor-delivery-robot-docking-and-charging","public","failed","False","https://github.com/OpenMakerProjects/indoor-delivery-robot-docking-and-charging","Could not create OpenMakerProjects/indoor-delivery-robot-docking-and-charging
GraphQL: You have created too many repositories, too quickly. Please try again later. (createRepository)","2026-10-02T14:48:52.7461656+05:30"
"516","indoor-delivery-robot-object-pickup","OpenMakerProjects/indoor-delivery-robot-object-pickup","public","failed","False","https://github.com/OpenMakerProjects/indoor-delivery-robot-object-pickup","Could not create OpenMakerProjects/indoor-delivery-robot-object-pickup
GraphQL: You have created too many repositories, too quickly. Please try again later. (createRepository)","2026-10-02T14:48:55.7153238+05:30"
"517","indoor-delivery-robot-fleet-coordination","OpenMakerProjects/indoor-delivery-robot-fleet-coordination","public","failed","False","https://github.com/OpenMakerProjects/indoor-delivery-robot-fleet-coordination","Could not create OpenMakerProjects/indoor-delivery-robot-fleet-coordination
GraphQL: You have created too many repositories, too quickly. Please try again later. (createRepository)","2026-10-02T14:48:58.6731562+05:30"
"518","indoor-delivery-robot-terrain-classification","OpenMakerProjects/indoor-delivery-robot-terrain-classification","public","failed","False","https://github.com/OpenMakerProjects/indoor-delivery-robot-terrain-classification","Could not create OpenMakerProjects/indoor-delivery-robot-terrain-classification
GraphQL: You have created too many repositories, too quickly. Please try again later. (createRepository)","2026-10-02T14:49:01.9086733+05:30"
"519","indoor-delivery-robot-safety-bumper-system","OpenMakerProjects/indoor-delivery-robot-safety-bumper-system","public","failed","False","https://github.com/OpenMakerProjects/indoor-delivery-robot-safety-bumper-system","Could not create OpenMakerProjects/indoor-delivery-robot-safety-bumper-system
GraphQL: You have created too many repositories, too quickly. Please try again later. (createRepository)","2026-10-02T14:49:04.8269663+05:30"
"520","indoor-delivery-robot-mission-logging","OpenMakerProjects/indoor-delivery-robot-mission-logging","public","failed","False","https://github.com/OpenMakerProjects/indoor-delivery-robot-mission-logging","Could not create OpenMakerProjects/indoor-delivery-robot-mission-logging
GraphQL: You have created too many repositories, too quickly. Please try again later. (createRepository)","2026-10-02T14:49:07.8867722+05:30"
"521","maze-solving-bot-autonomous-navigation","OpenMakerProjects/maze-solving-bot-autonomous-navigation","public","failed","False","https://github.com/OpenMakerProjects/maze-solving-bot-autonomous-navigation","Could not create OpenMakerProjects/maze-solving-bot-autonomous-navigation
GraphQL: You have created too many repositories, too quickly. Please try again later. (createRepository)","2026-10-02T14:49:10.7315076+05:30"
"522","maze-solving-bot-manual-teleoperation","OpenMakerProjects/maze-solving-bot-manual-teleoperation","public","failed","False","https://github.com/OpenMakerProjects/maze-solving-bot-manual-teleoperation","Could not create OpenMakerProjects/maze-solving-bot-manual-teleoperation
GraphQL: You have created too many repositories, too quickly. Please try again later. (createRepository)","2026-10-02T14:49:14.7462673+05:30"
"523","maze-solving-bot-slam-mapping","OpenMakerProjects/maze-solving-bot-slam-mapping","public","failed","False","https://github.com/OpenMakerProjects/maze-solving-bot-slam-mapping","Could not create OpenMakerProjects/maze-solving-bot-slam-mapping
GraphQL: You have created too many repositories, too quickly. Please try again later. (createRepository)","2026-10-02T14:49:17.5431455+05:30"
"524","maze-solving-bot-follow-me-mode","OpenMakerProjects/maze-solving-bot-follow-me-mode","public","failed","False","https://github.com/OpenMakerProjects/maze-solving-bot-follow-me-mode","Could not create OpenMakerProjects/maze-solving-bot-follow-me-mode
GraphQL: You have created too many repositories, too quickly. Please try again later. (createRepository)","2026-10-02T14:49:20.6255754+05:30"
"525","maze-solving-bot-docking-and-charging","OpenMakerProjects/maze-solving-bot-docking-and-charging","public","failed","False","https://github.com/OpenMakerProjects/maze-solving-bot-docking-and-charging","Could not create OpenMakerProjects/maze-solving-bot-docking-and-charging
GraphQL: You have created too many repositories, too quickly. Please try again later. (createRepository)","2026-10-02T14:49:23.5693489+05:30"
"526","maze-solving-bot-object-pickup","OpenMakerProjects/maze-solving-bot-object-pickup","public","failed","False","https://github.com/OpenMakerProjects/maze-solving-bot-object-pickup","Could not create OpenMakerProjects/maze-solving-bot-object-pickup
GraphQL: You have created too many repositories, too quickly. Please try again later. (createRepository)","2026-10-02T14:49:26.8939161+05:30"
"527","maze-solving-bot-fleet-coordination","OpenMakerProjects/maze-solving-bot-fleet-coordination","public","failed","False","https://github.com/OpenMakerProjects/maze-solving-bot-fleet-coordination","Could not create OpenMakerProjects/maze-solving-bot-fleet-coordination
GraphQL: You have created too many repositories, too quickly. Please try again later. (createRepository)","2026-10-02T14:49:29.8482772+05:30"
"528","maze-solving-bot-terrain-classification","OpenMakerProjects/maze-solving-bot-terrain-classification","public","failed","False","https://github.com/OpenMakerProjects/maze-solving-bot-terrain-classification","Could not create OpenMakerProjects/maze-solving-bot-terrain-classification
GraphQL: You have created too many repositories, too quickly. Please try again later. (createRepository)","2026-10-02T14:49:32.8855235+05:30"
"529","maze-solving-bot-safety-bumper-system","OpenMakerProjects/maze-solving-bot-safety-bumper-system","public","failed","False","https://github.com/OpenMakerProjects/maze-solving-bot-safety-bumper-system","Could not create OpenMakerProjects/maze-solving-bot-safety-bumper-system
GraphQL: You have created too many repositories, too quickly. Please try again later. (createRepository)","2026-10-02T14:49:35.5821817+05:30"
"530","maze-solving-bot-mission-logging","OpenMakerProjects/maze-solving-bot-mission-logging","public","failed","False","https://github.com/OpenMakerProjects/maze-solving-bot-mission-logging","Could not create OpenMakerProjects/maze-solving-bot-mission-logging
GraphQL: You have created too many repositories, too quickly. Please try again later. (createRepository)","2026-10-02T14:49:38.3925348+05:30"
"531","line-inspection-rover-autonomous-navigation","OpenMakerProjects/line-inspection-rover-autonomous-navigation","public","failed","False","https://github.com/OpenMakerProjects/line-inspection-rover-autonomous-navigation","Could not create OpenMakerProjects/line-inspection-rover-autonomous-navigation
GraphQL: You have created too many repositories, too quickly. Please try again later. (createRepository)","2026-10-02T14:49:41.4818374+05:30"
"532","line-inspection-rover-manual-teleoperation","OpenMakerProjects/line-inspection-rover-manual-teleoperation","public","failed","False","https://github.com/OpenMakerProjects/line-inspection-rover-manual-teleoperation","Could not create OpenMakerProjects/line-inspection-rover-manual-teleoperation
GraphQL: You have created too many repositories, too quickly. Please try again later. (createRepository)","2026-10-02T14:49:44.6472326+05:30"
"533","line-inspection-rover-slam-mapping","OpenMakerProjects/line-inspection-rover-slam-mapping","public","failed","False","https://github.com/OpenMakerProjects/line-inspection-rover-slam-mapping","Could not create OpenMakerProjects/line-inspection-rover-slam-mapping
GraphQL: You have created too many repositories, too quickly. Please try again later. (createRepository)","2026-10-02T14:49:47.5353528+05:30"
"534","line-inspection-rover-follow-me-mode","OpenMakerProjects/line-inspection-rover-follow-me-mode","public","failed","False","https://github.com/OpenMakerProjects/line-inspection-rover-follow-me-mode","Could not create OpenMakerProjects/line-inspection-rover-follow-me-mode
GraphQL: You have created too many repositories, too quickly. Please try again later. (createRepository)","2026-10-02T14:49:50.4891941+05:30"
"535","line-inspection-rover-docking-and-charging","OpenMakerProjects/line-inspection-rover-docking-and-charging","public","failed","False","https://github.com/OpenMakerProjects/line-inspection-rover-docking-and-charging","Could not create OpenMakerProjects/line-inspection-rover-docking-and-charging
GraphQL: You have created too many repositories, too quickly. Please try again later. (createRepository)","2026-10-02T14:49:53.7781457+05:30"
"536","line-inspection-rover-object-pickup","OpenMakerProjects/line-inspection-rover-object-pickup","public","failed","False","https://github.com/OpenMakerProjects/line-inspection-rover-object-pickup","Could not create OpenMakerProjects/line-inspection-rover-object-pickup
GraphQL: You have created too many repositories, too quickly. Please try again later. (createRepository)","2026-10-02T14:49:56.6416158+05:30"
"537","line-inspection-rover-fleet-coordination","OpenMakerProjects/line-inspection-rover-fleet-coordination","public","failed","False","https://github.com/OpenMakerProjects/line-inspection-rover-fleet-coordination","Could not create OpenMakerProjects/line-inspection-rover-fleet-coordination
GraphQL: You have created too many repositories, too quickly. Please try again later. (createRepository)","2026-10-02T14:49:59.7038252+05:30"
"538","line-inspection-rover-terrain-classification","OpenMakerProjects/line-inspection-rover-terrain-classification","public","failed","False","https://github.com/OpenMakerProjects/line-inspection-rover-terrain-classification","Could not create OpenMakerProjects/line-inspection-rover-terrain-classification
GraphQL: You have created too many repositories, too quickly. Please try again later. (createRepository)","2026-10-02T14:50:03.7202208+05:30"
"539","line-inspection-rover-safety-bumper-system","OpenMakerProjects/line-inspection-rover-safety-bumper-system","public","failed","False","https://github.com/OpenMakerProjects/line-inspection-rover-safety-bumper-system","Could not create OpenMakerProjects/line-inspection-rover-safety-bumper-system
GraphQL: You have created too many repositories, too quickly. Please try again later. (createRepository)","2026-10-02T14:50:06.8562325+05:30"
"540","line-inspection-rover-mission-logging","OpenMakerProjects/line-inspection-rover-mission-logging","public","failed","False","https://github.com/OpenMakerProjects/line-inspection-rover-mission-logging","Could not create OpenMakerProjects/line-inspection-rover-mission-logging
GraphQL: You have created too many repositories, too quickly. Please try again later. (createRepository)","2026-10-02T14:50:09.6953907+05:30"
"541","all-terrain-explorer-autonomous-navigation","OpenMakerProjects/all-terrain-explorer-autonomous-navigation","public","failed","False","https://github.com/OpenMakerProjects/all-terrain-explorer-autonomous-navigation","Could not create OpenMakerProjects/all-terrain-explorer-autonomous-navigation
GraphQL: You have created too many repositories, too quickly. Please try again later. (createRepository)","2026-10-02T14:50:12.6573058+05:30"
"542","all-terrain-explorer-manual-teleoperation","OpenMakerProjects/all-terrain-explorer-manual-teleoperation","public","failed","False","https://github.com/OpenMakerProjects/all-terrain-explorer-manual-teleoperation","Could not create OpenMakerProjects/all-terrain-explorer-manual-teleoperation
GraphQL: You have created too many repositories, too quickly. Please try again later. (createRepository)","2026-10-02T14:50:16.3322380+05:30"
"543","all-terrain-explorer-slam-mapping","OpenMakerProjects/all-terrain-explorer-slam-mapping","public","failed","False","https://github.com/OpenMakerProjects/all-terrain-explorer-slam-mapping","Could not create OpenMakerProjects/all-terrain-explorer-slam-mapping
GraphQL: You have created too many repositories, too quickly. Please try again later. (createRepository)","2026-10-02T14:50:20.0329887+05:30"
"544","all-terrain-explorer-follow-me-mode","OpenMakerProjects/all-terrain-explorer-follow-me-mode","public","failed","False","https://github.com/OpenMakerProjects/all-terrain-explorer-follow-me-mode","Could not create OpenMakerProjects/all-terrain-explorer-follow-me-mode
GraphQL: You have created too many repositories, too quickly. Please try again later. (createRepository)","2026-10-02T14:50:22.8614650+05:30"
"545","all-terrain-explorer-docking-and-charging","OpenMakerProjects/all-terrain-explorer-docking-and-charging","public","failed","False","https://github.com/OpenMakerProjects/all-terrain-explorer-docking-and-charging","Could not create OpenMakerProjects/all-terrain-explorer-docking-and-charging
GraphQL: You have created too many repositories, too quickly. Please try again later. (createRepository)","2026-10-02T14:50:25.8182516+05:30"
"546","all-terrain-explorer-object-pickup","OpenMakerProjects/all-terrain-explorer-object-pickup","public","failed","False","https://github.com/OpenMakerProjects/all-terrain-explorer-object-pickup","Could not create OpenMakerProjects/all-terrain-explorer-object-pickup
GraphQL: You have created too many repositories, too quickly. Please try again later. (createRepository)","2026-10-02T14:50:29.1481169+05:30"
"547","all-terrain-explorer-fleet-coordination","OpenMakerProjects/all-terrain-explorer-fleet-coordination","public","failed","False","https://github.com/OpenMakerProjects/all-terrain-explorer-fleet-coordination","Could not create OpenMakerProjects/all-terrain-explorer-fleet-coordination
GraphQL: You have created too many repositories, too quickly. Please try again later. (createRepository)","2026-10-02T14:50:32.1734905+05:30"
"548","all-terrain-explorer-terrain-classification","OpenMakerProjects/all-terrain-explorer-terrain-classification","public","failed","False","https://github.com/OpenMakerProjects/all-terrain-explorer-terrain-classification","Could not create OpenMakerProjects/all-terrain-explorer-terrain-classification
GraphQL: You have created too many repositories, too quickly. Please try again later. (createRepository)","2026-10-02T14:50:35.3696390+05:30"
"549","all-terrain-explorer-safety-bumper-system","OpenMakerProjects/all-terrain-explorer-safety-bumper-system","public","failed","False","https://github.com/OpenMakerProjects/all-terrain-explorer-safety-bumper-system","Could not create OpenMakerProjects/all-terrain-explorer-safety-bumper-system
GraphQL: You have created too many repositories, too quickly. Please try again later. (createRepository)","2026-10-02T14:50:38.6691487+05:30"
"550","all-terrain-explorer-mission-logging","OpenMakerProjects/all-terrain-explorer-mission-logging","public","failed","False","https://github.com/OpenMakerProjects/all-terrain-explorer-mission-logging","Could not create OpenMakerProjects/all-terrain-explorer-mission-logging
GraphQL: You have created too many repositories, too quickly. Please try again later. (createRepository)","2026-10-02T14:50:41.7573525+05:30"
"551","library-transport-robot-autonomous-navigation","OpenMakerProjects/library-transport-robot-autonomous-navigation","public","failed","False","https://github.com/OpenMakerProjects/library-transport-robot-autonomous-navigation","Could not create OpenMakerProjects/library-transport-robot-autonomous-navigation
GraphQL: You have created too many repositories, too quickly. Please try again later. (createRepository)","2026-10-02T14:50:44.7433053+05:30"
"552","library-transport-robot-manual-teleoperation","OpenMakerProjects/library-transport-robot-manual-teleoperation","public","failed","False","https://github.com/OpenMakerProjects/library-transport-robot-manual-teleoperation","Could not create OpenMakerProjects/library-transport-robot-manual-teleoperation
GraphQL: You have created too many repositories, too quickly. Please try again later. (createRepository)","2026-10-02T14:50:47.8720154+05:30"
"553","library-transport-robot-slam-mapping","OpenMakerProjects/library-transport-robot-slam-mapping","public","failed","False","https://github.com/OpenMakerProjects/library-transport-robot-slam-mapping","Could not create OpenMakerProjects/library-transport-robot-slam-mapping
GraphQL: You have created too many repositories, too quickly. Please try again later. (createRepository)","2026-10-02T14:50:50.9159762+05:30"
"554","library-transport-robot-follow-me-mode","OpenMakerProjects/library-transport-robot-follow-me-mode","public","failed","False","https://github.com/OpenMakerProjects/library-transport-robot-follow-me-mode","Could not create OpenMakerProjects/library-transport-robot-follow-me-mode
GraphQL: You have created too many repositories, too quickly. Please try again later. (createRepository)","2026-10-02T14:50:53.7522020+05:30"
"555","library-transport-robot-docking-and-charging","OpenMakerProjects/library-transport-robot-docking-and-charging","public","failed","False","https://github.com/OpenMakerProjects/library-transport-robot-docking-and-charging","Could not create OpenMakerProjects/library-transport-robot-docking-and-charging
GraphQL: You have created too many repositories, too quickly. Please try again later. (createRepository)","2026-10-02T14:50:56.4567966+05:30"
"556","library-transport-robot-object-pickup","OpenMakerProjects/library-transport-robot-object-pickup","public","failed","False","https://github.com/OpenMakerProjects/library-transport-robot-object-pickup","Could not create OpenMakerProjects/library-transport-robot-object-pickup
GraphQL: You have created too many repositories, too quickly. Please try again later. (createRepository)","2026-10-02T14:50:59.2698031+05:30"
"557","library-transport-robot-fleet-coordination","OpenMakerProjects/library-transport-robot-fleet-coordination","public","failed","False","https://github.com/OpenMakerProjects/library-transport-robot-fleet-coordination","Could not create OpenMakerProjects/library-transport-robot-fleet-coordination
GraphQL: You have created too many repositories, too quickly. Please try again later. (createRepository)","2026-10-02T14:51:02.5077565+05:30"
"558","library-transport-robot-terrain-classification","OpenMakerProjects/library-transport-robot-terrain-classification","public","failed","False","https://github.com/OpenMakerProjects/library-transport-robot-terrain-classification","Could not create OpenMakerProjects/library-transport-robot-terrain-classification
GraphQL: You have created too many repositories, too quickly. Please try again later. (createRepository)","2026-10-02T14:51:05.7596072+05:30"
"559","library-transport-robot-safety-bumper-system","OpenMakerProjects/library-transport-robot-safety-bumper-system","public","failed","False","https://github.com/OpenMakerProjects/library-transport-robot-safety-bumper-system","Could not create OpenMakerProjects/library-transport-robot-safety-bumper-system
GraphQL: You have created too many repositories, too quickly. Please try again later. (createRepository)","2026-10-02T14:51:08.6751202+05:30"
"560","library-transport-robot-mission-logging","OpenMakerProjects/library-transport-robot-mission-logging","public","failed","False","https://github.com/OpenMakerProjects/library-transport-robot-mission-logging","Could not create OpenMakerProjects/library-transport-robot-mission-logging
GraphQL: You have created too many repositories, too quickly. Please try again later. (createRepository)","2026-10-02T14:51:11.9350516+05:30"
"561","hospital-supply-rover-autonomous-navigation","OpenMakerProjects/hospital-supply-rover-autonomous-navigation","public","failed","False","https://github.com/OpenMakerProjects/hospital-supply-rover-autonomous-navigation","Could not create OpenMakerProjects/hospital-supply-rover-autonomous-navigation
GraphQL: You have created too many repositories, too quickly. Please try again later. (createRepository)","2026-10-02T14:51:15.5894953+05:30"
"562","hospital-supply-rover-manual-teleoperation","OpenMakerProjects/hospital-supply-rover-manual-teleoperation","public","failed","False","https://github.com/OpenMakerProjects/hospital-supply-rover-manual-teleoperation","Could not create OpenMakerProjects/hospital-supply-rover-manual-teleoperation
GraphQL: You have created too many repositories, too quickly. Please try again later. (createRepository)","2026-10-02T14:51:18.6932719+05:30"
"563","hospital-supply-rover-slam-mapping","OpenMakerProjects/hospital-supply-rover-slam-mapping","public","failed","False","https://github.com/OpenMakerProjects/hospital-supply-rover-slam-mapping","Could not create OpenMakerProjects/hospital-supply-rover-slam-mapping
GraphQL: You have created too many repositories, too quickly. Please try again later. (createRepository)","2026-10-02T14:51:21.7238157+05:30"
"564","hospital-supply-rover-follow-me-mode","OpenMakerProjects/hospital-supply-rover-follow-me-mode","public","failed","False","https://github.com/OpenMakerProjects/hospital-supply-rover-follow-me-mode","Could not create OpenMakerProjects/hospital-supply-rover-follow-me-mode
GraphQL: You have created too many repositories, too quickly. Please try again later. (createRepository)","2026-10-02T14:51:24.8656362+05:30"
"565","hospital-supply-rover-docking-and-charging","OpenMakerProjects/hospital-supply-rover-docking-and-charging","public","failed","False","https://github.com/OpenMakerProjects/hospital-supply-rover-docking-and-charging","Could not create OpenMakerProjects/hospital-supply-rover-docking-and-charging
GraphQL: You have created too many repositories, too quickly. Please try again later. (createRepository)","2026-10-02T14:51:30.1502254+05:30"
"566","hospital-supply-rover-object-pickup","OpenMakerProjects/hospital-supply-rover-object-pickup","public","failed","False","https://github.com/OpenMakerProjects/hospital-supply-rover-object-pickup","Could not create OpenMakerProjects/hospital-supply-rover-object-pickup
GraphQL: You have created too many repositories, too quickly. Please try again later. (createRepository)","2026-10-02T14:51:33.9678915+05:30"
"567","hospital-supply-rover-fleet-coordination","OpenMakerProjects/hospital-supply-rover-fleet-coordination","public","failed","False","https://github.com/OpenMakerProjects/hospital-supply-rover-fleet-coordination","Could not create OpenMakerProjects/hospital-supply-rover-fleet-coordination
GraphQL: You have created too many repositories, too quickly. Please try again later. (createRepository)","2026-10-02T14:51:38.3796093+05:30"
"568","hospital-supply-rover-terrain-classification","OpenMakerProjects/hospital-supply-rover-terrain-classification","public","failed","False","https://github.com/OpenMakerProjects/hospital-supply-rover-terrain-classification","Could not create OpenMakerProjects/hospital-supply-rover-terrain-classification
GraphQL: You have created too many repositories, too quickly. Please try again later. (createRepository)","2026-10-02T14:51:41.3155674+05:30"
"569","hospital-supply-rover-safety-bumper-system","OpenMakerProjects/hospital-supply-rover-safety-bumper-system","public","failed","False","https://github.com/OpenMakerProjects/hospital-supply-rover-safety-bumper-system","Could not create OpenMakerProjects/hospital-supply-rover-safety-bumper-system
GraphQL: You have created too many repositories, too quickly. Please try again later. (createRepository)","2026-10-02T14:51:44.1114844+05:30"
"570","hospital-supply-rover-mission-logging","OpenMakerProjects/hospital-supply-rover-mission-logging","public","failed","False","https://github.com/OpenMakerProjects/hospital-supply-rover-mission-logging","Could not create OpenMakerProjects/hospital-supply-rover-mission-logging
GraphQL: You have created too many repositories, too quickly. Please try again later. (createRepository)","2026-10-02T14:51:47.0676835+05:30"
"571","garden-patrol-robot-autonomous-navigation","OpenMakerProjects/garden-patrol-robot-autonomous-navigation","public","failed","False","https://github.com/OpenMakerProjects/garden-patrol-robot-autonomous-navigation","Could not create OpenMakerProjects/garden-patrol-robot-autonomous-navigation
GraphQL: You have created too many repositories, too quickly. Please try again later. (createRepository)","2026-10-02T14:51:50.0718561+05:30"
"572","garden-patrol-robot-manual-teleoperation","OpenMakerProjects/garden-patrol-robot-manual-teleoperation","public","failed","False","https://github.com/OpenMakerProjects/garden-patrol-robot-manual-teleoperation","Could not create OpenMakerProjects/garden-patrol-robot-manual-teleoperation
GraphQL: You have created too many repositories, too quickly. Please try again later. (createRepository)","2026-10-02T14:51:53.3005646+05:30"
"573","garden-patrol-robot-slam-mapping","OpenMakerProjects/garden-patrol-robot-slam-mapping","public","failed","False","https://github.com/OpenMakerProjects/garden-patrol-robot-slam-mapping","Could not create OpenMakerProjects/garden-patrol-robot-slam-mapping
GraphQL: You have created too many repositories, too quickly. Please try again later. (createRepository)","2026-10-02T14:51:56.6951598+05:30"
"574","garden-patrol-robot-follow-me-mode","OpenMakerProjects/garden-patrol-robot-follow-me-mode","public","failed","False","https://github.com/OpenMakerProjects/garden-patrol-robot-follow-me-mode","Could not create OpenMakerProjects/garden-patrol-robot-follow-me-mode
GraphQL: You have created too many repositories, too quickly. Please try again later. (createRepository)","2026-10-02T14:51:59.9229544+05:30"
"575","garden-patrol-robot-docking-and-charging","OpenMakerProjects/garden-patrol-robot-docking-and-charging","public","failed","False","https://github.com/OpenMakerProjects/garden-patrol-robot-docking-and-charging","Could not create OpenMakerProjects/garden-patrol-robot-docking-and-charging
GraphQL: You have created too many repositories, too quickly. Please try again later. (createRepository)","2026-10-02T14:52:03.7477383+05:30"
"576","garden-patrol-robot-object-pickup","OpenMakerProjects/garden-patrol-robot-object-pickup","public","failed","False","https://github.com/OpenMakerProjects/garden-patrol-robot-object-pickup","Could not create OpenMakerProjects/garden-patrol-robot-object-pickup
GraphQL: You have created too many repositories, too quickly. Please try again later. (createRepository)","2026-10-02T14:52:07.3461254+05:30"
"577","garden-patrol-robot-fleet-coordination","OpenMakerProjects/garden-patrol-robot-fleet-coordination","public","failed","False","https://github.com/OpenMakerProjects/garden-patrol-robot-fleet-coordination","Could not create OpenMakerProjects/garden-patrol-robot-fleet-coordination
GraphQL: You have created too many repositories, too quickly. Please try again later. (createRepository)","2026-10-02T14:52:10.5217295+05:30"
"578","garden-patrol-robot-terrain-classification","OpenMakerProjects/garden-patrol-robot-terrain-classification","public","failed","False","https://github.com/OpenMakerProjects/garden-patrol-robot-terrain-classification","Could not create OpenMakerProjects/garden-patrol-robot-terrain-classification
GraphQL: You have created too many repositories, too quickly. Please try again later. (createRepository)","2026-10-02T14:52:14.7240463+05:30"
"579","garden-patrol-robot-safety-bumper-system","OpenMakerProjects/garden-patrol-robot-safety-bumper-system","public","failed","False","https://github.com/OpenMakerProjects/garden-patrol-robot-safety-bumper-system","Could not create OpenMakerProjects/garden-patrol-robot-safety-bumper-system
GraphQL: You have created too many repositories, too quickly. Please try again later. (createRepository)","2026-10-02T14:52:18.1873133+05:30"
"580","garden-patrol-robot-mission-logging","OpenMakerProjects/garden-patrol-robot-mission-logging","public","failed","False","https://github.com/OpenMakerProjects/garden-patrol-robot-mission-logging","Could not create OpenMakerProjects/garden-patrol-robot-mission-logging
GraphQL: You have created too many repositories, too quickly. Please try again later. (createRepository)","2026-10-02T14:52:22.0722672+05:30"
"581","beach-cleanup-rover-autonomous-navigation","OpenMakerProjects/beach-cleanup-rover-autonomous-navigation","public","failed","False","https://github.com/OpenMakerProjects/beach-cleanup-rover-autonomous-navigation","Could not create OpenMakerProjects/beach-cleanup-rover-autonomous-navigation
GraphQL: You have created too many repositories, too quickly. Please try again later. (createRepository)","2026-10-02T14:52:25.3644096+05:30"
"582","beach-cleanup-rover-manual-teleoperation","OpenMakerProjects/beach-cleanup-rover-manual-teleoperation","public","failed","False","https://github.com/OpenMakerProjects/beach-cleanup-rover-manual-teleoperation","Could not create OpenMakerProjects/beach-cleanup-rover-manual-teleoperation
GraphQL: You have created too many repositories, too quickly. Please try again later. (createRepository)","2026-10-02T14:52:28.6041552+05:30"
"583","beach-cleanup-rover-slam-mapping","OpenMakerProjects/beach-cleanup-rover-slam-mapping","public","failed","False","https://github.com/OpenMakerProjects/beach-cleanup-rover-slam-mapping","Could not create OpenMakerProjects/beach-cleanup-rover-slam-mapping
GraphQL: You have created too many repositories, too quickly. Please try again later. (createRepository)","2026-10-02T14:52:31.9815230+05:30"
"584","beach-cleanup-rover-follow-me-mode","OpenMakerProjects/beach-cleanup-rover-follow-me-mode","public","failed","False","https://github.com/OpenMakerProjects/beach-cleanup-rover-follow-me-mode","Could not create OpenMakerProjects/beach-cleanup-rover-follow-me-mode
GraphQL: You have created too many repositories, too quickly. Please try again later. (createRepository)","2026-10-02T14:52:35.8002541+05:30"
"585","beach-cleanup-rover-docking-and-charging","OpenMakerProjects/beach-cleanup-rover-docking-and-charging","public","failed","False","https://github.com/OpenMakerProjects/beach-cleanup-rover-docking-and-charging","Could not create OpenMakerProjects/beach-cleanup-rover-docking-and-charging
GraphQL: You have created too many repositories, too quickly. Please try again later. (createRepository)","2026-10-02T14:52:39.4532267+05:30"
"586","beach-cleanup-rover-object-pickup","OpenMakerProjects/beach-cleanup-rover-object-pickup","public","failed","False","https://github.com/OpenMakerProjects/beach-cleanup-rover-object-pickup","Could not create OpenMakerProjects/beach-cleanup-rover-object-pickup
GraphQL: You have created too many repositories, too quickly. Please try again later. (createRepository)","2026-10-02T14:52:42.9791563+05:30"
"587","beach-cleanup-rover-fleet-coordination","OpenMakerProjects/beach-cleanup-rover-fleet-coordination","public","failed","False","https://github.com/OpenMakerProjects/beach-cleanup-rover-fleet-coordination","Could not create OpenMakerProjects/beach-cleanup-rover-fleet-coordination
GraphQL: You have created too many repositories, too quickly. Please try again later. (createRepository)","2026-10-02T14:52:46.1546757+05:30"
"588","beach-cleanup-rover-terrain-classification","OpenMakerProjects/beach-cleanup-rover-terrain-classification","public","failed","False","https://github.com/OpenMakerProjects/beach-cleanup-rover-terrain-classification","Could not create OpenMakerProjects/beach-cleanup-rover-terrain-classification
GraphQL: You have created too many repositories, too quickly. Please try again later. (createRepository)","2026-10-02T14:52:49.4595534+05:30"
"589","beach-cleanup-rover-safety-bumper-system","OpenMakerProjects/beach-cleanup-rover-safety-bumper-system","public","failed","False","https://github.com/OpenMakerProjects/beach-cleanup-rover-safety-bumper-system","Could not create OpenMakerProjects/beach-cleanup-rover-safety-bumper-system
GraphQL: You have created too many repositories, too quickly. Please try again later. (createRepository)","2026-10-02T14:52:52.8107943+05:30"
"590","beach-cleanup-rover-mission-logging","OpenMakerProjects/beach-cleanup-rover-mission-logging","public","failed","False","https://github.com/OpenMakerProjects/beach-cleanup-rover-mission-logging","Could not create OpenMakerProjects/beach-cleanup-rover-mission-logging
GraphQL: You have created too many repositories, too quickly. Please try again later. (createRepository)","2026-10-02T14:52:56.1567026+05:30"
"591","classroom-navigation-bot-autonomous-navigation","OpenMakerProjects/classroom-navigation-bot-autonomous-navigation","public","failed","False","https://github.com/OpenMakerProjects/classroom-navigation-bot-autonomous-navigation","Could not create OpenMakerProjects/classroom-navigation-bot-autonomous-navigation
GraphQL: You have created too many repositories, too quickly. Please try again later. (createRepository)","2026-10-02T14:52:59.8613699+05:30"
"592","classroom-navigation-bot-manual-teleoperation","OpenMakerProjects/classroom-navigation-bot-manual-teleoperation","public","failed","False","https://github.com/OpenMakerProjects/classroom-navigation-bot-manual-teleoperation","Could not create OpenMakerProjects/classroom-navigation-bot-manual-teleoperation
GraphQL: You have created too many repositories, too quickly. Please try again later. (createRepository)","2026-10-02T14:53:03.2612452+05:30"
"593","classroom-navigation-bot-slam-mapping","OpenMakerProjects/classroom-navigation-bot-slam-mapping","public","failed","False","https://github.com/OpenMakerProjects/classroom-navigation-bot-slam-mapping","Could not create OpenMakerProjects/classroom-navigation-bot-slam-mapping
GraphQL: You have created too many repositories, too quickly. Please try again later. (createRepository)","2026-10-02T14:53:06.8722730+05:30"
"594","classroom-navigation-bot-follow-me-mode","OpenMakerProjects/classroom-navigation-bot-follow-me-mode","public","failed","False","https://github.com/OpenMakerProjects/classroom-navigation-bot-follow-me-mode","Could not create OpenMakerProjects/classroom-navigation-bot-follow-me-mode
GraphQL: You have created too many repositories, too quickly. Please try again later. (createRepository)","2026-10-02T14:53:10.5307115+05:30"
"595","classroom-navigation-bot-docking-and-charging","OpenMakerProjects/classroom-navigation-bot-docking-and-charging","public","failed","False","https://github.com/OpenMakerProjects/classroom-navigation-bot-docking-and-charging","Could not create OpenMakerProjects/classroom-navigation-bot-docking-and-charging
GraphQL: You have created too many repositories, too quickly. Please try again later. (createRepository)","2026-10-02T14:53:13.6424681+05:30"
"596","classroom-navigation-bot-object-pickup","OpenMakerProjects/classroom-navigation-bot-object-pickup","public","failed","False","https://github.com/OpenMakerProjects/classroom-navigation-bot-object-pickup","Could not create OpenMakerProjects/classroom-navigation-bot-object-pickup
GraphQL: You have created too many repositories, too quickly. Please try again later. (createRepository)","2026-10-02T14:53:17.3424444+05:30"
"597","classroom-navigation-bot-fleet-coordination","OpenMakerProjects/classroom-navigation-bot-fleet-coordination","public","failed","False","https://github.com/OpenMakerProjects/classroom-navigation-bot-fleet-coordination","Could not create OpenMakerProjects/classroom-navigation-bot-fleet-coordination
GraphQL: You have created too many repositories, too quickly. Please try again later. (createRepository)","2026-10-02T14:53:20.7474394+05:30"
"598","classroom-navigation-bot-terrain-classification","OpenMakerProjects/classroom-navigation-bot-terrain-classification","public","failed","False","https://github.com/OpenMakerProjects/classroom-navigation-bot-terrain-classification","Could not create OpenMakerProjects/classroom-navigation-bot-terrain-classification
GraphQL: You have created too many repositories, too quickly. Please try again later. (createRepository)","2026-10-02T14:53:24.0178795+05:30"
"599","classroom-navigation-bot-safety-bumper-system","OpenMakerProjects/classroom-navigation-bot-safety-bumper-system","public","failed","False","https://github.com/OpenMakerProjects/classroom-navigation-bot-safety-bumper-system","Could not create OpenMakerProjects/classroom-navigation-bot-safety-bumper-system
GraphQL: You have created too many repositories, too quickly. Please try again later. (createRepository)","2026-10-02T14:53:27.4508081+05:30"
"600","classroom-navigation-bot-mission-logging","OpenMakerProjects/classroom-navigation-bot-mission-logging","public","failed","False","https://github.com/OpenMakerProjects/classroom-navigation-bot-mission-logging","Could not create OpenMakerProjects/classroom-navigation-bot-mission-logging
GraphQL: You have created too many repositories, too quickly. Please try again later. (createRepository)","2026-10-02T14:53:30.7032879+05:30"
"601","desktop-pick-and-place-arm-teach-and-repeat","OpenMakerProjects/desktop-pick-and-place-arm-teach-and-repeat","public","failed","False","https://github.com/OpenMakerProjects/desktop-pick-and-place-arm-teach-and-repeat","Could not create OpenMakerProjects/desktop-pick-and-place-arm-teach-and-repeat
GraphQL: You have created too many repositories, too quickly. Please try again later. (createRepository)","2026-10-02T14:53:34.3185811+05:30"
"602","desktop-pick-and-place-arm-inverse-kinematics","OpenMakerProjects/desktop-pick-and-place-arm-inverse-kinematics","public","failed","False","https://github.com/OpenMakerProjects/desktop-pick-and-place-arm-inverse-kinematics","Could not create OpenMakerProjects/desktop-pick-and-place-arm-inverse-kinematics
GraphQL: You have created too many repositories, too quickly. Please try again later. (createRepository)","2026-10-02T14:53:38.4455548+05:30"
"603","desktop-pick-and-place-arm-vision-alignment","OpenMakerProjects/desktop-pick-and-place-arm-vision-alignment","public","failed","False","https://github.com/OpenMakerProjects/desktop-pick-and-place-arm-vision-alignment","Could not create OpenMakerProjects/desktop-pick-and-place-arm-vision-alignment
GraphQL: You have created too many repositories, too quickly. Please try again later. (createRepository)","2026-10-02T14:53:41.7835212+05:30"
"604","desktop-pick-and-place-arm-force-limited-motion","OpenMakerProjects/desktop-pick-and-place-arm-force-limited-motion","public","failed","False","https://github.com/OpenMakerProjects/desktop-pick-and-place-arm-force-limited-motion","Could not create OpenMakerProjects/desktop-pick-and-place-arm-force-limited-motion
GraphQL: You have created too many repositories, too quickly. Please try again later. (createRepository)","2026-10-02T14:53:45.2249747+05:30"
"605","desktop-pick-and-place-arm-voice-command-control","OpenMakerProjects/desktop-pick-and-place-arm-voice-command-control","public","failed","False","https://github.com/OpenMakerProjects/desktop-pick-and-place-arm-voice-command-control","Could not create OpenMakerProjects/desktop-pick-and-place-arm-voice-command-control
GraphQL: You have created too many repositories, too quickly. Please try again later. (createRepository)","2026-10-02T14:53:48.7369300+05:30"
"606","desktop-pick-and-place-arm-web-motion-console","OpenMakerProjects/desktop-pick-and-place-arm-web-motion-console","public","failed","False","https://github.com/OpenMakerProjects/desktop-pick-and-place-arm-web-motion-console","Could not create OpenMakerProjects/desktop-pick-and-place-arm-web-motion-console
GraphQL: You have created too many repositories, too quickly. Please try again later. (createRepository)","2026-10-02T14:53:52.0294261+05:30"
"607","desktop-pick-and-place-arm-automatic-calibration","OpenMakerProjects/desktop-pick-and-place-arm-automatic-calibration","public","failed","False","https://github.com/OpenMakerProjects/desktop-pick-and-place-arm-automatic-calibration","Could not create OpenMakerProjects/desktop-pick-and-place-arm-automatic-calibration
GraphQL: You have created too many repositories, too quickly. Please try again later. (createRepository)","2026-10-02T14:53:55.4346825+05:30"
"608","desktop-pick-and-place-arm-tool-changer","OpenMakerProjects/desktop-pick-and-place-arm-tool-changer","public","failed","False","https://github.com/OpenMakerProjects/desktop-pick-and-place-arm-tool-changer","Could not create OpenMakerProjects/desktop-pick-and-place-arm-tool-changer
GraphQL: You have created too many repositories, too quickly. Please try again later. (createRepository)","2026-10-02T14:53:58.6541790+05:30"
"609","desktop-pick-and-place-arm-motion-recording","OpenMakerProjects/desktop-pick-and-place-arm-motion-recording","public","failed","False","https://github.com/OpenMakerProjects/desktop-pick-and-place-arm-motion-recording","Could not create OpenMakerProjects/desktop-pick-and-place-arm-motion-recording
GraphQL: You have created too many repositories, too quickly. Please try again later. (createRepository)","2026-10-02T14:54:01.9465268+05:30"
"610","desktop-pick-and-place-arm-collaborative-safety","OpenMakerProjects/desktop-pick-and-place-arm-collaborative-safety","public","failed","False","https://github.com/OpenMakerProjects/desktop-pick-and-place-arm-collaborative-safety","Could not create OpenMakerProjects/desktop-pick-and-place-arm-collaborative-safety
GraphQL: You have created too many repositories, too quickly. Please try again later. (createRepository)","2026-10-02T14:54:06.4446392+05:30"
"611","color-sorting-arm-teach-and-repeat","OpenMakerProjects/color-sorting-arm-teach-and-repeat","public","failed","False","https://github.com/OpenMakerProjects/color-sorting-arm-teach-and-repeat","Could not create OpenMakerProjects/color-sorting-arm-teach-and-repeat
GraphQL: You have created too many repositories, too quickly. Please try again later. (createRepository)","2026-10-02T14:54:09.7559470+05:30"
"612","color-sorting-arm-inverse-kinematics","OpenMakerProjects/color-sorting-arm-inverse-kinematics","public","failed","False","https://github.com/OpenMakerProjects/color-sorting-arm-inverse-kinematics","Could not create OpenMakerProjects/color-sorting-arm-inverse-kinematics
GraphQL: You have created too many repositories, too quickly. Please try again later. (createRepository)","2026-10-02T14:54:13.5780361+05:30"
"613","color-sorting-arm-vision-alignment","OpenMakerProjects/color-sorting-arm-vision-alignment","public","failed","False","https://github.com/OpenMakerProjects/color-sorting-arm-vision-alignment","Could not create OpenMakerProjects/color-sorting-arm-vision-alignment
GraphQL: You have created too many repositories, too quickly. Please try again later. (createRepository)","2026-10-02T14:54:17.4429292+05:30"
"614","color-sorting-arm-force-limited-motion","OpenMakerProjects/color-sorting-arm-force-limited-motion","public","failed","False","https://github.com/OpenMakerProjects/color-sorting-arm-force-limited-motion","Could not create OpenMakerProjects/color-sorting-arm-force-limited-motion
GraphQL: You have created too many repositories, too quickly. Please try again later. (createRepository)","2026-10-02T14:54:20.6076892+05:30"
"615","color-sorting-arm-voice-command-control","OpenMakerProjects/color-sorting-arm-voice-command-control","public","failed","False","https://github.com/OpenMakerProjects/color-sorting-arm-voice-command-control","Could not create OpenMakerProjects/color-sorting-arm-voice-command-control
GraphQL: You have created too many repositories, too quickly. Please try again later. (createRepository)","2026-10-02T14:54:24.3786204+05:30"
"616","color-sorting-arm-web-motion-console","OpenMakerProjects/color-sorting-arm-web-motion-console","public","failed","False","https://github.com/OpenMakerProjects/color-sorting-arm-web-motion-console","Could not create OpenMakerProjects/color-sorting-arm-web-motion-console
GraphQL: You have created too many repositories, too quickly. Please try again later. (createRepository)","2026-10-02T14:54:27.7414852+05:30"
"617","color-sorting-arm-automatic-calibration","OpenMakerProjects/color-sorting-arm-automatic-calibration","public","failed","False","https://github.com/OpenMakerProjects/color-sorting-arm-automatic-calibration","Could not create OpenMakerProjects/color-sorting-arm-automatic-calibration
GraphQL: You have created too many repositories, too quickly. Please try again later. (createRepository)","2026-10-02T14:54:31.0080985+05:30"
"618","color-sorting-arm-tool-changer","OpenMakerProjects/color-sorting-arm-tool-changer","public","failed","False","https://github.com/OpenMakerProjects/color-sorting-arm-tool-changer","Could not create OpenMakerProjects/color-sorting-arm-tool-changer
GraphQL: You have created too many repositories, too quickly. Please try again later. (createRepository)","2026-10-02T14:54:34.7187852+05:30"
"619","color-sorting-arm-motion-recording","OpenMakerProjects/color-sorting-arm-motion-recording","public","failed","False","https://github.com/OpenMakerProjects/color-sorting-arm-motion-recording","Could not create OpenMakerProjects/color-sorting-arm-motion-recording
GraphQL: You have created too many repositories, too quickly. Please try again later. (createRepository)","2026-10-02T14:54:37.9169138+05:30"
"620","color-sorting-arm-collaborative-safety","OpenMakerProjects/color-sorting-arm-collaborative-safety","public","failed","False","https://github.com/OpenMakerProjects/color-sorting-arm-collaborative-safety","Could not create OpenMakerProjects/color-sorting-arm-collaborative-safety
GraphQL: You have created too many repositories, too quickly. Please try again later. (createRepository)","2026-10-02T14:54:41.5768026+05:30"
"621","mini-welding-trainer-teach-and-repeat","OpenMakerProjects/mini-welding-trainer-teach-and-repeat","public","failed","False","https://github.com/OpenMakerProjects/mini-welding-trainer-teach-and-repeat","Could not create OpenMakerProjects/mini-welding-trainer-teach-and-repeat
GraphQL: You have created too many repositories, too quickly. Please try again later. (createRepository)","2026-10-02T14:54:44.9760234+05:30"
"622","mini-welding-trainer-inverse-kinematics","OpenMakerProjects/mini-welding-trainer-inverse-kinematics","public","failed","False","https://github.com/OpenMakerProjects/mini-welding-trainer-inverse-kinematics","Could not create OpenMakerProjects/mini-welding-trainer-inverse-kinematics
GraphQL: You have created too many repositories, too quickly. Please try again later. (createRepository)","2026-10-02T14:54:48.1041472+05:30"
"623","mini-welding-trainer-vision-alignment","OpenMakerProjects/mini-welding-trainer-vision-alignment","public","failed","False","https://github.com/OpenMakerProjects/mini-welding-trainer-vision-alignment","Could not create OpenMakerProjects/mini-welding-trainer-vision-alignment
GraphQL: You have created too many repositories, too quickly. Please try again later. (createRepository)","2026-10-02T14:54:52.5791532+05:30"
"624","mini-welding-trainer-force-limited-motion","OpenMakerProjects/mini-welding-trainer-force-limited-motion","public","failed","False","https://github.com/OpenMakerProjects/mini-welding-trainer-force-limited-motion","Could not create OpenMakerProjects/mini-welding-trainer-force-limited-motion
GraphQL: You have created too many repositories, too quickly. Please try again later. (createRepository)","2026-10-02T14:54:57.3040757+05:30"
"625","mini-welding-trainer-voice-command-control","OpenMakerProjects/mini-welding-trainer-voice-command-control","public","failed","False","https://github.com/OpenMakerProjects/mini-welding-trainer-voice-command-control","Could not create OpenMakerProjects/mini-welding-trainer-voice-command-control
GraphQL: You have created too many repositories, too quickly. Please try again later. (createRepository)","2026-10-02T14:55:01.4028041+05:30"
"626","mini-welding-trainer-web-motion-console","OpenMakerProjects/mini-welding-trainer-web-motion-console","public","failed","False","https://github.com/OpenMakerProjects/mini-welding-trainer-web-motion-console","Could not create OpenMakerProjects/mini-welding-trainer-web-motion-console
GraphQL: You have created too many repositories, too quickly. Please try again later. (createRepository)","2026-10-02T14:55:05.2855850+05:30"
"627","mini-welding-trainer-automatic-calibration","OpenMakerProjects/mini-welding-trainer-automatic-calibration","public","failed","False","https://github.com/OpenMakerProjects/mini-welding-trainer-automatic-calibration","Could not create OpenMakerProjects/mini-welding-trainer-automatic-calibration
GraphQL: You have created too many repositories, too quickly. Please try again later. (createRepository)","2026-10-02T14:55:08.5608826+05:30"
"628","mini-welding-trainer-tool-changer","OpenMakerProjects/mini-welding-trainer-tool-changer","public","failed","False","https://github.com/OpenMakerProjects/mini-welding-trainer-tool-changer","Could not create OpenMakerProjects/mini-welding-trainer-tool-changer
GraphQL: You have created too many repositories, too quickly. Please try again later. (createRepository)","2026-10-02T14:55:11.9771666+05:30"
"629","mini-welding-trainer-motion-recording","OpenMakerProjects/mini-welding-trainer-motion-recording","public","failed","False","https://github.com/OpenMakerProjects/mini-welding-trainer-motion-recording","Could not create OpenMakerProjects/mini-welding-trainer-motion-recording
GraphQL: You have created too many repositories, too quickly. Please try again later. (createRepository)","2026-10-02T14:55:15.1635699+05:30"
"630","mini-welding-trainer-collaborative-safety","OpenMakerProjects/mini-welding-trainer-collaborative-safety","public","failed","False","https://github.com/OpenMakerProjects/mini-welding-trainer-collaborative-safety","Could not create OpenMakerProjects/mini-welding-trainer-collaborative-safety
GraphQL: You have created too many repositories, too quickly. Please try again later. (createRepository)","2026-10-02T14:55:19.0322418+05:30"
"631","camera-tracking-arm-teach-and-repeat","OpenMakerProjects/camera-tracking-arm-teach-and-repeat","public","failed","False","https://github.com/OpenMakerProjects/camera-tracking-arm-teach-and-repeat","Could not create OpenMakerProjects/camera-tracking-arm-teach-and-repeat
GraphQL: You have created too many repositories, too quickly. Please try again later. (createRepository)","2026-10-02T14:55:22.0477621+05:30"
"632","camera-tracking-arm-inverse-kinematics","OpenMakerProjects/camera-tracking-arm-inverse-kinematics","public","failed","False","https://github.com/OpenMakerProjects/camera-tracking-arm-inverse-kinematics","Could not create OpenMakerProjects/camera-tracking-arm-inverse-kinematics
GraphQL: You have created too many repositories, too quickly. Please try again later. (createRepository)","2026-10-02T14:55:25.0582392+05:30"
"633","camera-tracking-arm-vision-alignment","OpenMakerProjects/camera-tracking-arm-vision-alignment","public","failed","False","https://github.com/OpenMakerProjects/camera-tracking-arm-vision-alignment","Could not create OpenMakerProjects/camera-tracking-arm-vision-alignment
GraphQL: You have created too many repositories, too quickly. Please try again later. (createRepository)","2026-10-02T14:55:28.4145062+05:30"
"634","camera-tracking-arm-force-limited-motion","OpenMakerProjects/camera-tracking-arm-force-limited-motion","public","failed","False","https://github.com/OpenMakerProjects/camera-tracking-arm-force-limited-motion","Could not create OpenMakerProjects/camera-tracking-arm-force-limited-motion
GraphQL: You have created too many repositories, too quickly. Please try again later. (createRepository)","2026-10-02T14:55:31.5786911+05:30"
"635","camera-tracking-arm-voice-command-control","OpenMakerProjects/camera-tracking-arm-voice-command-control","public","failed","False","https://github.com/OpenMakerProjects/camera-tracking-arm-voice-command-control","Could not create OpenMakerProjects/camera-tracking-arm-voice-command-control
GraphQL: You have created too many repositories, too quickly. Please try again later. (createRepository)","2026-10-02T14:55:34.9656034+05:30"
"636","camera-tracking-arm-web-motion-console","OpenMakerProjects/camera-tracking-arm-web-motion-console","public","failed","False","https://github.com/OpenMakerProjects/camera-tracking-arm-web-motion-console","Could not create OpenMakerProjects/camera-tracking-arm-web-motion-console
GraphQL: You have created too many repositories, too quickly. Please try again later. (createRepository)","2026-10-02T14:55:38.2802776+05:30"
"637","camera-tracking-arm-automatic-calibration","OpenMakerProjects/camera-tracking-arm-automatic-calibration","public","failed","False","https://github.com/OpenMakerProjects/camera-tracking-arm-automatic-calibration","Could not create OpenMakerProjects/camera-tracking-arm-automatic-calibration
GraphQL: You have created too many repositories, too quickly. Please try again later. (createRepository)","2026-10-02T14:55:42.1169961+05:30"
"638","camera-tracking-arm-tool-changer","OpenMakerProjects/camera-tracking-arm-tool-changer","public","failed","False","https://github.com/OpenMakerProjects/camera-tracking-arm-tool-changer","Could not create OpenMakerProjects/camera-tracking-arm-tool-changer
GraphQL: You have created too many repositories, too quickly. Please try again later. (createRepository)","2026-10-02T14:55:45.7158586+05:30"
"639","camera-tracking-arm-motion-recording","OpenMakerProjects/camera-tracking-arm-motion-recording","public","failed","False","https://github.com/OpenMakerProjects/camera-tracking-arm-motion-recording","Could not create OpenMakerProjects/camera-tracking-arm-motion-recording
GraphQL: You have created too many repositories, too quickly. Please try again later. (createRepository)","2026-10-02T14:55:49.3861597+05:30"
"640","camera-tracking-arm-collaborative-safety","OpenMakerProjects/camera-tracking-arm-collaborative-safety","public","failed","False","https://github.com/OpenMakerProjects/camera-tracking-arm-collaborative-safety","Could not create OpenMakerProjects/camera-tracking-arm-collaborative-safety
GraphQL: You have created too many repositories, too quickly. Please try again later. (createRepository)","2026-10-02T14:55:54.3242864+05:30"
"641","chess-piece-robot-teach-and-repeat","OpenMakerProjects/chess-piece-robot-teach-and-repeat","public","failed","False","https://github.com/OpenMakerProjects/chess-piece-robot-teach-and-repeat","Could not create OpenMakerProjects/chess-piece-robot-teach-and-repeat
GraphQL: You have created too many repositories, too quickly. Please try again later. (createRepository)","2026-10-02T14:55:58.6741727+05:30"
"642","chess-piece-robot-inverse-kinematics","OpenMakerProjects/chess-piece-robot-inverse-kinematics","public","failed","False","https://github.com/OpenMakerProjects/chess-piece-robot-inverse-kinematics","Could not create OpenMakerProjects/chess-piece-robot-inverse-kinematics
GraphQL: You have created too many repositories, too quickly. Please try again later. (createRepository)","2026-10-02T14:56:02.9243678+05:30"
"643","chess-piece-robot-vision-alignment","OpenMakerProjects/chess-piece-robot-vision-alignment","public","failed","False","https://github.com/OpenMakerProjects/chess-piece-robot-vision-alignment","Could not create OpenMakerProjects/chess-piece-robot-vision-alignment
GraphQL: You have created too many repositories, too quickly. Please try again later. (createRepository)","2026-10-02T14:56:06.0503462+05:30"
"644","chess-piece-robot-force-limited-motion","OpenMakerProjects/chess-piece-robot-force-limited-motion","public","failed","False","https://github.com/OpenMakerProjects/chess-piece-robot-force-limited-motion","Could not create OpenMakerProjects/chess-piece-robot-force-limited-motion
GraphQL: You have created too many repositories, too quickly. Please try again later. (createRepository)","2026-10-02T14:56:09.5860880+05:30"
"645","chess-piece-robot-voice-command-control","OpenMakerProjects/chess-piece-robot-voice-command-control","public","failed","False","https://github.com/OpenMakerProjects/chess-piece-robot-voice-command-control","Could not create OpenMakerProjects/chess-piece-robot-voice-command-control
GraphQL: You have created too many repositories, too quickly. Please try again later. (createRepository)","2026-10-02T14:56:12.6018578+05:30"
"646","chess-piece-robot-web-motion-console","OpenMakerProjects/chess-piece-robot-web-motion-console","public","failed","False","https://github.com/OpenMakerProjects/chess-piece-robot-web-motion-console","Could not create OpenMakerProjects/chess-piece-robot-web-motion-console
GraphQL: You have created too many repositories, too quickly. Please try again later. (createRepository)","2026-10-02T14:56:15.7200696+05:30"
"647","chess-piece-robot-automatic-calibration","OpenMakerProjects/chess-piece-robot-automatic-calibration","public","failed","False","https://github.com/OpenMakerProjects/chess-piece-robot-automatic-calibration","Could not create OpenMakerProjects/chess-piece-robot-automatic-calibration
GraphQL: You have created too many repositories, too quickly. Please try again later. (createRepository)","2026-10-02T14:56:18.7133040+05:30"
"648","chess-piece-robot-tool-changer","OpenMakerProjects/chess-piece-robot-tool-changer","public","failed","False","https://github.com/OpenMakerProjects/chess-piece-robot-tool-changer","Could not create OpenMakerProjects/chess-piece-robot-tool-changer
GraphQL: You have created too many repositories, too quickly. Please try again later. (createRepository)","2026-10-02T14:56:21.5536685+05:30"
"649","chess-piece-robot-motion-recording","OpenMakerProjects/chess-piece-robot-motion-recording","public","failed","False","https://github.com/OpenMakerProjects/chess-piece-robot-motion-recording","Could not create OpenMakerProjects/chess-piece-robot-motion-recording
GraphQL: You have created too many repositories, too quickly. Please try again later. (createRepository)","2026-10-02T14:56:24.6313646+05:30"
"650","chess-piece-robot-collaborative-safety","OpenMakerProjects/chess-piece-robot-collaborative-safety","public","failed","False","https://github.com/OpenMakerProjects/chess-piece-robot-collaborative-safety","Could not create OpenMakerProjects/chess-piece-robot-collaborative-safety
GraphQL: You have created too many repositories, too quickly. Please try again later. (createRepository)","2026-10-02T14:56:27.9754267+05:30"
"651","lab-sample-handler-teach-and-repeat","OpenMakerProjects/lab-sample-handler-teach-and-repeat","public","failed","False","https://github.com/OpenMakerProjects/lab-sample-handler-teach-and-repeat","Could not create OpenMakerProjects/lab-sample-handler-teach-and-repeat
GraphQL: You have created too many repositories, too quickly. Please try again later. (createRepository)","2026-10-02T14:56:31.4676521+05:30"
"652","lab-sample-handler-inverse-kinematics","OpenMakerProjects/lab-sample-handler-inverse-kinematics","public","failed","False","https://github.com/OpenMakerProjects/lab-sample-handler-inverse-kinematics","Could not create OpenMakerProjects/lab-sample-handler-inverse-kinematics
GraphQL: You have created too many repositories, too quickly. Please try again later. (createRepository)","2026-10-02T14:56:34.8350946+05:30"
"653","lab-sample-handler-vision-alignment","OpenMakerProjects/lab-sample-handler-vision-alignment","public","failed","False","https://github.com/OpenMakerProjects/lab-sample-handler-vision-alignment","Could not create OpenMakerProjects/lab-sample-handler-vision-alignment
GraphQL: You have created too many repositories, too quickly. Please try again later. (createRepository)","2026-10-02T14:56:38.4415637+05:30"
"654","lab-sample-handler-force-limited-motion","OpenMakerProjects/lab-sample-handler-force-limited-motion","public","failed","False","https://github.com/OpenMakerProjects/lab-sample-handler-force-limited-motion","Could not create OpenMakerProjects/lab-sample-handler-force-limited-motion
GraphQL: You have created too many repositories, too quickly. Please try again later. (createRepository)","2026-10-02T14:56:41.4417849+05:30"
"655","lab-sample-handler-voice-command-control","OpenMakerProjects/lab-sample-handler-voice-command-control","public","failed","False","https://github.com/OpenMakerProjects/lab-sample-handler-voice-command-control","Could not create OpenMakerProjects/lab-sample-handler-voice-command-control
GraphQL: You have created too many repositories, too quickly. Please try again later. (createRepository)","2026-10-02T14:56:44.6572281+05:30"
"656","lab-sample-handler-web-motion-console","OpenMakerProjects/lab-sample-handler-web-motion-console","public","failed","False","https://github.com/OpenMakerProjects/lab-sample-handler-web-motion-console","Could not create OpenMakerProjects/lab-sample-handler-web-motion-console
GraphQL: You have created too many repositories, too quickly. Please try again later. (createRepository)","2026-10-02T14:56:47.5698839+05:30"
"657","lab-sample-handler-automatic-calibration","OpenMakerProjects/lab-sample-handler-automatic-calibration","public","failed","False","https://github.com/OpenMakerProjects/lab-sample-handler-automatic-calibration","Could not create OpenMakerProjects/lab-sample-handler-automatic-calibration
GraphQL: You have created too many repositories, too quickly. Please try again later. (createRepository)","2026-10-02T14:56:50.8135557+05:30"
"658","lab-sample-handler-tool-changer","OpenMakerProjects/lab-sample-handler-tool-changer","public","failed","False","https://github.com/OpenMakerProjects/lab-sample-handler-tool-changer","Could not create OpenMakerProjects/lab-sample-handler-tool-changer
GraphQL: You have created too many repositories, too quickly. Please try again later. (createRepository)","2026-10-02T14:56:54.3454051+05:30"
"659","lab-sample-handler-motion-recording","OpenMakerProjects/lab-sample-handler-motion-recording","public","failed","False","https://github.com/OpenMakerProjects/lab-sample-handler-motion-recording","Could not create OpenMakerProjects/lab-sample-handler-motion-recording
GraphQL: You have created too many repositories, too quickly. Please try again later. (createRepository)","2026-10-02T14:56:57.9805044+05:30"
"660","lab-sample-handler-collaborative-safety","OpenMakerProjects/lab-sample-handler-collaborative-safety","public","failed","False","https://github.com/OpenMakerProjects/lab-sample-handler-collaborative-safety","Could not create OpenMakerProjects/lab-sample-handler-collaborative-safety
GraphQL: You have created too many repositories, too quickly. Please try again later. (createRepository)","2026-10-02T14:57:01.1443032+05:30"
"661","recycling-sorting-arm-teach-and-repeat","OpenMakerProjects/recycling-sorting-arm-teach-and-repeat","public","failed","False","https://github.com/OpenMakerProjects/recycling-sorting-arm-teach-and-repeat","Could not create OpenMakerProjects/recycling-sorting-arm-teach-and-repeat
GraphQL: You have created too many repositories, too quickly. Please try again later. (createRepository)","2026-10-02T14:57:04.4211225+05:30"
"662","recycling-sorting-arm-inverse-kinematics","OpenMakerProjects/recycling-sorting-arm-inverse-kinematics","public","failed","False","https://github.com/OpenMakerProjects/recycling-sorting-arm-inverse-kinematics","Could not create OpenMakerProjects/recycling-sorting-arm-inverse-kinematics
GraphQL: You have created too many repositories, too quickly. Please try again later. (createRepository)","2026-10-02T14:57:07.6780104+05:30"
"663","recycling-sorting-arm-vision-alignment","OpenMakerProjects/recycling-sorting-arm-vision-alignment","public","failed","False","https://github.com/OpenMakerProjects/recycling-sorting-arm-vision-alignment","Could not create OpenMakerProjects/recycling-sorting-arm-vision-alignment
GraphQL: You have created too many repositories, too quickly. Please try again later. (createRepository)","2026-10-02T14:57:11.0389211+05:30"
"664","recycling-sorting-arm-force-limited-motion","OpenMakerProjects/recycling-sorting-arm-force-limited-motion","public","failed","False","https://github.com/OpenMakerProjects/recycling-sorting-arm-force-limited-motion","Could not create OpenMakerProjects/recycling-sorting-arm-force-limited-motion
GraphQL: You have created too many repositories, too quickly. Please try again later. (createRepository)","2026-10-02T14:57:14.4313668+05:30"
"665","recycling-sorting-arm-voice-command-control","OpenMakerProjects/recycling-sorting-arm-voice-command-control","public","failed","False","https://github.com/OpenMakerProjects/recycling-sorting-arm-voice-command-control","Could not create OpenMakerProjects/recycling-sorting-arm-voice-command-control
GraphQL: You have created too many repositories, too quickly. Please try again later. (createRepository)","2026-10-02T14:57:17.6450897+05:30"
"666","recycling-sorting-arm-web-motion-console","OpenMakerProjects/recycling-sorting-arm-web-motion-console","public","failed","False","https://github.com/OpenMakerProjects/recycling-sorting-arm-web-motion-console","Could not create OpenMakerProjects/recycling-sorting-arm-web-motion-console
GraphQL: You have created too many repositories, too quickly. Please try again later. (createRepository)","2026-10-02T14:57:21.3224415+05:30"
"667","recycling-sorting-arm-automatic-calibration","OpenMakerProjects/recycling-sorting-arm-automatic-calibration","public","failed","False","https://github.com/OpenMakerProjects/recycling-sorting-arm-automatic-calibration","Could not create OpenMakerProjects/recycling-sorting-arm-automatic-calibration
GraphQL: You have created too many repositories, too quickly. Please try again later. (createRepository)","2026-10-02T14:57:24.2732649+05:30"
"668","recycling-sorting-arm-tool-changer","OpenMakerProjects/recycling-sorting-arm-tool-changer","public","failed","False","https://github.com/OpenMakerProjects/recycling-sorting-arm-tool-changer","Could not create OpenMakerProjects/recycling-sorting-arm-tool-changer
GraphQL: You have created too many repositories, too quickly. Please try again later. (createRepository)","2026-10-02T14:57:27.8742257+05:30"
"669","recycling-sorting-arm-motion-recording","OpenMakerProjects/recycling-sorting-arm-motion-recording","public","failed","False","https://github.com/OpenMakerProjects/recycling-sorting-arm-motion-recording","Could not create OpenMakerProjects/recycling-sorting-arm-motion-recording
GraphQL: You have created too many repositories, too quickly. Please try again later. (createRepository)","2026-10-02T14:57:30.7787224+05:30"
"670","recycling-sorting-arm-collaborative-safety","OpenMakerProjects/recycling-sorting-arm-collaborative-safety","public","failed","False","https://github.com/OpenMakerProjects/recycling-sorting-arm-collaborative-safety","Could not create OpenMakerProjects/recycling-sorting-arm-collaborative-safety
GraphQL: You have created too many repositories, too quickly. Please try again later. (createRepository)","2026-10-02T14:57:33.7685096+05:30"
"671","drawing-plotter-arm-teach-and-repeat","OpenMakerProjects/drawing-plotter-arm-teach-and-repeat","public","failed","False","https://github.com/OpenMakerProjects/drawing-plotter-arm-teach-and-repeat","Could not create OpenMakerProjects/drawing-plotter-arm-teach-and-repeat
GraphQL: You have created too many repositories, too quickly. Please try again later. (createRepository)","2026-10-02T14:57:37.1934720+05:30"
"672","drawing-plotter-arm-inverse-kinematics","OpenMakerProjects/drawing-plotter-arm-inverse-kinematics","public","failed","False","https://github.com/OpenMakerProjects/drawing-plotter-arm-inverse-kinematics","Could not create OpenMakerProjects/drawing-plotter-arm-inverse-kinematics
GraphQL: You have created too many repositories, too quickly. Please try again later. (createRepository)","2026-10-02T14:57:40.2572371+05:30"
"673","drawing-plotter-arm-vision-alignment","OpenMakerProjects/drawing-plotter-arm-vision-alignment","public","failed","False","https://github.com/OpenMakerProjects/drawing-plotter-arm-vision-alignment","Could not create OpenMakerProjects/drawing-plotter-arm-vision-alignment
GraphQL: You have created too many repositories, too quickly. Please try again later. (createRepository)","2026-10-02T14:57:43.4643973+05:30"
"674","drawing-plotter-arm-force-limited-motion","OpenMakerProjects/drawing-plotter-arm-force-limited-motion","public","failed","False","https://github.com/OpenMakerProjects/drawing-plotter-arm-force-limited-motion","Could not create OpenMakerProjects/drawing-plotter-arm-force-limited-motion
GraphQL: You have created too many repositories, too quickly. Please try again later. (createRepository)","2026-10-02T14:57:46.6244402+05:30"
"675","drawing-plotter-arm-voice-command-control","OpenMakerProjects/drawing-plotter-arm-voice-command-control","public","failed","False","https://github.com/OpenMakerProjects/drawing-plotter-arm-voice-command-control","Could not create OpenMakerProjects/drawing-plotter-arm-voice-command-control
GraphQL: You have created too many repositories, too quickly. Please try again later. (createRepository)","2026-10-02T14:57:49.7259335+05:30"
"676","drawing-plotter-arm-web-motion-console","OpenMakerProjects/drawing-plotter-arm-web-motion-console","public","failed","False","https://github.com/OpenMakerProjects/drawing-plotter-arm-web-motion-console","Could not create OpenMakerProjects/drawing-plotter-arm-web-motion-console
GraphQL: You have created too many repositories, too quickly. Please try again later. (createRepository)","2026-10-02T14:57:52.8571768+05:30"
"677","drawing-plotter-arm-automatic-calibration","OpenMakerProjects/drawing-plotter-arm-automatic-calibration","public","failed","False","https://github.com/OpenMakerProjects/drawing-plotter-arm-automatic-calibration","Could not create OpenMakerProjects/drawing-plotter-arm-automatic-calibration
GraphQL: You have created too many repositories, too quickly. Please try again later. (createRepository)","2026-10-02T14:57:56.2816866+05:30"
"678","drawing-plotter-arm-tool-changer","OpenMakerProjects/drawing-plotter-arm-tool-changer","public","failed","False","https://github.com/OpenMakerProjects/drawing-plotter-arm-tool-changer","Could not create OpenMakerProjects/drawing-plotter-arm-tool-changer
GraphQL: You have created too many repositories, too quickly. Please try again later. (createRepository)","2026-10-02T14:57:59.5763504+05:30"
"679","drawing-plotter-arm-motion-recording","OpenMakerProjects/drawing-plotter-arm-motion-recording","public","failed","False","https://github.com/OpenMakerProjects/drawing-plotter-arm-motion-recording","Could not create OpenMakerProjects/drawing-plotter-arm-motion-recording
GraphQL: You have created too many repositories, too quickly. Please try again later. (createRepository)","2026-10-02T14:58:03.0922553+05:30"
"680","drawing-plotter-arm-collaborative-safety","OpenMakerProjects/drawing-plotter-arm-collaborative-safety","public","failed","False","https://github.com/OpenMakerProjects/drawing-plotter-arm-collaborative-safety","Could not create OpenMakerProjects/drawing-plotter-arm-collaborative-safety
GraphQL: You have created too many repositories, too quickly. Please try again later. (createRepository)","2026-10-02T14:58:06.7055754+05:30"
"681","gesture-mirroring-arm-teach-and-repeat","OpenMakerProjects/gesture-mirroring-arm-teach-and-repeat","public","failed","False","https://github.com/OpenMakerProjects/gesture-mirroring-arm-teach-and-repeat","Could not create OpenMakerProjects/gesture-mirroring-arm-teach-and-repeat
GraphQL: You have created too many repositories, too quickly. Please try again later. (createRepository)","2026-10-02T14:58:09.6149208+05:30"
"682","gesture-mirroring-arm-inverse-kinematics","OpenMakerProjects/gesture-mirroring-arm-inverse-kinematics","public","failed","False","https://github.com/OpenMakerProjects/gesture-mirroring-arm-inverse-kinematics","Could not create OpenMakerProjects/gesture-mirroring-arm-inverse-kinematics
GraphQL: You have created too many repositories, too quickly. Please try again later. (createRepository)","2026-10-02T14:58:12.9453874+05:30"
"683","gesture-mirroring-arm-vision-alignment","OpenMakerProjects/gesture-mirroring-arm-vision-alignment","public","failed","False","https://github.com/OpenMakerProjects/gesture-mirroring-arm-vision-alignment","Could not create OpenMakerProjects/gesture-mirroring-arm-vision-alignment
GraphQL: You have created too many repositories, too quickly. Please try again later. (createRepository)","2026-10-02T14:58:15.8474210+05:30"
"684","gesture-mirroring-arm-force-limited-motion","OpenMakerProjects/gesture-mirroring-arm-force-limited-motion","public","failed","False","https://github.com/OpenMakerProjects/gesture-mirroring-arm-force-limited-motion","Could not create OpenMakerProjects/gesture-mirroring-arm-force-limited-motion
GraphQL: You have created too many repositories, too quickly. Please try again later. (createRepository)","2026-10-02T14:58:19.2690882+05:30"
"685","gesture-mirroring-arm-voice-command-control","OpenMakerProjects/gesture-mirroring-arm-voice-command-control","public","failed","False","https://github.com/OpenMakerProjects/gesture-mirroring-arm-voice-command-control","Could not create OpenMakerProjects/gesture-mirroring-arm-voice-command-control
GraphQL: You have created too many repositories, too quickly. Please try again later. (createRepository)","2026-10-02T14:58:22.4139257+05:30"
"686","gesture-mirroring-arm-web-motion-console","OpenMakerProjects/gesture-mirroring-arm-web-motion-console","public","failed","False","https://github.com/OpenMakerProjects/gesture-mirroring-arm-web-motion-console","Could not create OpenMakerProjects/gesture-mirroring-arm-web-motion-console
GraphQL: You have created too many repositories, too quickly. Please try again later. (createRepository)","2026-10-02T14:58:25.1713717+05:30"
"687","gesture-mirroring-arm-automatic-calibration","OpenMakerProjects/gesture-mirroring-arm-automatic-calibration","public","failed","False","https://github.com/OpenMakerProjects/gesture-mirroring-arm-automatic-calibration","Could not create OpenMakerProjects/gesture-mirroring-arm-automatic-calibration
GraphQL: You have created too many repositories, too quickly. Please try again later. (createRepository)","2026-10-02T14:58:28.2755480+05:30"
"688","gesture-mirroring-arm-tool-changer","OpenMakerProjects/gesture-mirroring-arm-tool-changer","public","failed","False","https://github.com/OpenMakerProjects/gesture-mirroring-arm-tool-changer","Could not create OpenMakerProjects/gesture-mirroring-arm-tool-changer
GraphQL: You have created too many repositories, too quickly. Please try again later. (createRepository)","2026-10-02T14:58:31.1962315+05:30"
"689","gesture-mirroring-arm-motion-recording","OpenMakerProjects/gesture-mirroring-arm-motion-recording","public","failed","False","https://github.com/OpenMakerProjects/gesture-mirroring-arm-motion-recording","Could not create OpenMakerProjects/gesture-mirroring-arm-motion-recording
GraphQL: You have created too many repositories, too quickly. Please try again later. (createRepository)","2026-10-02T14:58:34.8348409+05:30"
"690","gesture-mirroring-arm-collaborative-safety","OpenMakerProjects/gesture-mirroring-arm-collaborative-safety","public","failed","False","https://github.com/OpenMakerProjects/gesture-mirroring-arm-collaborative-safety","Could not create OpenMakerProjects/gesture-mirroring-arm-collaborative-safety
GraphQL: You have created too many repositories, too quickly. Please try again later. (createRepository)","2026-10-02T14:58:37.7656358+05:30"
"691","accessible-feeding-assistant-teach-and-repeat","OpenMakerProjects/accessible-feeding-assistant-teach-and-repeat","public","failed","False","https://github.com/OpenMakerProjects/accessible-feeding-assistant-teach-and-repeat","Could not create OpenMakerProjects/accessible-feeding-assistant-teach-and-repeat
GraphQL: You have created too many repositories, too quickly. Please try again later. (createRepository)","2026-10-02T14:58:40.8333687+05:30"
"692","accessible-feeding-assistant-inverse-kinematics","OpenMakerProjects/accessible-feeding-assistant-inverse-kinematics","public","failed","False","https://github.com/OpenMakerProjects/accessible-feeding-assistant-inverse-kinematics","Could not create OpenMakerProjects/accessible-feeding-assistant-inverse-kinematics
GraphQL: You have created too many repositories, too quickly. Please try again later. (createRepository)","2026-10-02T14:58:43.5711800+05:30"
"693","accessible-feeding-assistant-vision-alignment","OpenMakerProjects/accessible-feeding-assistant-vision-alignment","public","failed","False","https://github.com/OpenMakerProjects/accessible-feeding-assistant-vision-alignment","Could not create OpenMakerProjects/accessible-feeding-assistant-vision-alignment
GraphQL: You have created too many repositories, too quickly. Please try again later. (createRepository)","2026-10-02T14:58:46.4327054+05:30"
"694","accessible-feeding-assistant-force-limited-motion","OpenMakerProjects/accessible-feeding-assistant-force-limited-motion","public","failed","False","https://github.com/OpenMakerProjects/accessible-feeding-assistant-force-limited-motion","Could not create OpenMakerProjects/accessible-feeding-assistant-force-limited-motion
GraphQL: You have created too many repositories, too quickly. Please try again later. (createRepository)","2026-10-02T14:58:49.1690092+05:30"
"695","accessible-feeding-assistant-voice-command-control","OpenMakerProjects/accessible-feeding-assistant-voice-command-control","public","failed","False","https://github.com/OpenMakerProjects/accessible-feeding-assistant-voice-command-control","Could not create OpenMakerProjects/accessible-feeding-assistant-voice-command-control
GraphQL: You have created too many repositories, too quickly. Please try again later. (createRepository)","2026-10-02T14:58:51.7907913+05:30"
"696","accessible-feeding-assistant-web-motion-console","OpenMakerProjects/accessible-feeding-assistant-web-motion-console","public","failed","False","https://github.com/OpenMakerProjects/accessible-feeding-assistant-web-motion-console","Could not create OpenMakerProjects/accessible-feeding-assistant-web-motion-console
GraphQL: You have created too many repositories, too quickly. Please try again later. (createRepository)","2026-10-02T14:58:54.6119492+05:30"
"697","accessible-feeding-assistant-automatic-calibration","OpenMakerProjects/accessible-feeding-assistant-automatic-calibration","public","failed","False","https://github.com/OpenMakerProjects/accessible-feeding-assistant-automatic-calibration","Could not create OpenMakerProjects/accessible-feeding-assistant-automatic-calibration
GraphQL: You have created too many repositories, too quickly. Please try again later. (createRepository)","2026-10-02T14:58:57.5119656+05:30"
"698","accessible-feeding-assistant-tool-changer","OpenMakerProjects/accessible-feeding-assistant-tool-changer","public","failed","False","https://github.com/OpenMakerProjects/accessible-feeding-assistant-tool-changer","Could not create OpenMakerProjects/accessible-feeding-assistant-tool-changer
GraphQL: You have created too many repositories, too quickly. Please try again later. (createRepository)","2026-10-02T14:59:00.2080117+05:30"
"699","accessible-feeding-assistant-motion-recording","OpenMakerProjects/accessible-feeding-assistant-motion-recording","public","failed","False","https://github.com/OpenMakerProjects/accessible-feeding-assistant-motion-recording","Could not create OpenMakerProjects/accessible-feeding-assistant-motion-recording
GraphQL: You have created too many repositories, too quickly. Please try again later. (createRepository)","2026-10-02T14:59:03.0551860+05:30"
"700","accessible-feeding-assistant-collaborative-safety","OpenMakerProjects/accessible-feeding-assistant-collaborative-safety","public","failed","False","https://github.com/OpenMakerProjects/accessible-feeding-assistant-collaborative-safety","Could not create OpenMakerProjects/accessible-feeding-assistant-collaborative-safety
GraphQL: You have created too many repositories, too quickly. Please try again later. (createRepository)","2026-10-02T14:59:06.3649419+05:30"
"701","bicycle-safety-computer-gps-trip-logging","OpenMakerProjects/bicycle-safety-computer-gps-trip-logging","public","failed","False","https://github.com/OpenMakerProjects/bicycle-safety-computer-gps-trip-logging","Could not create OpenMakerProjects/bicycle-safety-computer-gps-trip-logging
GraphQL: You have created too many repositories, too quickly. Please try again later. (createRepository)","2026-10-02T14:59:09.5501573+05:30"
"702","bicycle-safety-computer-collision-warning","OpenMakerProjects/bicycle-safety-computer-collision-warning","public","failed","False","https://github.com/OpenMakerProjects/bicycle-safety-computer-collision-warning","Could not create OpenMakerProjects/bicycle-safety-computer-collision-warning
GraphQL: You have created too many repositories, too quickly. Please try again later. (createRepository)","2026-10-02T14:59:12.6741387+05:30"
"703","bicycle-safety-computer-blind-spot-alerts","OpenMakerProjects/bicycle-safety-computer-blind-spot-alerts","public","failed","False","https://github.com/OpenMakerProjects/bicycle-safety-computer-blind-spot-alerts","Could not create OpenMakerProjects/bicycle-safety-computer-blind-spot-alerts
GraphQL: You have created too many repositories, too quickly. Please try again later. (createRepository)","2026-10-02T14:59:15.5398349+05:30"
"704","bicycle-safety-computer-maintenance-reminders","OpenMakerProjects/bicycle-safety-computer-maintenance-reminders","public","failed","False","https://github.com/OpenMakerProjects/bicycle-safety-computer-maintenance-reminders","Could not create OpenMakerProjects/bicycle-safety-computer-maintenance-reminders
GraphQL: You have created too many repositories, too quickly. Please try again later. (createRepository)","2026-10-02T14:59:18.6222645+05:30"
"705","bicycle-safety-computer-theft-detection","OpenMakerProjects/bicycle-safety-computer-theft-detection","public","failed","False","https://github.com/OpenMakerProjects/bicycle-safety-computer-theft-detection","Could not create OpenMakerProjects/bicycle-safety-computer-theft-detection
GraphQL: You have created too many repositories, too quickly. Please try again later. (createRepository)","2026-10-02T14:59:21.7192753+05:30"
"706","bicycle-safety-computer-eco-driving-feedback","OpenMakerProjects/bicycle-safety-computer-eco-driving-feedback","public","failed","False","https://github.com/OpenMakerProjects/bicycle-safety-computer-eco-driving-feedback","Could not create OpenMakerProjects/bicycle-safety-computer-eco-driving-feedback
GraphQL: You have created too many repositories, too quickly. Please try again later. (createRepository)","2026-10-02T14:59:25.0831568+05:30"
"707","bicycle-safety-computer-passenger-counting","OpenMakerProjects/bicycle-safety-computer-passenger-counting","public","failed","False","https://github.com/OpenMakerProjects/bicycle-safety-computer-passenger-counting","Could not create OpenMakerProjects/bicycle-safety-computer-passenger-counting
GraphQL: You have created too many repositories, too quickly. Please try again later. (createRepository)","2026-10-02T14:59:27.9369881+05:30"
"708","bicycle-safety-computer-cabin-climate-control","OpenMakerProjects/bicycle-safety-computer-cabin-climate-control","public","failed","False","https://github.com/OpenMakerProjects/bicycle-safety-computer-cabin-climate-control","Could not create OpenMakerProjects/bicycle-safety-computer-cabin-climate-control
GraphQL: You have created too many repositories, too quickly. Please try again later. (createRepository)","2026-10-02T14:59:30.5600010+05:30"
"709","bicycle-safety-computer-emergency-beacon","OpenMakerProjects/bicycle-safety-computer-emergency-beacon","public","failed","False","https://github.com/OpenMakerProjects/bicycle-safety-computer-emergency-beacon","Could not create OpenMakerProjects/bicycle-safety-computer-emergency-beacon
GraphQL: You have created too many repositories, too quickly. Please try again later. (createRepository)","2026-10-02T14:59:33.7304176+05:30"
"710","bicycle-safety-computer-heads-up-display","OpenMakerProjects/bicycle-safety-computer-heads-up-display","public","failed","False","https://github.com/OpenMakerProjects/bicycle-safety-computer-heads-up-display","Could not create OpenMakerProjects/bicycle-safety-computer-heads-up-display
GraphQL: You have created too many repositories, too quickly. Please try again later. (createRepository)","2026-10-02T14:59:36.7890852+05:30"
"711","motorcycle-ride-logger-gps-trip-logging","OpenMakerProjects/motorcycle-ride-logger-gps-trip-logging","public","failed","False","https://github.com/OpenMakerProjects/motorcycle-ride-logger-gps-trip-logging","Could not create OpenMakerProjects/motorcycle-ride-logger-gps-trip-logging
GraphQL: You have created too many repositories, too quickly. Please try again later. (createRepository)","2026-10-02T14:59:39.9475225+05:30"
"712","motorcycle-ride-logger-collision-warning","OpenMakerProjects/motorcycle-ride-logger-collision-warning","public","failed","False","https://github.com/OpenMakerProjects/motorcycle-ride-logger-collision-warning","Could not create OpenMakerProjects/motorcycle-ride-logger-collision-warning
GraphQL: You have created too many repositories, too quickly. Please try again later. (createRepository)","2026-10-02T14:59:43.2404423+05:30"
"713","motorcycle-ride-logger-blind-spot-alerts","OpenMakerProjects/motorcycle-ride-logger-blind-spot-alerts","public","failed","False","https://github.com/OpenMakerProjects/motorcycle-ride-logger-blind-spot-alerts","Could not create OpenMakerProjects/motorcycle-ride-logger-blind-spot-alerts
GraphQL: You have created too many repositories, too quickly. Please try again later. (createRepository)","2026-10-02T14:59:46.7644011+05:30"
"714","motorcycle-ride-logger-maintenance-reminders","OpenMakerProjects/motorcycle-ride-logger-maintenance-reminders","public","failed","False","https://github.com/OpenMakerProjects/motorcycle-ride-logger-maintenance-reminders","Could not create OpenMakerProjects/motorcycle-ride-logger-maintenance-reminders
GraphQL: You have created too many repositories, too quickly. Please try again later. (createRepository)","2026-10-02T14:59:50.0008087+05:30"
"715","motorcycle-ride-logger-theft-detection","OpenMakerProjects/motorcycle-ride-logger-theft-detection","public","failed","False","https://github.com/OpenMakerProjects/motorcycle-ride-logger-theft-detection","Could not create OpenMakerProjects/motorcycle-ride-logger-theft-detection
GraphQL: You have created too many repositories, too quickly. Please try again later. (createRepository)","2026-10-02T14:59:53.2181432+05:30"
"716","motorcycle-ride-logger-eco-driving-feedback","OpenMakerProjects/motorcycle-ride-logger-eco-driving-feedback","public","failed","False","https://github.com/OpenMakerProjects/motorcycle-ride-logger-eco-driving-feedback","Could not create OpenMakerProjects/motorcycle-ride-logger-eco-driving-feedback
GraphQL: You have created too many repositories, too quickly. Please try again later. (createRepository)","2026-10-02T14:59:56.7743208+05:30"
"717","motorcycle-ride-logger-passenger-counting","OpenMakerProjects/motorcycle-ride-logger-passenger-counting","public","failed","False","https://github.com/OpenMakerProjects/motorcycle-ride-logger-passenger-counting","Could not create OpenMakerProjects/motorcycle-ride-logger-passenger-counting
GraphQL: You have created too many repositories, too quickly. Please try again later. (createRepository)","2026-10-02T15:00:00.7587435+05:30"
"718","motorcycle-ride-logger-cabin-climate-control","OpenMakerProjects/motorcycle-ride-logger-cabin-climate-control","public","failed","False","https://github.com/OpenMakerProjects/motorcycle-ride-logger-cabin-climate-control","Could not create OpenMakerProjects/motorcycle-ride-logger-cabin-climate-control
GraphQL: You have created too many repositories, too quickly. Please try again later. (createRepository)","2026-10-02T15:00:04.2711051+05:30"
"719","motorcycle-ride-logger-emergency-beacon","OpenMakerProjects/motorcycle-ride-logger-emergency-beacon","public","failed","False","https://github.com/OpenMakerProjects/motorcycle-ride-logger-emergency-beacon","Could not create OpenMakerProjects/motorcycle-ride-logger-emergency-beacon
GraphQL: You have created too many repositories, too quickly. Please try again later. (createRepository)","2026-10-02T15:00:07.6201147+05:30"
"720","motorcycle-ride-logger-heads-up-display","OpenMakerProjects/motorcycle-ride-logger-heads-up-display","public","failed","False","https://github.com/OpenMakerProjects/motorcycle-ride-logger-heads-up-display","Could not create OpenMakerProjects/motorcycle-ride-logger-heads-up-display
GraphQL: You have created too many repositories, too quickly. Please try again later. (createRepository)","2026-10-02T15:00:10.9377215+05:30"
"721","car-parking-assistant-gps-trip-logging","OpenMakerProjects/car-parking-assistant-gps-trip-logging","public","failed","False","https://github.com/OpenMakerProjects/car-parking-assistant-gps-trip-logging","Could not create OpenMakerProjects/car-parking-assistant-gps-trip-logging
GraphQL: You have created too many repositories, too quickly. Please try again later. (createRepository)","2026-10-02T15:00:14.1320350+05:30"
"722","car-parking-assistant-collision-warning","OpenMakerProjects/car-parking-assistant-collision-warning","public","failed","False","https://github.com/OpenMakerProjects/car-parking-assistant-collision-warning","Could not create OpenMakerProjects/car-parking-assistant-collision-warning
GraphQL: You have created too many repositories, too quickly. Please try again later. (createRepository)","2026-10-02T15:00:17.4666780+05:30"
"723","car-parking-assistant-blind-spot-alerts","OpenMakerProjects/car-parking-assistant-blind-spot-alerts","public","failed","False","https://github.com/OpenMakerProjects/car-parking-assistant-blind-spot-alerts","Could not create OpenMakerProjects/car-parking-assistant-blind-spot-alerts
GraphQL: You have created too many repositories, too quickly. Please try again later. (createRepository)","2026-10-02T15:00:20.7439912+05:30"
"724","car-parking-assistant-maintenance-reminders","OpenMakerProjects/car-parking-assistant-maintenance-reminders","public","failed","False","https://github.com/OpenMakerProjects/car-parking-assistant-maintenance-reminders","Could not create OpenMakerProjects/car-parking-assistant-maintenance-reminders
GraphQL: You have created too many repositories, too quickly. Please try again later. (createRepository)","2026-10-02T15:00:24.2947841+05:30"
"725","car-parking-assistant-theft-detection","OpenMakerProjects/car-parking-assistant-theft-detection","public","failed","False","https://github.com/OpenMakerProjects/car-parking-assistant-theft-detection","Could not create OpenMakerProjects/car-parking-assistant-theft-detection
GraphQL: You have created too many repositories, too quickly. Please try again later. (createRepository)","2026-10-02T15:00:27.4305164+05:30"
"726","car-parking-assistant-eco-driving-feedback","OpenMakerProjects/car-parking-assistant-eco-driving-feedback","public","failed","False","https://github.com/OpenMakerProjects/car-parking-assistant-eco-driving-feedback","Could not create OpenMakerProjects/car-parking-assistant-eco-driving-feedback
GraphQL: You have created too many repositories, too quickly. Please try again later. (createRepository)","2026-10-02T15:00:30.7033640+05:30"
"727","car-parking-assistant-passenger-counting","OpenMakerProjects/car-parking-assistant-passenger-counting","public","failed","False","https://github.com/OpenMakerProjects/car-parking-assistant-passenger-counting","Could not create OpenMakerProjects/car-parking-assistant-passenger-counting
GraphQL: You have created too many repositories, too quickly. Please try again later. (createRepository)","2026-10-02T15:00:33.7324951+05:30"
"728","car-parking-assistant-cabin-climate-control","OpenMakerProjects/car-parking-assistant-cabin-climate-control","public","failed","False","https://github.com/OpenMakerProjects/car-parking-assistant-cabin-climate-control","Could not create OpenMakerProjects/car-parking-assistant-cabin-climate-control
GraphQL: You have created too many repositories, too quickly. Please try again later. (createRepository)","2026-10-02T15:00:36.5856861+05:30"
"729","car-parking-assistant-emergency-beacon","OpenMakerProjects/car-parking-assistant-emergency-beacon","public","failed","False","https://github.com/OpenMakerProjects/car-parking-assistant-emergency-beacon","Could not create OpenMakerProjects/car-parking-assistant-emergency-beacon
GraphQL: You have created too many repositories, too quickly. Please try again later. (createRepository)","2026-10-02T15:00:39.6675379+05:30"
"730","car-parking-assistant-heads-up-display","OpenMakerProjects/car-parking-assistant-heads-up-display","public","failed","False","https://github.com/OpenMakerProjects/car-parking-assistant-heads-up-display","Could not create OpenMakerProjects/car-parking-assistant-heads-up-display
GraphQL: You have created too many repositories, too quickly. Please try again later. (createRepository)","2026-10-02T15:00:43.2906273+05:30"
"731","fleet-fuel-monitor-gps-trip-logging","OpenMakerProjects/fleet-fuel-monitor-gps-trip-logging","public","failed","False","https://github.com/OpenMakerProjects/fleet-fuel-monitor-gps-trip-logging","Could not create OpenMakerProjects/fleet-fuel-monitor-gps-trip-logging
GraphQL: You have created too many repositories, too quickly. Please try again later. (createRepository)","2026-10-02T15:00:46.4535553+05:30"
"732","fleet-fuel-monitor-collision-warning","OpenMakerProjects/fleet-fuel-monitor-collision-warning","public","published","True","https://github.com/OpenMakerProjects/fleet-fuel-monitor-collision-warning","","2026-10-02T15:00:55.2539025+05:30"
"733","fleet-fuel-monitor-blind-spot-alerts","OpenMakerProjects/fleet-fuel-monitor-blind-spot-alerts","public","published","True","https://github.com/OpenMakerProjects/fleet-fuel-monitor-blind-spot-alerts","","2026-10-02T15:01:14.0447354+05:30"
"734","fleet-fuel-monitor-maintenance-reminders","OpenMakerProjects/fleet-fuel-monitor-maintenance-reminders","public","published","True","https://github.com/OpenMakerProjects/fleet-fuel-monitor-maintenance-reminders","","2026-10-02T15:01:32.6952705+05:30"
"735","fleet-fuel-monitor-theft-detection","OpenMakerProjects/fleet-fuel-monitor-theft-detection","public","published","True","https://github.com/OpenMakerProjects/fleet-fuel-monitor-theft-detection","","2026-10-02T15:01:51.6641154+05:30"
"736","fleet-fuel-monitor-eco-driving-feedback","OpenMakerProjects/fleet-fuel-monitor-eco-driving-feedback","public","published","True","https://github.com/OpenMakerProjects/fleet-fuel-monitor-eco-driving-feedback","","2026-10-02T15:02:09.5200242+05:30"
"737","fleet-fuel-monitor-passenger-counting","OpenMakerProjects/fleet-fuel-monitor-passenger-counting","public","published","True","https://github.com/OpenMakerProjects/fleet-fuel-monitor-passenger-counting","","2026-10-02T15:02:27.9217337+05:30"
"738","fleet-fuel-monitor-cabin-climate-control","OpenMakerProjects/fleet-fuel-monitor-cabin-climate-control","public","published","True","https://github.com/OpenMakerProjects/fleet-fuel-monitor-cabin-climate-control","","2026-10-02T15:02:48.2446484+05:30"
"739","fleet-fuel-monitor-emergency-beacon","OpenMakerProjects/fleet-fuel-monitor-emergency-beacon","public","published","True","https://github.com/OpenMakerProjects/fleet-fuel-monitor-emergency-beacon","","2026-10-02T15:03:06.2822712+05:30"
"740","fleet-fuel-monitor-heads-up-display","OpenMakerProjects/fleet-fuel-monitor-heads-up-display","public","published","True","https://github.com/OpenMakerProjects/fleet-fuel-monitor-heads-up-display","","2026-10-02T15:03:25.0617860+05:30"
"741","school-bus-safety-node-gps-trip-logging","OpenMakerProjects/school-bus-safety-node-gps-trip-logging","public","published","True","https://github.com/OpenMakerProjects/school-bus-safety-node-gps-trip-logging","","2026-10-02T15:03:43.5810731+05:30"
"742","school-bus-safety-node-collision-warning","OpenMakerProjects/school-bus-safety-node-collision-warning","public","published","True","https://github.com/OpenMakerProjects/school-bus-safety-node-collision-warning","","2026-10-02T15:04:01.9480646+05:30"
"743","school-bus-safety-node-blind-spot-alerts","OpenMakerProjects/school-bus-safety-node-blind-spot-alerts","public","published","True","https://github.com/OpenMakerProjects/school-bus-safety-node-blind-spot-alerts","","2026-10-02T15:04:19.9640237+05:30"
"744","school-bus-safety-node-maintenance-reminders","OpenMakerProjects/school-bus-safety-node-maintenance-reminders","public","published","True","https://github.com/OpenMakerProjects/school-bus-safety-node-maintenance-reminders","","2026-10-02T15:04:37.9222357+05:30"
"745","school-bus-safety-node-theft-detection","OpenMakerProjects/school-bus-safety-node-theft-detection","public","published","True","https://github.com/OpenMakerProjects/school-bus-safety-node-theft-detection","","2026-10-02T15:04:55.8078343+05:30"
"746","school-bus-safety-node-eco-driving-feedback","OpenMakerProjects/school-bus-safety-node-eco-driving-feedback","public","published","True","https://github.com/OpenMakerProjects/school-bus-safety-node-eco-driving-feedback","","2026-10-02T15:05:14.1977224+05:30"
"747","school-bus-safety-node-passenger-counting","OpenMakerProjects/school-bus-safety-node-passenger-counting","public","published","True","https://github.com/OpenMakerProjects/school-bus-safety-node-passenger-counting","","2026-10-02T15:05:32.9007378+05:30"
"748","school-bus-safety-node-cabin-climate-control","OpenMakerProjects/school-bus-safety-node-cabin-climate-control","public","published","True","https://github.com/OpenMakerProjects/school-bus-safety-node-cabin-climate-control","","2026-10-02T15:05:50.8428881+05:30"
"749","school-bus-safety-node-emergency-beacon","OpenMakerProjects/school-bus-safety-node-emergency-beacon","public","published","True","https://github.com/OpenMakerProjects/school-bus-safety-node-emergency-beacon","","2026-10-02T15:06:09.9933613+05:30"
"750","school-bus-safety-node-heads-up-display","OpenMakerProjects/school-bus-safety-node-heads-up-display","public","published","True","https://github.com/OpenMakerProjects/school-bus-safety-node-heads-up-display","","2026-10-02T15:06:27.7650591+05:30"
"751","electric-kart-dashboard-gps-trip-logging","OpenMakerProjects/electric-kart-dashboard-gps-trip-logging","public","published","True","https://github.com/OpenMakerProjects/electric-kart-dashboard-gps-trip-logging","","2026-10-02T15:06:45.1192219+05:30"
"752","electric-kart-dashboard-collision-warning","OpenMakerProjects/electric-kart-dashboard-collision-warning","public","published","True","https://github.com/OpenMakerProjects/electric-kart-dashboard-collision-warning","","2026-10-02T15:07:02.8003005+05:30"
"753","electric-kart-dashboard-blind-spot-alerts","OpenMakerProjects/electric-kart-dashboard-blind-spot-alerts","public","published","True","https://github.com/OpenMakerProjects/electric-kart-dashboard-blind-spot-alerts","","2026-10-02T15:07:20.8256264+05:30"
"754","electric-kart-dashboard-maintenance-reminders","OpenMakerProjects/electric-kart-dashboard-maintenance-reminders","public","published","True","https://github.com/OpenMakerProjects/electric-kart-dashboard-maintenance-reminders","","2026-10-02T15:07:39.1050570+05:30"
"755","electric-kart-dashboard-theft-detection","OpenMakerProjects/electric-kart-dashboard-theft-detection","public","published","True","https://github.com/OpenMakerProjects/electric-kart-dashboard-theft-detection","","2026-10-02T15:07:56.5457703+05:30"
"756","electric-kart-dashboard-eco-driving-feedback","OpenMakerProjects/electric-kart-dashboard-eco-driving-feedback","public","published","True","https://github.com/OpenMakerProjects/electric-kart-dashboard-eco-driving-feedback","","2026-10-02T15:08:14.7532993+05:30"
"757","electric-kart-dashboard-passenger-counting","OpenMakerProjects/electric-kart-dashboard-passenger-counting","public","published","True","https://github.com/OpenMakerProjects/electric-kart-dashboard-passenger-counting","","2026-10-02T15:08:32.8049765+05:30"
"758","electric-kart-dashboard-cabin-climate-control","OpenMakerProjects/electric-kart-dashboard-cabin-climate-control","public","published","True","https://github.com/OpenMakerProjects/electric-kart-dashboard-cabin-climate-control","","2026-10-02T15:08:50.4923171+05:30"
"759","electric-kart-dashboard-emergency-beacon","OpenMakerProjects/electric-kart-dashboard-emergency-beacon","public","published","True","https://github.com/OpenMakerProjects/electric-kart-dashboard-emergency-beacon","","2026-10-02T15:09:09.9171874+05:30"
"760","electric-kart-dashboard-heads-up-display","OpenMakerProjects/electric-kart-dashboard-heads-up-display","public","published","True","https://github.com/OpenMakerProjects/electric-kart-dashboard-heads-up-display","","2026-10-02T15:09:27.6377485+05:30"
"761","trailer-level-monitor-gps-trip-logging","OpenMakerProjects/trailer-level-monitor-gps-trip-logging","public","published","True","https://github.com/OpenMakerProjects/trailer-level-monitor-gps-trip-logging","","2026-10-02T15:09:45.4458658+05:30"
"762","trailer-level-monitor-collision-warning","OpenMakerProjects/trailer-level-monitor-collision-warning","public","published","True","https://github.com/OpenMakerProjects/trailer-level-monitor-collision-warning","","2026-10-02T15:10:03.7859923+05:30"
"763","trailer-level-monitor-blind-spot-alerts","OpenMakerProjects/trailer-level-monitor-blind-spot-alerts","public","published","True","https://github.com/OpenMakerProjects/trailer-level-monitor-blind-spot-alerts","","2026-10-02T15:10:22.1385310+05:30"
"764","trailer-level-monitor-maintenance-reminders","OpenMakerProjects/trailer-level-monitor-maintenance-reminders","public","published","True","https://github.com/OpenMakerProjects/trailer-level-monitor-maintenance-reminders","","2026-10-02T15:10:40.0535154+05:30"
"765","trailer-level-monitor-theft-detection","OpenMakerProjects/trailer-level-monitor-theft-detection","public","published","True","https://github.com/OpenMakerProjects/trailer-level-monitor-theft-detection","","2026-10-02T15:10:57.9990977+05:30"
"766","trailer-level-monitor-eco-driving-feedback","OpenMakerProjects/trailer-level-monitor-eco-driving-feedback","public","published","True","https://github.com/OpenMakerProjects/trailer-level-monitor-eco-driving-feedback","","2026-10-02T15:11:16.1769795+05:30"
"767","trailer-level-monitor-passenger-counting","OpenMakerProjects/trailer-level-monitor-passenger-counting","public","published","True","https://github.com/OpenMakerProjects/trailer-level-monitor-passenger-counting","","2026-10-02T15:11:36.1457956+05:30"
"768","trailer-level-monitor-cabin-climate-control","OpenMakerProjects/trailer-level-monitor-cabin-climate-control","public","published","True","https://github.com/OpenMakerProjects/trailer-level-monitor-cabin-climate-control","","2026-10-02T15:11:54.9993905+05:30"
"769","trailer-level-monitor-emergency-beacon","OpenMakerProjects/trailer-level-monitor-emergency-beacon","public","published","True","https://github.com/OpenMakerProjects/trailer-level-monitor-emergency-beacon","","2026-10-02T15:12:13.7143356+05:30"
"770","trailer-level-monitor-heads-up-display","OpenMakerProjects/trailer-level-monitor-heads-up-display","public","published","True","https://github.com/OpenMakerProjects/trailer-level-monitor-heads-up-display","","2026-10-02T15:12:31.3268643+05:30"
"771","driver-fatigue-trainer-gps-trip-logging","OpenMakerProjects/driver-fatigue-trainer-gps-trip-logging","public","published","True","https://github.com/OpenMakerProjects/driver-fatigue-trainer-gps-trip-logging","","2026-10-02T15:12:48.9717617+05:30"
"772","driver-fatigue-trainer-collision-warning","OpenMakerProjects/driver-fatigue-trainer-collision-warning","public","published","True","https://github.com/OpenMakerProjects/driver-fatigue-trainer-collision-warning","","2026-10-02T15:13:07.5019069+05:30"
"773","driver-fatigue-trainer-blind-spot-alerts","OpenMakerProjects/driver-fatigue-trainer-blind-spot-alerts","public","published","True","https://github.com/OpenMakerProjects/driver-fatigue-trainer-blind-spot-alerts","","2026-10-02T15:13:25.5399208+05:30"
"774","driver-fatigue-trainer-maintenance-reminders","OpenMakerProjects/driver-fatigue-trainer-maintenance-reminders","public","published","True","https://github.com/OpenMakerProjects/driver-fatigue-trainer-maintenance-reminders","","2026-10-02T15:13:43.7833376+05:30"
"775","driver-fatigue-trainer-theft-detection","OpenMakerProjects/driver-fatigue-trainer-theft-detection","public","published","True","https://github.com/OpenMakerProjects/driver-fatigue-trainer-theft-detection","","2026-10-02T15:14:01.9386270+05:30"
"776","driver-fatigue-trainer-eco-driving-feedback","OpenMakerProjects/driver-fatigue-trainer-eco-driving-feedback","public","published","True","https://github.com/OpenMakerProjects/driver-fatigue-trainer-eco-driving-feedback","","2026-10-02T15:14:19.3430214+05:30"
"777","driver-fatigue-trainer-passenger-counting","OpenMakerProjects/driver-fatigue-trainer-passenger-counting","public","published","True","https://github.com/OpenMakerProjects/driver-fatigue-trainer-passenger-counting","","2026-10-02T15:14:37.7219842+05:30"
"778","driver-fatigue-trainer-cabin-climate-control","OpenMakerProjects/driver-fatigue-trainer-cabin-climate-control","public","published","True","https://github.com/OpenMakerProjects/driver-fatigue-trainer-cabin-climate-control","","2026-10-02T15:14:55.7722399+05:30"
"779","driver-fatigue-trainer-emergency-beacon","OpenMakerProjects/driver-fatigue-trainer-emergency-beacon","public","published","True","https://github.com/OpenMakerProjects/driver-fatigue-trainer-emergency-beacon","","2026-10-02T15:15:13.5817773+05:30"
"780","driver-fatigue-trainer-heads-up-display","OpenMakerProjects/driver-fatigue-trainer-heads-up-display","public","published","True","https://github.com/OpenMakerProjects/driver-fatigue-trainer-heads-up-display","","2026-10-02T15:15:32.9665974+05:30"
"781","tire-condition-monitor-gps-trip-logging","OpenMakerProjects/tire-condition-monitor-gps-trip-logging","public","published","True","https://github.com/OpenMakerProjects/tire-condition-monitor-gps-trip-logging","","2026-10-02T15:15:51.4877280+05:30"
"782","tire-condition-monitor-collision-warning","OpenMakerProjects/tire-condition-monitor-collision-warning","public","published","True","https://github.com/OpenMakerProjects/tire-condition-monitor-collision-warning","","2026-10-02T15:16:10.1565728+05:30"
"783","tire-condition-monitor-blind-spot-alerts","OpenMakerProjects/tire-condition-monitor-blind-spot-alerts","public","published","True","https://github.com/OpenMakerProjects/tire-condition-monitor-blind-spot-alerts","","2026-10-02T15:16:28.4888078+05:30"
"784","tire-condition-monitor-maintenance-reminders","OpenMakerProjects/tire-condition-monitor-maintenance-reminders","public","published","True","https://github.com/OpenMakerProjects/tire-condition-monitor-maintenance-reminders","","2026-10-02T15:16:46.4577280+05:30"
"785","tire-condition-monitor-theft-detection","OpenMakerProjects/tire-condition-monitor-theft-detection","public","published","True","https://github.com/OpenMakerProjects/tire-condition-monitor-theft-detection","","2026-10-02T15:17:04.7057739+05:30"
"786","tire-condition-monitor-eco-driving-feedback","OpenMakerProjects/tire-condition-monitor-eco-driving-feedback","public","published","True","https://github.com/OpenMakerProjects/tire-condition-monitor-eco-driving-feedback","","2026-10-02T15:17:25.2630626+05:30"
"787","tire-condition-monitor-passenger-counting","OpenMakerProjects/tire-condition-monitor-passenger-counting","public","published","True","https://github.com/OpenMakerProjects/tire-condition-monitor-passenger-counting","","2026-10-02T15:17:44.6465252+05:30"
"788","tire-condition-monitor-cabin-climate-control","OpenMakerProjects/tire-condition-monitor-cabin-climate-control","public","published","True","https://github.com/OpenMakerProjects/tire-condition-monitor-cabin-climate-control","","2026-10-02T15:18:02.6758778+05:30"
"789","tire-condition-monitor-emergency-beacon","OpenMakerProjects/tire-condition-monitor-emergency-beacon","public","published","True","https://github.com/OpenMakerProjects/tire-condition-monitor-emergency-beacon","","2026-10-02T15:18:19.9372733+05:30"
"790","tire-condition-monitor-heads-up-display","OpenMakerProjects/tire-condition-monitor-heads-up-display","public","published","True","https://github.com/OpenMakerProjects/tire-condition-monitor-heads-up-display","","2026-10-02T15:18:38.2644436+05:30"
"791","vehicle-cabin-guardian-gps-trip-logging","OpenMakerProjects/vehicle-cabin-guardian-gps-trip-logging","public","published","True","https://github.com/OpenMakerProjects/vehicle-cabin-guardian-gps-trip-logging","","2026-10-02T15:18:57.1400195+05:30"
"792","vehicle-cabin-guardian-collision-warning","OpenMakerProjects/vehicle-cabin-guardian-collision-warning","public","published","True","https://github.com/OpenMakerProjects/vehicle-cabin-guardian-collision-warning","","2026-10-02T15:19:15.4748665+05:30"
"793","vehicle-cabin-guardian-blind-spot-alerts","OpenMakerProjects/vehicle-cabin-guardian-blind-spot-alerts","public","published","True","https://github.com/OpenMakerProjects/vehicle-cabin-guardian-blind-spot-alerts","","2026-10-02T15:19:38.5798165+05:30"
"794","vehicle-cabin-guardian-maintenance-reminders","OpenMakerProjects/vehicle-cabin-guardian-maintenance-reminders","public","published","True","https://github.com/OpenMakerProjects/vehicle-cabin-guardian-maintenance-reminders","","2026-10-02T15:19:57.1553435+05:30"
"795","vehicle-cabin-guardian-theft-detection","OpenMakerProjects/vehicle-cabin-guardian-theft-detection","public","published","True","https://github.com/OpenMakerProjects/vehicle-cabin-guardian-theft-detection","","2026-10-02T15:20:17.1493649+05:30"
"796","vehicle-cabin-guardian-eco-driving-feedback","OpenMakerProjects/vehicle-cabin-guardian-eco-driving-feedback","public","published","True","https://github.com/OpenMakerProjects/vehicle-cabin-guardian-eco-driving-feedback","","2026-10-02T15:20:34.8008433+05:30"
"797","vehicle-cabin-guardian-passenger-counting","OpenMakerProjects/vehicle-cabin-guardian-passenger-counting","public","published","True","https://github.com/OpenMakerProjects/vehicle-cabin-guardian-passenger-counting","","2026-10-02T15:20:52.8217856+05:30"
"798","vehicle-cabin-guardian-cabin-climate-control","OpenMakerProjects/vehicle-cabin-guardian-cabin-climate-control","public","published","True","https://github.com/OpenMakerProjects/vehicle-cabin-guardian-cabin-climate-control","","2026-10-02T15:21:11.1030696+05:30"
"799","vehicle-cabin-guardian-emergency-beacon","OpenMakerProjects/vehicle-cabin-guardian-emergency-beacon","public","published","True","https://github.com/OpenMakerProjects/vehicle-cabin-guardian-emergency-beacon","","2026-10-02T15:21:30.6998453+05:30"
"800","vehicle-cabin-guardian-heads-up-display","OpenMakerProjects/vehicle-cabin-guardian-heads-up-display","public","published","True","https://github.com/OpenMakerProjects/vehicle-cabin-guardian-heads-up-display","","2026-10-02T15:21:49.7027165+05:30"
"801","crop-survey-drone-waypoint-missions","OpenMakerProjects/crop-survey-drone-waypoint-missions","public","published","True","https://github.com/OpenMakerProjects/crop-survey-drone-waypoint-missions","","2026-10-02T15:22:08.6758049+05:30"
"802","crop-survey-drone-obstacle-avoidance","OpenMakerProjects/crop-survey-drone-obstacle-avoidance","public","published","True","https://github.com/OpenMakerProjects/crop-survey-drone-obstacle-avoidance","","2026-10-02T15:22:30.8117168+05:30"
"803","crop-survey-drone-live-telemetry","OpenMakerProjects/crop-survey-drone-live-telemetry","public","published","True","https://github.com/OpenMakerProjects/crop-survey-drone-live-telemetry","","2026-10-02T15:22:50.0073707+05:30"
"804","crop-survey-drone-image-geotagging","OpenMakerProjects/crop-survey-drone-image-geotagging","public","published","True","https://github.com/OpenMakerProjects/crop-survey-drone-image-geotagging","","2026-10-02T15:23:08.9810670+05:30"
"805","crop-survey-drone-return-to-home-safety","OpenMakerProjects/crop-survey-drone-return-to-home-safety","public","published","True","https://github.com/OpenMakerProjects/crop-survey-drone-return-to-home-safety","","2026-10-02T15:23:27.5914119+05:30"
"806","crop-survey-drone-payload-release","OpenMakerProjects/crop-survey-drone-payload-release","public","published","True","https://github.com/OpenMakerProjects/crop-survey-drone-payload-release","","2026-10-02T15:23:46.0026618+05:30"
"807","crop-survey-drone-terrain-following","OpenMakerProjects/crop-survey-drone-terrain-following","public","published","True","https://github.com/OpenMakerProjects/crop-survey-drone-terrain-following","","2026-10-02T15:24:04.3178771+05:30"
"808","crop-survey-drone-fleet-mission-planning","OpenMakerProjects/crop-survey-drone-fleet-mission-planning","public","published","True","https://github.com/OpenMakerProjects/crop-survey-drone-fleet-mission-planning","","2026-10-02T15:24:22.6873933+05:30"
"809","crop-survey-drone-anomaly-imaging","OpenMakerProjects/crop-survey-drone-anomaly-imaging","public","published","True","https://github.com/OpenMakerProjects/crop-survey-drone-anomaly-imaging","","2026-10-02T15:24:45.5450293+05:30"
"810","crop-survey-drone-post-flight-analytics","OpenMakerProjects/crop-survey-drone-post-flight-analytics","public","published","True","https://github.com/OpenMakerProjects/crop-survey-drone-post-flight-analytics","","2026-10-02T15:25:03.0690104+05:30"
"811","indoor-mapping-drone-waypoint-missions","OpenMakerProjects/indoor-mapping-drone-waypoint-missions","public","published","True","https://github.com/OpenMakerProjects/indoor-mapping-drone-waypoint-missions","","2026-10-02T15:25:21.6745051+05:30"
"812","indoor-mapping-drone-obstacle-avoidance","OpenMakerProjects/indoor-mapping-drone-obstacle-avoidance","public","published","True","https://github.com/OpenMakerProjects/indoor-mapping-drone-obstacle-avoidance","","2026-10-02T15:25:39.8118604+05:30"
"813","indoor-mapping-drone-live-telemetry","OpenMakerProjects/indoor-mapping-drone-live-telemetry","public","published","True","https://github.com/OpenMakerProjects/indoor-mapping-drone-live-telemetry","","2026-10-02T15:26:02.3369090+05:30"
"814","indoor-mapping-drone-image-geotagging","OpenMakerProjects/indoor-mapping-drone-image-geotagging","public","published","True","https://github.com/OpenMakerProjects/indoor-mapping-drone-image-geotagging","","2026-10-02T15:26:23.1301505+05:30"
"815","indoor-mapping-drone-return-to-home-safety","OpenMakerProjects/indoor-mapping-drone-return-to-home-safety","public","published","True","https://github.com/OpenMakerProjects/indoor-mapping-drone-return-to-home-safety","","2026-10-02T15:26:40.7697153+05:30"
"816","indoor-mapping-drone-payload-release","OpenMakerProjects/indoor-mapping-drone-payload-release","public","published","True","https://github.com/OpenMakerProjects/indoor-mapping-drone-payload-release","","2026-10-02T15:26:58.7663801+05:30"
"817","indoor-mapping-drone-terrain-following","OpenMakerProjects/indoor-mapping-drone-terrain-following","public","published","True","https://github.com/OpenMakerProjects/indoor-mapping-drone-terrain-following","","2026-10-02T15:27:16.3250933+05:30"
"818","indoor-mapping-drone-fleet-mission-planning","OpenMakerProjects/indoor-mapping-drone-fleet-mission-planning","public","published","True","https://github.com/OpenMakerProjects/indoor-mapping-drone-fleet-mission-planning","","2026-10-02T15:27:34.1889142+05:30"
"819","indoor-mapping-drone-anomaly-imaging","OpenMakerProjects/indoor-mapping-drone-anomaly-imaging","public","published","True","https://github.com/OpenMakerProjects/indoor-mapping-drone-anomaly-imaging","","2026-10-02T15:27:52.4473412+05:30"
"820","indoor-mapping-drone-post-flight-analytics","OpenMakerProjects/indoor-mapping-drone-post-flight-analytics","public","published","True","https://github.com/OpenMakerProjects/indoor-mapping-drone-post-flight-analytics","","2026-10-02T15:28:11.1821893+05:30"
"821","air-quality-drone-waypoint-missions","OpenMakerProjects/air-quality-drone-waypoint-missions","public","published","True","https://github.com/OpenMakerProjects/air-quality-drone-waypoint-missions","","2026-10-02T15:28:28.6742751+05:30"
"822","air-quality-drone-obstacle-avoidance","OpenMakerProjects/air-quality-drone-obstacle-avoidance","public","published","True","https://github.com/OpenMakerProjects/air-quality-drone-obstacle-avoidance","","2026-10-02T15:28:47.7134955+05:30"
"823","air-quality-drone-live-telemetry","OpenMakerProjects/air-quality-drone-live-telemetry","public","published","True","https://github.com/OpenMakerProjects/air-quality-drone-live-telemetry","","2026-10-02T15:29:07.2669060+05:30"
"824","air-quality-drone-image-geotagging","OpenMakerProjects/air-quality-drone-image-geotagging","public","published","True","https://github.com/OpenMakerProjects/air-quality-drone-image-geotagging","","2026-10-02T15:29:25.2644592+05:30"
"825","air-quality-drone-return-to-home-safety","OpenMakerProjects/air-quality-drone-return-to-home-safety","public","published","True","https://github.com/OpenMakerProjects/air-quality-drone-return-to-home-safety","","2026-10-02T15:29:45.7317894+05:30"
"826","air-quality-drone-payload-release","OpenMakerProjects/air-quality-drone-payload-release","public","published","True","https://github.com/OpenMakerProjects/air-quality-drone-payload-release","","2026-10-02T15:30:05.7221234+05:30"
"827","air-quality-drone-terrain-following","OpenMakerProjects/air-quality-drone-terrain-following","public","published","True","https://github.com/OpenMakerProjects/air-quality-drone-terrain-following","","2026-10-02T15:30:23.5879811+05:30"
"828","air-quality-drone-fleet-mission-planning","OpenMakerProjects/air-quality-drone-fleet-mission-planning","public","published","True","https://github.com/OpenMakerProjects/air-quality-drone-fleet-mission-planning","","2026-10-02T15:30:41.7396636+05:30"
"829","air-quality-drone-anomaly-imaging","OpenMakerProjects/air-quality-drone-anomaly-imaging","public","published","True","https://github.com/OpenMakerProjects/air-quality-drone-anomaly-imaging","","2026-10-02T15:31:00.1478836+05:30"
"830","air-quality-drone-post-flight-analytics","OpenMakerProjects/air-quality-drone-post-flight-analytics","public","published","True","https://github.com/OpenMakerProjects/air-quality-drone-post-flight-analytics","","2026-10-02T15:31:22.1581340+05:30"
"831","search-beacon-drone-waypoint-missions","OpenMakerProjects/search-beacon-drone-waypoint-missions","public","published","True","https://github.com/OpenMakerProjects/search-beacon-drone-waypoint-missions","","2026-10-02T15:31:41.3188293+05:30"
"832","search-beacon-drone-obstacle-avoidance","OpenMakerProjects/search-beacon-drone-obstacle-avoidance","public","published","True","https://github.com/OpenMakerProjects/search-beacon-drone-obstacle-avoidance","","2026-10-02T15:31:59.8798690+05:30"
"833","search-beacon-drone-live-telemetry","OpenMakerProjects/search-beacon-drone-live-telemetry","public","published","True","https://github.com/OpenMakerProjects/search-beacon-drone-live-telemetry","","2026-10-02T15:32:18.7018080+05:30"
"834","search-beacon-drone-image-geotagging","OpenMakerProjects/search-beacon-drone-image-geotagging","public","published","True","https://github.com/OpenMakerProjects/search-beacon-drone-image-geotagging","","2026-10-02T15:32:36.5647335+05:30"
"835","search-beacon-drone-return-to-home-safety","OpenMakerProjects/search-beacon-drone-return-to-home-safety","public","published","True","https://github.com/OpenMakerProjects/search-beacon-drone-return-to-home-safety","","2026-10-02T15:32:54.4188633+05:30"
"836","search-beacon-drone-payload-release","OpenMakerProjects/search-beacon-drone-payload-release","public","published","True","https://github.com/OpenMakerProjects/search-beacon-drone-payload-release","","2026-10-02T15:33:12.0866549+05:30"
"837","search-beacon-drone-terrain-following","OpenMakerProjects/search-beacon-drone-terrain-following","public","published","True","https://github.com/OpenMakerProjects/search-beacon-drone-terrain-following","","2026-10-02T15:33:30.1539640+05:30"
"838","search-beacon-drone-fleet-mission-planning","OpenMakerProjects/search-beacon-drone-fleet-mission-planning","public","published","True","https://github.com/OpenMakerProjects/search-beacon-drone-fleet-mission-planning","","2026-10-02T15:33:48.8909628+05:30"
"839","search-beacon-drone-anomaly-imaging","OpenMakerProjects/search-beacon-drone-anomaly-imaging","public","published","True","https://github.com/OpenMakerProjects/search-beacon-drone-anomaly-imaging","","2026-10-02T15:34:06.8260427+05:30"
"840","search-beacon-drone-post-flight-analytics","OpenMakerProjects/search-beacon-drone-post-flight-analytics","public","published","True","https://github.com/OpenMakerProjects/search-beacon-drone-post-flight-analytics","","2026-10-02T15:34:24.6085568+05:30"
"841","roof-inspection-drone-waypoint-missions","OpenMakerProjects/roof-inspection-drone-waypoint-missions","public","published","True","https://github.com/OpenMakerProjects/roof-inspection-drone-waypoint-missions","","2026-10-02T15:34:42.6209336+05:30"
"842","roof-inspection-drone-obstacle-avoidance","OpenMakerProjects/roof-inspection-drone-obstacle-avoidance","public","published","True","https://github.com/OpenMakerProjects/roof-inspection-drone-obstacle-avoidance","","2026-10-02T15:35:00.8527924+05:30"
"843","roof-inspection-drone-live-telemetry","OpenMakerProjects/roof-inspection-drone-live-telemetry","public","published","True","https://github.com/OpenMakerProjects/roof-inspection-drone-live-telemetry","","2026-10-02T15:35:18.3977947+05:30"
"844","roof-inspection-drone-image-geotagging","OpenMakerProjects/roof-inspection-drone-image-geotagging","public","published","True","https://github.com/OpenMakerProjects/roof-inspection-drone-image-geotagging","","2026-10-02T15:35:36.3049431+05:30"
"845","roof-inspection-drone-return-to-home-safety","OpenMakerProjects/roof-inspection-drone-return-to-home-safety","public","published","True","https://github.com/OpenMakerProjects/roof-inspection-drone-return-to-home-safety","","2026-10-02T15:35:55.1877225+05:30"
"846","roof-inspection-drone-payload-release","OpenMakerProjects/roof-inspection-drone-payload-release","public","published","True","https://github.com/OpenMakerProjects/roof-inspection-drone-payload-release","","2026-10-02T15:36:13.0260443+05:30"
"847","roof-inspection-drone-terrain-following","OpenMakerProjects/roof-inspection-drone-terrain-following","public","published","True","https://github.com/OpenMakerProjects/roof-inspection-drone-terrain-following","","2026-10-02T15:36:31.0417063+05:30"
"848","roof-inspection-drone-fleet-mission-planning","OpenMakerProjects/roof-inspection-drone-fleet-mission-planning","public","published","True","https://github.com/OpenMakerProjects/roof-inspection-drone-fleet-mission-planning","","2026-10-02T15:36:48.9782558+05:30"
"849","roof-inspection-drone-anomaly-imaging","OpenMakerProjects/roof-inspection-drone-anomaly-imaging","public","published","True","https://github.com/OpenMakerProjects/roof-inspection-drone-anomaly-imaging","","2026-10-02T15:37:06.9282055+05:30"
"850","roof-inspection-drone-post-flight-analytics","OpenMakerProjects/roof-inspection-drone-post-flight-analytics","public","published","True","https://github.com/OpenMakerProjects/roof-inspection-drone-post-flight-analytics","","2026-10-02T15:37:24.8634608+05:30"
"851","wildlife-observation-drone-waypoint-missions","OpenMakerProjects/wildlife-observation-drone-waypoint-missions","public","published","True","https://github.com/OpenMakerProjects/wildlife-observation-drone-waypoint-missions","","2026-10-02T15:37:43.7921500+05:30"
"852","wildlife-observation-drone-obstacle-avoidance","OpenMakerProjects/wildlife-observation-drone-obstacle-avoidance","public","published","True","https://github.com/OpenMakerProjects/wildlife-observation-drone-obstacle-avoidance","","2026-10-02T15:38:01.3637364+05:30"
"853","wildlife-observation-drone-live-telemetry","OpenMakerProjects/wildlife-observation-drone-live-telemetry","public","published","True","https://github.com/OpenMakerProjects/wildlife-observation-drone-live-telemetry","","2026-10-02T15:38:20.4760894+05:30"
"854","wildlife-observation-drone-image-geotagging","OpenMakerProjects/wildlife-observation-drone-image-geotagging","public","published","True","https://github.com/OpenMakerProjects/wildlife-observation-drone-image-geotagging","","2026-10-02T15:38:38.8500380+05:30"
"855","wildlife-observation-drone-return-to-home-safety","OpenMakerProjects/wildlife-observation-drone-return-to-home-safety","public","published","True","https://github.com/OpenMakerProjects/wildlife-observation-drone-return-to-home-safety","","2026-10-02T15:38:56.8586444+05:30"
"856","wildlife-observation-drone-payload-release","OpenMakerProjects/wildlife-observation-drone-payload-release","public","published","True","https://github.com/OpenMakerProjects/wildlife-observation-drone-payload-release","","2026-10-02T15:39:15.1151664+05:30"
"857","wildlife-observation-drone-terrain-following","OpenMakerProjects/wildlife-observation-drone-terrain-following","public","published","True","https://github.com/OpenMakerProjects/wildlife-observation-drone-terrain-following","","2026-10-02T15:39:33.2792032+05:30"
"858","wildlife-observation-drone-fleet-mission-planning","OpenMakerProjects/wildlife-observation-drone-fleet-mission-planning","public","published","True","https://github.com/OpenMakerProjects/wildlife-observation-drone-fleet-mission-planning","","2026-10-02T15:39:51.6305332+05:30"
"859","wildlife-observation-drone-anomaly-imaging","OpenMakerProjects/wildlife-observation-drone-anomaly-imaging","public","published","True","https://github.com/OpenMakerProjects/wildlife-observation-drone-anomaly-imaging","","2026-10-02T15:40:09.8186703+05:30"
"860","wildlife-observation-drone-post-flight-analytics","OpenMakerProjects/wildlife-observation-drone-post-flight-analytics","public","published","True","https://github.com/OpenMakerProjects/wildlife-observation-drone-post-flight-analytics","","2026-10-02T15:40:28.7180995+05:30"
"861","inventory-scan-drone-waypoint-missions","OpenMakerProjects/inventory-scan-drone-waypoint-missions","public","published","True","https://github.com/OpenMakerProjects/inventory-scan-drone-waypoint-missions","","2026-10-02T15:40:46.2716230+05:30"
"862","inventory-scan-drone-obstacle-avoidance","OpenMakerProjects/inventory-scan-drone-obstacle-avoidance","public","published","True","https://github.com/OpenMakerProjects/inventory-scan-drone-obstacle-avoidance","","2026-10-02T15:41:04.2610523+05:30"
"863","inventory-scan-drone-live-telemetry","OpenMakerProjects/inventory-scan-drone-live-telemetry","public","published","True","https://github.com/OpenMakerProjects/inventory-scan-drone-live-telemetry","","2026-10-02T15:41:21.8373373+05:30"
"864","inventory-scan-drone-image-geotagging","OpenMakerProjects/inventory-scan-drone-image-geotagging","public","published","True","https://github.com/OpenMakerProjects/inventory-scan-drone-image-geotagging","","2026-10-02T15:41:39.7964183+05:30"
"865","inventory-scan-drone-return-to-home-safety","OpenMakerProjects/inventory-scan-drone-return-to-home-safety","public","published","True","https://github.com/OpenMakerProjects/inventory-scan-drone-return-to-home-safety","","2026-10-02T15:41:58.2470262+05:30"
"866","inventory-scan-drone-payload-release","OpenMakerProjects/inventory-scan-drone-payload-release","public","published","True","https://github.com/OpenMakerProjects/inventory-scan-drone-payload-release","","2026-10-02T15:42:16.4633153+05:30"
"867","inventory-scan-drone-terrain-following","OpenMakerProjects/inventory-scan-drone-terrain-following","public","published","True","https://github.com/OpenMakerProjects/inventory-scan-drone-terrain-following","","2026-10-02T15:42:33.6734888+05:30"
"868","inventory-scan-drone-fleet-mission-planning","OpenMakerProjects/inventory-scan-drone-fleet-mission-planning","public","published","True","https://github.com/OpenMakerProjects/inventory-scan-drone-fleet-mission-planning","","2026-10-02T15:42:51.2998332+05:30"
"869","inventory-scan-drone-anomaly-imaging","OpenMakerProjects/inventory-scan-drone-anomaly-imaging","public","published","True","https://github.com/OpenMakerProjects/inventory-scan-drone-anomaly-imaging","","2026-10-02T15:43:08.7837373+05:30"
"870","inventory-scan-drone-post-flight-analytics","OpenMakerProjects/inventory-scan-drone-post-flight-analytics","public","published","True","https://github.com/OpenMakerProjects/inventory-scan-drone-post-flight-analytics","","2026-10-02T15:43:26.7617653+05:30"
"871","delivery-route-trainer-waypoint-missions","OpenMakerProjects/delivery-route-trainer-waypoint-missions","public","published","True","https://github.com/OpenMakerProjects/delivery-route-trainer-waypoint-missions","","2026-10-02T15:43:44.8404489+05:30"
"872","delivery-route-trainer-obstacle-avoidance","OpenMakerProjects/delivery-route-trainer-obstacle-avoidance","public","published","True","https://github.com/OpenMakerProjects/delivery-route-trainer-obstacle-avoidance","","2026-10-02T15:44:02.6008472+05:30"
"873","delivery-route-trainer-live-telemetry","OpenMakerProjects/delivery-route-trainer-live-telemetry","public","published","True","https://github.com/OpenMakerProjects/delivery-route-trainer-live-telemetry","","2026-10-02T15:44:20.5983601+05:30"
"874","delivery-route-trainer-image-geotagging","OpenMakerProjects/delivery-route-trainer-image-geotagging","public","published","True","https://github.com/OpenMakerProjects/delivery-route-trainer-image-geotagging","","2026-10-02T15:44:41.8016200+05:30"
"875","delivery-route-trainer-return-to-home-safety","OpenMakerProjects/delivery-route-trainer-return-to-home-safety","public","published","True","https://github.com/OpenMakerProjects/delivery-route-trainer-return-to-home-safety","","2026-10-02T15:44:59.6781338+05:30"
"876","delivery-route-trainer-payload-release","OpenMakerProjects/delivery-route-trainer-payload-release","public","published","True","https://github.com/OpenMakerProjects/delivery-route-trainer-payload-release","","2026-10-02T15:45:17.5426905+05:30"
"877","delivery-route-trainer-terrain-following","OpenMakerProjects/delivery-route-trainer-terrain-following","public","published","True","https://github.com/OpenMakerProjects/delivery-route-trainer-terrain-following","","2026-10-02T15:45:35.2747815+05:30"
"878","delivery-route-trainer-fleet-mission-planning","OpenMakerProjects/delivery-route-trainer-fleet-mission-planning","public","published","True","https://github.com/OpenMakerProjects/delivery-route-trainer-fleet-mission-planning","","2026-10-02T15:45:53.5104113+05:30"
"879","delivery-route-trainer-anomaly-imaging","OpenMakerProjects/delivery-route-trainer-anomaly-imaging","public","published","True","https://github.com/OpenMakerProjects/delivery-route-trainer-anomaly-imaging","","2026-10-02T15:46:11.5899861+05:30"
"880","delivery-route-trainer-post-flight-analytics","OpenMakerProjects/delivery-route-trainer-post-flight-analytics","public","published","True","https://github.com/OpenMakerProjects/delivery-route-trainer-post-flight-analytics","","2026-10-02T15:46:30.0643883+05:30"
"881","thermal-survey-drone-waypoint-missions","OpenMakerProjects/thermal-survey-drone-waypoint-missions","public","published","True","https://github.com/OpenMakerProjects/thermal-survey-drone-waypoint-missions","","2026-10-02T15:46:48.1038315+05:30"
"882","thermal-survey-drone-obstacle-avoidance","OpenMakerProjects/thermal-survey-drone-obstacle-avoidance","public","failed","False","https://github.com/OpenMakerProjects/thermal-survey-drone-obstacle-avoidance","Could not create OpenMakerProjects/thermal-survey-drone-obstacle-avoidance
GraphQL: You have created too many repositories, too quickly. Please try again later. (createRepository)","2026-10-02T15:47:02.3709104+05:30"
"883","thermal-survey-drone-live-telemetry","OpenMakerProjects/thermal-survey-drone-live-telemetry","public","failed","False","https://github.com/OpenMakerProjects/thermal-survey-drone-live-telemetry","Could not create OpenMakerProjects/thermal-survey-drone-live-telemetry
GraphQL: You have created too many repositories, too quickly. Please try again later. (createRepository)","2026-10-02T15:47:05.5022285+05:30"
"884","thermal-survey-drone-image-geotagging","OpenMakerProjects/thermal-survey-drone-image-geotagging","public","failed","False","https://github.com/OpenMakerProjects/thermal-survey-drone-image-geotagging","Could not create OpenMakerProjects/thermal-survey-drone-image-geotagging
GraphQL: You have created too many repositories, too quickly. Please try again later. (createRepository)","2026-10-02T15:47:08.6641141+05:30"
"885","thermal-survey-drone-return-to-home-safety","OpenMakerProjects/thermal-survey-drone-return-to-home-safety","public","failed","False","https://github.com/OpenMakerProjects/thermal-survey-drone-return-to-home-safety","Could not create OpenMakerProjects/thermal-survey-drone-return-to-home-safety
GraphQL: You have created too many repositories, too quickly. Please try again later. (createRepository)","2026-10-02T15:47:11.6707317+05:30"
"886","thermal-survey-drone-payload-release","OpenMakerProjects/thermal-survey-drone-payload-release","public","failed","False","https://github.com/OpenMakerProjects/thermal-survey-drone-payload-release","Could not create OpenMakerProjects/thermal-survey-drone-payload-release
GraphQL: You have created too many repositories, too quickly. Please try again later. (createRepository)","2026-10-02T15:47:15.0536832+05:30"
"887","thermal-survey-drone-terrain-following","OpenMakerProjects/thermal-survey-drone-terrain-following","public","failed","False","https://github.com/OpenMakerProjects/thermal-survey-drone-terrain-following","Could not create OpenMakerProjects/thermal-survey-drone-terrain-following
GraphQL: You have created too many repositories, too quickly. Please try again later. (createRepository)","2026-10-02T15:47:18.0607309+05:30"
"888","thermal-survey-drone-fleet-mission-planning","OpenMakerProjects/thermal-survey-drone-fleet-mission-planning","public","failed","False","https://github.com/OpenMakerProjects/thermal-survey-drone-fleet-mission-planning","Could not create OpenMakerProjects/thermal-survey-drone-fleet-mission-planning
GraphQL: You have created too many repositories, too quickly. Please try again later. (createRepository)","2026-10-02T15:47:21.2598927+05:30"
"889","thermal-survey-drone-anomaly-imaging","OpenMakerProjects/thermal-survey-drone-anomaly-imaging","public","failed","False","https://github.com/OpenMakerProjects/thermal-survey-drone-anomaly-imaging","Could not create OpenMakerProjects/thermal-survey-drone-anomaly-imaging
GraphQL: You have created too many repositories, too quickly. Please try again later. (createRepository)","2026-10-02T15:47:24.0500067+05:30"
"890","thermal-survey-drone-post-flight-analytics","OpenMakerProjects/thermal-survey-drone-post-flight-analytics","public","failed","False","https://github.com/OpenMakerProjects/thermal-survey-drone-post-flight-analytics","Could not create OpenMakerProjects/thermal-survey-drone-post-flight-analytics
GraphQL: You have created too many repositories, too quickly. Please try again later. (createRepository)","2026-10-02T15:47:28.9096200+05:30"
"891","water-sampling-drone-waypoint-missions","OpenMakerProjects/water-sampling-drone-waypoint-missions","public","failed","False","https://github.com/OpenMakerProjects/water-sampling-drone-waypoint-missions","Could not create OpenMakerProjects/water-sampling-drone-waypoint-missions
GraphQL: You have created too many repositories, too quickly. Please try again later. (createRepository)","2026-10-02T15:47:31.9825894+05:30"
"892","water-sampling-drone-obstacle-avoidance","OpenMakerProjects/water-sampling-drone-obstacle-avoidance","public","failed","False","https://github.com/OpenMakerProjects/water-sampling-drone-obstacle-avoidance","Could not create OpenMakerProjects/water-sampling-drone-obstacle-avoidance
GraphQL: You have created too many repositories, too quickly. Please try again later. (createRepository)","2026-10-02T15:47:35.3033063+05:30"
"893","water-sampling-drone-live-telemetry","OpenMakerProjects/water-sampling-drone-live-telemetry","public","failed","False","https://github.com/OpenMakerProjects/water-sampling-drone-live-telemetry","Could not create OpenMakerProjects/water-sampling-drone-live-telemetry
GraphQL: You have created too many repositories, too quickly. Please try again later. (createRepository)","2026-10-02T15:47:38.1091254+05:30"
"894","water-sampling-drone-image-geotagging","OpenMakerProjects/water-sampling-drone-image-geotagging","public","failed","False","https://github.com/OpenMakerProjects/water-sampling-drone-image-geotagging","Could not create OpenMakerProjects/water-sampling-drone-image-geotagging
GraphQL: You have created too many repositories, too quickly. Please try again later. (createRepository)","2026-10-02T15:47:41.2351771+05:30"
"895","water-sampling-drone-return-to-home-safety","OpenMakerProjects/water-sampling-drone-return-to-home-safety","public","failed","False","https://github.com/OpenMakerProjects/water-sampling-drone-return-to-home-safety","Could not create OpenMakerProjects/water-sampling-drone-return-to-home-safety
GraphQL: You have created too many repositories, too quickly. Please try again later. (createRepository)","2026-10-02T15:47:44.1526712+05:30"
"896","water-sampling-drone-payload-release","OpenMakerProjects/water-sampling-drone-payload-release","public","failed","False","https://github.com/OpenMakerProjects/water-sampling-drone-payload-release","Could not create OpenMakerProjects/water-sampling-drone-payload-release
GraphQL: You have created too many repositories, too quickly. Please try again later. (createRepository)","2026-10-02T15:47:46.9566257+05:30"
"897","water-sampling-drone-terrain-following","OpenMakerProjects/water-sampling-drone-terrain-following","public","failed","False","https://github.com/OpenMakerProjects/water-sampling-drone-terrain-following","Could not create OpenMakerProjects/water-sampling-drone-terrain-following
GraphQL: You have created too many repositories, too quickly. Please try again later. (createRepository)","2026-10-02T15:47:50.2415779+05:30"
"898","water-sampling-drone-fleet-mission-planning","OpenMakerProjects/water-sampling-drone-fleet-mission-planning","public","failed","False","https://github.com/OpenMakerProjects/water-sampling-drone-fleet-mission-planning","Could not create OpenMakerProjects/water-sampling-drone-fleet-mission-planning
GraphQL: You have created too many repositories, too quickly. Please try again later. (createRepository)","2026-10-02T15:47:53.5655479+05:30"
"899","water-sampling-drone-anomaly-imaging","OpenMakerProjects/water-sampling-drone-anomaly-imaging","public","failed","False","https://github.com/OpenMakerProjects/water-sampling-drone-anomaly-imaging","Could not create OpenMakerProjects/water-sampling-drone-anomaly-imaging
GraphQL: You have created too many repositories, too quickly. Please try again later. (createRepository)","2026-10-02T15:47:56.8050774+05:30"
"900","water-sampling-drone-post-flight-analytics","OpenMakerProjects/water-sampling-drone-post-flight-analytics","public","failed","False","https://github.com/OpenMakerProjects/water-sampling-drone-post-flight-analytics","Could not create OpenMakerProjects/water-sampling-drone-post-flight-analytics
GraphQL: You have created too many repositories, too quickly. Please try again later. (createRepository)","2026-10-02T15:47:59.8746564+05:30"
"901","conveyor-monitoring-cell-oee-data-capture","OpenMakerProjects/conveyor-monitoring-cell-oee-data-capture","public","failed","False","https://github.com/OpenMakerProjects/conveyor-monitoring-cell-oee-data-capture","Could not create OpenMakerProjects/conveyor-monitoring-cell-oee-data-capture
GraphQL: You have created too many repositories, too quickly. Please try again later. (createRepository)","2026-10-02T15:48:03.0185779+05:30"
"902","conveyor-monitoring-cell-fault-alerts","OpenMakerProjects/conveyor-monitoring-cell-fault-alerts","public","failed","False","https://github.com/OpenMakerProjects/conveyor-monitoring-cell-fault-alerts","Could not create OpenMakerProjects/conveyor-monitoring-cell-fault-alerts
GraphQL: You have created too many repositories, too quickly. Please try again later. (createRepository)","2026-10-02T15:48:06.0248427+05:30"
"903","conveyor-monitoring-cell-modbus-dashboard","OpenMakerProjects/conveyor-monitoring-cell-modbus-dashboard","public","failed","False","https://github.com/OpenMakerProjects/conveyor-monitoring-cell-modbus-dashboard","Could not create OpenMakerProjects/conveyor-monitoring-cell-modbus-dashboard
GraphQL: You have created too many repositories, too quickly. Please try again later. (createRepository)","2026-10-02T15:48:09.6822593+05:30"
"904","conveyor-monitoring-cell-automatic-shutdown","OpenMakerProjects/conveyor-monitoring-cell-automatic-shutdown","public","failed","False","https://github.com/OpenMakerProjects/conveyor-monitoring-cell-automatic-shutdown","Could not create OpenMakerProjects/conveyor-monitoring-cell-automatic-shutdown
GraphQL: You have created too many repositories, too quickly. Please try again later. (createRepository)","2026-10-02T15:48:12.6957050+05:30"
"905","conveyor-monitoring-cell-maintenance-scheduling","OpenMakerProjects/conveyor-monitoring-cell-maintenance-scheduling","public","failed","False","https://github.com/OpenMakerProjects/conveyor-monitoring-cell-maintenance-scheduling","Could not create OpenMakerProjects/conveyor-monitoring-cell-maintenance-scheduling
GraphQL: You have created too many repositories, too quickly. Please try again later. (createRepository)","2026-10-02T15:48:15.7541232+05:30"
"906","conveyor-monitoring-cell-quality-sampling","OpenMakerProjects/conveyor-monitoring-cell-quality-sampling","public","failed","False","https://github.com/OpenMakerProjects/conveyor-monitoring-cell-quality-sampling","Could not create OpenMakerProjects/conveyor-monitoring-cell-quality-sampling
GraphQL: You have created too many repositories, too quickly. Please try again later. (createRepository)","2026-10-02T15:48:18.5000664+05:30"
"907","conveyor-monitoring-cell-energy-benchmarking","OpenMakerProjects/conveyor-monitoring-cell-energy-benchmarking","public","failed","False","https://github.com/OpenMakerProjects/conveyor-monitoring-cell-energy-benchmarking","Could not create OpenMakerProjects/conveyor-monitoring-cell-energy-benchmarking
GraphQL: You have created too many repositories, too quickly. Please try again later. (createRepository)","2026-10-02T15:48:21.6937476+05:30"
"908","conveyor-monitoring-cell-edge-anomaly-detection","OpenMakerProjects/conveyor-monitoring-cell-edge-anomaly-detection","public","failed","False","https://github.com/OpenMakerProjects/conveyor-monitoring-cell-edge-anomaly-detection","Could not create OpenMakerProjects/conveyor-monitoring-cell-edge-anomaly-detection
GraphQL: You have created too many repositories, too quickly. Please try again later. (createRepository)","2026-10-02T15:48:24.5853687+05:30"
"909","conveyor-monitoring-cell-operator-guidance","OpenMakerProjects/conveyor-monitoring-cell-operator-guidance","public","failed","False","https://github.com/OpenMakerProjects/conveyor-monitoring-cell-operator-guidance","Could not create OpenMakerProjects/conveyor-monitoring-cell-operator-guidance
GraphQL: You have created too many repositories, too quickly. Please try again later. (createRepository)","2026-10-02T15:48:27.7486726+05:30"
"910","conveyor-monitoring-cell-remote-status-reporting","OpenMakerProjects/conveyor-monitoring-cell-remote-status-reporting","public","failed","False","https://github.com/OpenMakerProjects/conveyor-monitoring-cell-remote-status-reporting","Could not create OpenMakerProjects/conveyor-monitoring-cell-remote-status-reporting
GraphQL: You have created too many repositories, too quickly. Please try again later. (createRepository)","2026-10-02T15:48:30.6279766+05:30"
"911","pump-condition-station-oee-data-capture","OpenMakerProjects/pump-condition-station-oee-data-capture","public","failed","False","https://github.com/OpenMakerProjects/pump-condition-station-oee-data-capture","Could not create OpenMakerProjects/pump-condition-station-oee-data-capture
GraphQL: You have created too many repositories, too quickly. Please try again later. (createRepository)","2026-10-02T15:48:33.7546200+05:30"
"912","pump-condition-station-fault-alerts","OpenMakerProjects/pump-condition-station-fault-alerts","public","failed","False","https://github.com/OpenMakerProjects/pump-condition-station-fault-alerts","Could not create OpenMakerProjects/pump-condition-station-fault-alerts
GraphQL: You have created too many repositories, too quickly. Please try again later. (createRepository)","2026-10-02T15:48:36.7514870+05:30"
"913","pump-condition-station-modbus-dashboard","OpenMakerProjects/pump-condition-station-modbus-dashboard","public","failed","False","https://github.com/OpenMakerProjects/pump-condition-station-modbus-dashboard","Could not create OpenMakerProjects/pump-condition-station-modbus-dashboard
GraphQL: You have created too many repositories, too quickly. Please try again later. (createRepository)","2026-10-02T15:48:39.8870280+05:30"
"914","pump-condition-station-automatic-shutdown","OpenMakerProjects/pump-condition-station-automatic-shutdown","public","failed","False","https://github.com/OpenMakerProjects/pump-condition-station-automatic-shutdown","Could not create OpenMakerProjects/pump-condition-station-automatic-shutdown
GraphQL: You have created too many repositories, too quickly. Please try again later. (createRepository)","2026-10-02T15:48:42.9512042+05:30"
"915","pump-condition-station-maintenance-scheduling","OpenMakerProjects/pump-condition-station-maintenance-scheduling","public","failed","False","https://github.com/OpenMakerProjects/pump-condition-station-maintenance-scheduling","Could not create OpenMakerProjects/pump-condition-station-maintenance-scheduling
GraphQL: You have created too many repositories, too quickly. Please try again later. (createRepository)","2026-10-02T15:48:45.9981475+05:30"
"916","pump-condition-station-quality-sampling","OpenMakerProjects/pump-condition-station-quality-sampling","public","failed","False","https://github.com/OpenMakerProjects/pump-condition-station-quality-sampling","Could not create OpenMakerProjects/pump-condition-station-quality-sampling
GraphQL: You have created too many repositories, too quickly. Please try again later. (createRepository)","2026-10-02T15:48:49.4498143+05:30"
"917","pump-condition-station-energy-benchmarking","OpenMakerProjects/pump-condition-station-energy-benchmarking","public","failed","False","https://github.com/OpenMakerProjects/pump-condition-station-energy-benchmarking","Could not create OpenMakerProjects/pump-condition-station-energy-benchmarking
GraphQL: You have created too many repositories, too quickly. Please try again later. (createRepository)","2026-10-02T15:48:52.2561706+05:30"
"918","pump-condition-station-edge-anomaly-detection","OpenMakerProjects/pump-condition-station-edge-anomaly-detection","public","failed","False","https://github.com/OpenMakerProjects/pump-condition-station-edge-anomaly-detection","Could not create OpenMakerProjects/pump-condition-station-edge-anomaly-detection
GraphQL: You have created too many repositories, too quickly. Please try again later. (createRepository)","2026-10-02T15:48:54.8536473+05:30"
"919","pump-condition-station-operator-guidance","OpenMakerProjects/pump-condition-station-operator-guidance","public","failed","False","https://github.com/OpenMakerProjects/pump-condition-station-operator-guidance","Could not create OpenMakerProjects/pump-condition-station-operator-guidance
GraphQL: You have created too many repositories, too quickly. Please try again later. (createRepository)","2026-10-02T15:48:57.8772555+05:30"
"920","pump-condition-station-remote-status-reporting","OpenMakerProjects/pump-condition-station-remote-status-reporting","public","failed","False","https://github.com/OpenMakerProjects/pump-condition-station-remote-status-reporting","Could not create OpenMakerProjects/pump-condition-station-remote-status-reporting
GraphQL: You have created too many repositories, too quickly. Please try again later. (createRepository)","2026-10-02T15:49:00.8252088+05:30"
"921","motor-vibration-node-oee-data-capture","OpenMakerProjects/motor-vibration-node-oee-data-capture","public","failed","False","https://github.com/OpenMakerProjects/motor-vibration-node-oee-data-capture","Could not create OpenMakerProjects/motor-vibration-node-oee-data-capture
GraphQL: You have created too many repositories, too quickly. Please try again later. (createRepository)","2026-10-02T15:49:03.7035604+05:30"
"922","motor-vibration-node-fault-alerts","OpenMakerProjects/motor-vibration-node-fault-alerts","public","failed","False","https://github.com/OpenMakerProjects/motor-vibration-node-fault-alerts","Could not create OpenMakerProjects/motor-vibration-node-fault-alerts
GraphQL: You have created too many repositories, too quickly. Please try again later. (createRepository)","2026-10-02T15:49:06.4961338+05:30"
"923","motor-vibration-node-modbus-dashboard","OpenMakerProjects/motor-vibration-node-modbus-dashboard","public","failed","False","https://github.com/OpenMakerProjects/motor-vibration-node-modbus-dashboard","Could not create OpenMakerProjects/motor-vibration-node-modbus-dashboard
GraphQL: You have created too many repositories, too quickly. Please try again later. (createRepository)","2026-10-02T15:49:10.7468600+05:30"
"924","motor-vibration-node-automatic-shutdown","OpenMakerProjects/motor-vibration-node-automatic-shutdown","public","failed","False","https://github.com/OpenMakerProjects/motor-vibration-node-automatic-shutdown","Could not create OpenMakerProjects/motor-vibration-node-automatic-shutdown
GraphQL: You have created too many repositories, too quickly. Please try again later. (createRepository)","2026-10-02T15:49:13.6162899+05:30"
"925","motor-vibration-node-maintenance-scheduling","OpenMakerProjects/motor-vibration-node-maintenance-scheduling","public","failed","False","https://github.com/OpenMakerProjects/motor-vibration-node-maintenance-scheduling","Could not create OpenMakerProjects/motor-vibration-node-maintenance-scheduling
GraphQL: You have created too many repositories, too quickly. Please try again later. (createRepository)","2026-10-02T15:49:16.4844082+05:30"
"926","motor-vibration-node-quality-sampling","OpenMakerProjects/motor-vibration-node-quality-sampling","public","failed","False","https://github.com/OpenMakerProjects/motor-vibration-node-quality-sampling","Could not create OpenMakerProjects/motor-vibration-node-quality-sampling
GraphQL: You have created too many repositories, too quickly. Please try again later. (createRepository)","2026-10-02T15:49:19.2709801+05:30"
"927","motor-vibration-node-energy-benchmarking","OpenMakerProjects/motor-vibration-node-energy-benchmarking","public","failed","False","https://github.com/OpenMakerProjects/motor-vibration-node-energy-benchmarking","Could not create OpenMakerProjects/motor-vibration-node-energy-benchmarking
GraphQL: You have created too many repositories, too quickly. Please try again later. (createRepository)","2026-10-02T15:49:22.5991502+05:30"
"928","motor-vibration-node-edge-anomaly-detection","OpenMakerProjects/motor-vibration-node-edge-anomaly-detection","public","failed","False","https://github.com/OpenMakerProjects/motor-vibration-node-edge-anomaly-detection","Could not create OpenMakerProjects/motor-vibration-node-edge-anomaly-detection
GraphQL: You have created too many repositories, too quickly. Please try again later. (createRepository)","2026-10-02T15:49:25.7578056+05:30"
"929","motor-vibration-node-operator-guidance","OpenMakerProjects/motor-vibration-node-operator-guidance","public","failed","False","https://github.com/OpenMakerProjects/motor-vibration-node-operator-guidance","Could not create OpenMakerProjects/motor-vibration-node-operator-guidance
GraphQL: You have created too many repositories, too quickly. Please try again later. (createRepository)","2026-10-02T15:49:28.7520328+05:30"
"930","motor-vibration-node-remote-status-reporting","OpenMakerProjects/motor-vibration-node-remote-status-reporting","public","failed","False","https://github.com/OpenMakerProjects/motor-vibration-node-remote-status-reporting","Could not create OpenMakerProjects/motor-vibration-node-remote-status-reporting
GraphQL: You have created too many repositories, too quickly. Please try again later. (createRepository)","2026-10-02T15:49:32.0721173+05:30"
"931","tank-level-controller-oee-data-capture","OpenMakerProjects/tank-level-controller-oee-data-capture","public","failed","False","https://github.com/OpenMakerProjects/tank-level-controller-oee-data-capture","Could not create OpenMakerProjects/tank-level-controller-oee-data-capture
GraphQL: You have created too many repositories, too quickly. Please try again later. (createRepository)","2026-10-02T15:49:35.1176166+05:30"
"932","tank-level-controller-fault-alerts","OpenMakerProjects/tank-level-controller-fault-alerts","public","failed","False","https://github.com/OpenMakerProjects/tank-level-controller-fault-alerts","Could not create OpenMakerProjects/tank-level-controller-fault-alerts
GraphQL: You have created too many repositories, too quickly. Please try again later. (createRepository)","2026-10-02T15:49:37.9917741+05:30"
"933","tank-level-controller-modbus-dashboard","OpenMakerProjects/tank-level-controller-modbus-dashboard","public","failed","False","https://github.com/OpenMakerProjects/tank-level-controller-modbus-dashboard","Could not create OpenMakerProjects/tank-level-controller-modbus-dashboard
GraphQL: You have created too many repositories, too quickly. Please try again later. (createRepository)","2026-10-02T15:49:40.8932050+05:30"
"934","tank-level-controller-automatic-shutdown","OpenMakerProjects/tank-level-controller-automatic-shutdown","public","failed","False","https://github.com/OpenMakerProjects/tank-level-controller-automatic-shutdown","Could not create OpenMakerProjects/tank-level-controller-automatic-shutdown
GraphQL: You have created too many repositories, too quickly. Please try again later. (createRepository)","2026-10-02T15:49:43.5868080+05:30"
"935","tank-level-controller-maintenance-scheduling","OpenMakerProjects/tank-level-controller-maintenance-scheduling","public","failed","False","https://github.com/OpenMakerProjects/tank-level-controller-maintenance-scheduling","Could not create OpenMakerProjects/tank-level-controller-maintenance-scheduling
GraphQL: You have created too many repositories, too quickly. Please try again later. (createRepository)","2026-10-02T15:49:46.7252674+05:30"
"936","tank-level-controller-quality-sampling","OpenMakerProjects/tank-level-controller-quality-sampling","public","failed","False","https://github.com/OpenMakerProjects/tank-level-controller-quality-sampling","Could not create OpenMakerProjects/tank-level-controller-quality-sampling
GraphQL: You have created too many repositories, too quickly. Please try again later. (createRepository)","2026-10-02T15:49:50.0547289+05:30"
"937","tank-level-controller-energy-benchmarking","OpenMakerProjects/tank-level-controller-energy-benchmarking","public","failed","False","https://github.com/OpenMakerProjects/tank-level-controller-energy-benchmarking","Could not create OpenMakerProjects/tank-level-controller-energy-benchmarking
GraphQL: You have created too many repositories, too quickly. Please try again later. (createRepository)","2026-10-02T15:49:52.9474697+05:30"
"938","tank-level-controller-edge-anomaly-detection","OpenMakerProjects/tank-level-controller-edge-anomaly-detection","public","failed","False","https://github.com/OpenMakerProjects/tank-level-controller-edge-anomaly-detection","Could not create OpenMakerProjects/tank-level-controller-edge-anomaly-detection
GraphQL: You have created too many repositories, too quickly. Please try again later. (createRepository)","2026-10-02T15:49:56.0235587+05:30"
"939","tank-level-controller-operator-guidance","OpenMakerProjects/tank-level-controller-operator-guidance","public","failed","False","https://github.com/OpenMakerProjects/tank-level-controller-operator-guidance","Could not create OpenMakerProjects/tank-level-controller-operator-guidance
GraphQL: You have created too many repositories, too quickly. Please try again later. (createRepository)","2026-10-02T15:49:59.0385432+05:30"
"940","tank-level-controller-remote-status-reporting","OpenMakerProjects/tank-level-controller-remote-status-reporting","public","failed","False","https://github.com/OpenMakerProjects/tank-level-controller-remote-status-reporting","Could not create OpenMakerProjects/tank-level-controller-remote-status-reporting
GraphQL: You have created too many repositories, too quickly. Please try again later. (createRepository)","2026-10-02T15:50:02.3114602+05:30"
"941","compressed-air-monitor-oee-data-capture","OpenMakerProjects/compressed-air-monitor-oee-data-capture","public","failed","False","https://github.com/OpenMakerProjects/compressed-air-monitor-oee-data-capture","Could not create OpenMakerProjects/compressed-air-monitor-oee-data-capture
GraphQL: You have created too many repositories, too quickly. Please try again later. (createRepository)","2026-10-02T15:50:05.3561055+05:30"
"942","compressed-air-monitor-fault-alerts","OpenMakerProjects/compressed-air-monitor-fault-alerts","public","failed","False","https://github.com/OpenMakerProjects/compressed-air-monitor-fault-alerts","Could not create OpenMakerProjects/compressed-air-monitor-fault-alerts
GraphQL: You have created too many repositories, too quickly. Please try again later. (createRepository)","2026-10-02T15:50:08.6718877+05:30"
"943","compressed-air-monitor-modbus-dashboard","OpenMakerProjects/compressed-air-monitor-modbus-dashboard","public","failed","False","https://github.com/OpenMakerProjects/compressed-air-monitor-modbus-dashboard","Could not create OpenMakerProjects/compressed-air-monitor-modbus-dashboard
GraphQL: You have created too many repositories, too quickly. Please try again later. (createRepository)","2026-10-02T15:50:12.0350934+05:30"
"944","compressed-air-monitor-automatic-shutdown","OpenMakerProjects/compressed-air-monitor-automatic-shutdown","public","failed","False","https://github.com/OpenMakerProjects/compressed-air-monitor-automatic-shutdown","Could not create OpenMakerProjects/compressed-air-monitor-automatic-shutdown
GraphQL: You have created too many repositories, too quickly. Please try again later. (createRepository)","2026-10-02T15:50:15.1897583+05:30"
"945","compressed-air-monitor-maintenance-scheduling","OpenMakerProjects/compressed-air-monitor-maintenance-scheduling","public","failed","False","https://github.com/OpenMakerProjects/compressed-air-monitor-maintenance-scheduling","Could not create OpenMakerProjects/compressed-air-monitor-maintenance-scheduling
GraphQL: You have created too many repositories, too quickly. Please try again later. (createRepository)","2026-10-02T15:50:18.2005553+05:30"
"946","compressed-air-monitor-quality-sampling","OpenMakerProjects/compressed-air-monitor-quality-sampling","public","failed","False","https://github.com/OpenMakerProjects/compressed-air-monitor-quality-sampling","Could not create OpenMakerProjects/compressed-air-monitor-quality-sampling
GraphQL: You have created too many repositories, too quickly. Please try again later. (createRepository)","2026-10-02T15:50:21.2675549+05:30"
"947","compressed-air-monitor-energy-benchmarking","OpenMakerProjects/compressed-air-monitor-energy-benchmarking","public","failed","False","https://github.com/OpenMakerProjects/compressed-air-monitor-energy-benchmarking","Could not create OpenMakerProjects/compressed-air-monitor-energy-benchmarking
GraphQL: You have created too many repositories, too quickly. Please try again later. (createRepository)","2026-10-02T15:50:24.1860020+05:30"
"948","compressed-air-monitor-edge-anomaly-detection","OpenMakerProjects/compressed-air-monitor-edge-anomaly-detection","public","failed","False","https://github.com/OpenMakerProjects/compressed-air-monitor-edge-anomaly-detection","Could not create OpenMakerProjects/compressed-air-monitor-edge-anomaly-detection
GraphQL: You have created too many repositories, too quickly. Please try again later. (createRepository)","2026-10-02T15:50:27.0364431+05:30"
"949","compressed-air-monitor-operator-guidance","OpenMakerProjects/compressed-air-monitor-operator-guidance","public","failed","False","https://github.com/OpenMakerProjects/compressed-air-monitor-operator-guidance","Could not create OpenMakerProjects/compressed-air-monitor-operator-guidance
GraphQL: You have created too many repositories, too quickly. Please try again later. (createRepository)","2026-10-02T15:50:30.8747399+05:30"
"950","compressed-air-monitor-remote-status-reporting","OpenMakerProjects/compressed-air-monitor-remote-status-reporting","public","failed","False","https://github.com/OpenMakerProjects/compressed-air-monitor-remote-status-reporting","Could not create OpenMakerProjects/compressed-air-monitor-remote-status-reporting
GraphQL: You have created too many repositories, too quickly. Please try again later. (createRepository)","2026-10-02T15:50:33.9350182+05:30"
"951","machine-runtime-counter-oee-data-capture","OpenMakerProjects/machine-runtime-counter-oee-data-capture","public","failed","False","https://github.com/OpenMakerProjects/machine-runtime-counter-oee-data-capture","Could not create OpenMakerProjects/machine-runtime-counter-oee-data-capture
GraphQL: You have created too many repositories, too quickly. Please try again later. (createRepository)","2026-10-02T15:50:37.0004427+05:30"
"952","machine-runtime-counter-fault-alerts","OpenMakerProjects/machine-runtime-counter-fault-alerts","public","failed","False","https://github.com/OpenMakerProjects/machine-runtime-counter-fault-alerts","Could not create OpenMakerProjects/machine-runtime-counter-fault-alerts
GraphQL: You have created too many repositories, too quickly. Please try again later. (createRepository)","2026-10-02T15:50:40.2677161+05:30"
"953","machine-runtime-counter-modbus-dashboard","OpenMakerProjects/machine-runtime-counter-modbus-dashboard","public","failed","False","https://github.com/OpenMakerProjects/machine-runtime-counter-modbus-dashboard","Could not create OpenMakerProjects/machine-runtime-counter-modbus-dashboard
GraphQL: You have created too many repositories, too quickly. Please try again later. (createRepository)","2026-10-02T15:50:43.5482900+05:30"
"954","machine-runtime-counter-automatic-shutdown","OpenMakerProjects/machine-runtime-counter-automatic-shutdown","public","failed","False","https://github.com/OpenMakerProjects/machine-runtime-counter-automatic-shutdown","Could not create OpenMakerProjects/machine-runtime-counter-automatic-shutdown
GraphQL: You have created too many repositories, too quickly. Please try again later. (createRepository)","2026-10-02T15:50:46.5635933+05:30"
"955","machine-runtime-counter-maintenance-scheduling","OpenMakerProjects/machine-runtime-counter-maintenance-scheduling","public","failed","False","https://github.com/OpenMakerProjects/machine-runtime-counter-maintenance-scheduling","Could not create OpenMakerProjects/machine-runtime-counter-maintenance-scheduling
GraphQL: You have created too many repositories, too quickly. Please try again later. (createRepository)","2026-10-02T15:50:49.6774860+05:30"
"956","machine-runtime-counter-quality-sampling","OpenMakerProjects/machine-runtime-counter-quality-sampling","public","failed","False","https://github.com/OpenMakerProjects/machine-runtime-counter-quality-sampling","Could not create OpenMakerProjects/machine-runtime-counter-quality-sampling
GraphQL: You have created too many repositories, too quickly. Please try again later. (createRepository)","2026-10-02T15:50:52.7274007+05:30"
"957","machine-runtime-counter-energy-benchmarking","OpenMakerProjects/machine-runtime-counter-energy-benchmarking","public","failed","False","https://github.com/OpenMakerProjects/machine-runtime-counter-energy-benchmarking","Could not create OpenMakerProjects/machine-runtime-counter-energy-benchmarking
GraphQL: You have created too many repositories, too quickly. Please try again later. (createRepository)","2026-10-02T15:50:55.8095521+05:30"
"958","machine-runtime-counter-edge-anomaly-detection","OpenMakerProjects/machine-runtime-counter-edge-anomaly-detection","public","failed","False","https://github.com/OpenMakerProjects/machine-runtime-counter-edge-anomaly-detection","Could not create OpenMakerProjects/machine-runtime-counter-edge-anomaly-detection
GraphQL: You have created too many repositories, too quickly. Please try again later. (createRepository)","2026-10-02T15:50:58.8580592+05:30"
"959","machine-runtime-counter-operator-guidance","OpenMakerProjects/machine-runtime-counter-operator-guidance","public","failed","False","https://github.com/OpenMakerProjects/machine-runtime-counter-operator-guidance","Could not create OpenMakerProjects/machine-runtime-counter-operator-guidance
GraphQL: You have created too many repositories, too quickly. Please try again later. (createRepository)","2026-10-02T15:51:02.1099245+05:30"
"960","machine-runtime-counter-remote-status-reporting","OpenMakerProjects/machine-runtime-counter-remote-status-reporting","public","failed","False","https://github.com/OpenMakerProjects/machine-runtime-counter-remote-status-reporting","Could not create OpenMakerProjects/machine-runtime-counter-remote-status-reporting
GraphQL: You have created too many repositories, too quickly. Please try again later. (createRepository)","2026-10-02T15:51:05.3375898+05:30"
"961","tool-usage-tracker-oee-data-capture","OpenMakerProjects/tool-usage-tracker-oee-data-capture","public","failed","False","https://github.com/OpenMakerProjects/tool-usage-tracker-oee-data-capture","Could not create OpenMakerProjects/tool-usage-tracker-oee-data-capture
GraphQL: You have created too many repositories, too quickly. Please try again later. (createRepository)","2026-10-02T15:51:09.3233363+05:30"
"962","tool-usage-tracker-fault-alerts","OpenMakerProjects/tool-usage-tracker-fault-alerts","public","failed","False","https://github.com/OpenMakerProjects/tool-usage-tracker-fault-alerts","Could not create OpenMakerProjects/tool-usage-tracker-fault-alerts
GraphQL: You have created too many repositories, too quickly. Please try again later. (createRepository)","2026-10-02T15:51:12.6139474+05:30"
"963","tool-usage-tracker-modbus-dashboard","OpenMakerProjects/tool-usage-tracker-modbus-dashboard","public","failed","False","https://github.com/OpenMakerProjects/tool-usage-tracker-modbus-dashboard","Could not create OpenMakerProjects/tool-usage-tracker-modbus-dashboard
GraphQL: You have created too many repositories, too quickly. Please try again later. (createRepository)","2026-10-02T15:51:16.5980584+05:30"
"964","tool-usage-tracker-automatic-shutdown","OpenMakerProjects/tool-usage-tracker-automatic-shutdown","public","failed","False","https://github.com/OpenMakerProjects/tool-usage-tracker-automatic-shutdown","Could not create OpenMakerProjects/tool-usage-tracker-automatic-shutdown
GraphQL: You have created too many repositories, too quickly. Please try again later. (createRepository)","2026-10-02T15:51:20.0123463+05:30"
"965","tool-usage-tracker-maintenance-scheduling","OpenMakerProjects/tool-usage-tracker-maintenance-scheduling","public","failed","False","https://github.com/OpenMakerProjects/tool-usage-tracker-maintenance-scheduling","Could not create OpenMakerProjects/tool-usage-tracker-maintenance-scheduling
GraphQL: You have created too many repositories, too quickly. Please try again later. (createRepository)","2026-10-02T15:51:23.7174615+05:30"
"966","tool-usage-tracker-quality-sampling","OpenMakerProjects/tool-usage-tracker-quality-sampling","public","failed","False","https://github.com/OpenMakerProjects/tool-usage-tracker-quality-sampling","Could not create OpenMakerProjects/tool-usage-tracker-quality-sampling
GraphQL: You have created too many repositories, too quickly. Please try again later. (createRepository)","2026-10-02T15:51:27.0281394+05:30"
"967","tool-usage-tracker-energy-benchmarking","OpenMakerProjects/tool-usage-tracker-energy-benchmarking","public","failed","False","https://github.com/OpenMakerProjects/tool-usage-tracker-energy-benchmarking","Could not create OpenMakerProjects/tool-usage-tracker-energy-benchmarking
GraphQL: You have created too many repositories, too quickly. Please try again later. (createRepository)","2026-10-02T15:51:30.1100835+05:30"
"968","tool-usage-tracker-edge-anomaly-detection","OpenMakerProjects/tool-usage-tracker-edge-anomaly-detection","public","failed","False","https://github.com/OpenMakerProjects/tool-usage-tracker-edge-anomaly-detection","Could not create OpenMakerProjects/tool-usage-tracker-edge-anomaly-detection
GraphQL: You have created too many repositories, too quickly. Please try again later. (createRepository)","2026-10-02T15:51:33.6560657+05:30"
"969","tool-usage-tracker-operator-guidance","OpenMakerProjects/tool-usage-tracker-operator-guidance","public","failed","False","https://github.com/OpenMakerProjects/tool-usage-tracker-operator-guidance","Could not create OpenMakerProjects/tool-usage-tracker-operator-guidance
GraphQL: You have created too many repositories, too quickly. Please try again later. (createRepository)","2026-10-02T15:51:36.5956490+05:30"
"970","tool-usage-tracker-remote-status-reporting","OpenMakerProjects/tool-usage-tracker-remote-status-reporting","public","failed","False","https://github.com/OpenMakerProjects/tool-usage-tracker-remote-status-reporting","Could not create OpenMakerProjects/tool-usage-tracker-remote-status-reporting
GraphQL: You have created too many repositories, too quickly. Please try again later. (createRepository)","2026-10-02T15:51:39.5542453+05:30"
"971","cold-storage-controller-oee-data-capture","OpenMakerProjects/cold-storage-controller-oee-data-capture","public","failed","False","https://github.com/OpenMakerProjects/cold-storage-controller-oee-data-capture","Could not create OpenMakerProjects/cold-storage-controller-oee-data-capture
GraphQL: You have created too many repositories, too quickly. Please try again later. (createRepository)","2026-10-02T15:51:42.3584432+05:30"
"972","cold-storage-controller-fault-alerts","OpenMakerProjects/cold-storage-controller-fault-alerts","public","failed","False","https://github.com/OpenMakerProjects/cold-storage-controller-fault-alerts","Could not create OpenMakerProjects/cold-storage-controller-fault-alerts
GraphQL: You have created too many repositories, too quickly. Please try again later. (createRepository)","2026-10-02T15:51:46.2301516+05:30"
"973","cold-storage-controller-modbus-dashboard","OpenMakerProjects/cold-storage-controller-modbus-dashboard","public","failed","False","https://github.com/OpenMakerProjects/cold-storage-controller-modbus-dashboard","Could not create OpenMakerProjects/cold-storage-controller-modbus-dashboard
GraphQL: You have created too many repositories, too quickly. Please try again later. (createRepository)","2026-10-02T15:51:49.4009427+05:30"
"974","cold-storage-controller-automatic-shutdown","OpenMakerProjects/cold-storage-controller-automatic-shutdown","public","failed","False","https://github.com/OpenMakerProjects/cold-storage-controller-automatic-shutdown","Could not create OpenMakerProjects/cold-storage-controller-automatic-shutdown
GraphQL: You have created too many repositories, too quickly. Please try again later. (createRepository)","2026-10-02T15:51:52.5307689+05:30"
"975","cold-storage-controller-maintenance-scheduling","OpenMakerProjects/cold-storage-controller-maintenance-scheduling","public","failed","False","https://github.com/OpenMakerProjects/cold-storage-controller-maintenance-scheduling","Could not create OpenMakerProjects/cold-storage-controller-maintenance-scheduling
GraphQL: You have created too many repositories, too quickly. Please try again later. (createRepository)","2026-10-02T15:51:55.5919812+05:30"
"976","cold-storage-controller-quality-sampling","OpenMakerProjects/cold-storage-controller-quality-sampling","public","failed","False","https://github.com/OpenMakerProjects/cold-storage-controller-quality-sampling","Could not create OpenMakerProjects/cold-storage-controller-quality-sampling
GraphQL: You have created too many repositories, too quickly. Please try again later. (createRepository)","2026-10-02T15:51:58.5423939+05:30"
"977","cold-storage-controller-energy-benchmarking","OpenMakerProjects/cold-storage-controller-energy-benchmarking","public","failed","False","https://github.com/OpenMakerProjects/cold-storage-controller-energy-benchmarking","Could not create OpenMakerProjects/cold-storage-controller-energy-benchmarking
GraphQL: You have created too many repositories, too quickly. Please try again later. (createRepository)","2026-10-02T15:52:01.6265455+05:30"
"978","cold-storage-controller-edge-anomaly-detection","OpenMakerProjects/cold-storage-controller-edge-anomaly-detection","public","failed","False","https://github.com/OpenMakerProjects/cold-storage-controller-edge-anomaly-detection","Could not create OpenMakerProjects/cold-storage-controller-edge-anomaly-detection
GraphQL: You have created too many repositories, too quickly. Please try again later. (createRepository)","2026-10-02T15:52:04.3311310+05:30"
"979","cold-storage-controller-operator-guidance","OpenMakerProjects/cold-storage-controller-operator-guidance","public","failed","False","https://github.com/OpenMakerProjects/cold-storage-controller-operator-guidance","Could not create OpenMakerProjects/cold-storage-controller-operator-guidance
GraphQL: You have created too many repositories, too quickly. Please try again later. (createRepository)","2026-10-02T15:52:07.2448766+05:30"
"980","cold-storage-controller-remote-status-reporting","OpenMakerProjects/cold-storage-controller-remote-status-reporting","public","failed","False","https://github.com/OpenMakerProjects/cold-storage-controller-remote-status-reporting","Could not create OpenMakerProjects/cold-storage-controller-remote-status-reporting
GraphQL: You have created too many repositories, too quickly. Please try again later. (createRepository)","2026-10-02T15:52:10.0321018+05:30"
"981","production-andon-panel-oee-data-capture","OpenMakerProjects/production-andon-panel-oee-data-capture","public","failed","False","https://github.com/OpenMakerProjects/production-andon-panel-oee-data-capture","Could not create OpenMakerProjects/production-andon-panel-oee-data-capture
GraphQL: You have created too many repositories, too quickly. Please try again later. (createRepository)","2026-10-02T15:52:12.8616497+05:30"
"982","production-andon-panel-fault-alerts","OpenMakerProjects/production-andon-panel-fault-alerts","public","failed","False","https://github.com/OpenMakerProjects/production-andon-panel-fault-alerts","Could not create OpenMakerProjects/production-andon-panel-fault-alerts
GraphQL: You have created too many repositories, too quickly. Please try again later. (createRepository)","2026-10-02T15:52:15.5237634+05:30"
"983","production-andon-panel-modbus-dashboard","OpenMakerProjects/production-andon-panel-modbus-dashboard","public","failed","False","https://github.com/OpenMakerProjects/production-andon-panel-modbus-dashboard","Could not create OpenMakerProjects/production-andon-panel-modbus-dashboard
GraphQL: You have created too many repositories, too quickly. Please try again later. (createRepository)","2026-10-02T15:52:18.3593928+05:30"
"984","production-andon-panel-automatic-shutdown","OpenMakerProjects/production-andon-panel-automatic-shutdown","public","failed","False","https://github.com/OpenMakerProjects/production-andon-panel-automatic-shutdown","Could not create OpenMakerProjects/production-andon-panel-automatic-shutdown
GraphQL: You have created too many repositories, too quickly. Please try again later. (createRepository)","2026-10-02T15:52:21.3198331+05:30"
"985","production-andon-panel-maintenance-scheduling","OpenMakerProjects/production-andon-panel-maintenance-scheduling","public","failed","False","https://github.com/OpenMakerProjects/production-andon-panel-maintenance-scheduling","Could not create OpenMakerProjects/production-andon-panel-maintenance-scheduling
GraphQL: You have created too many repositories, too quickly. Please try again later. (createRepository)","2026-10-02T15:52:23.8477907+05:30"
"986","production-andon-panel-quality-sampling","OpenMakerProjects/production-andon-panel-quality-sampling","public","failed","False","https://github.com/OpenMakerProjects/production-andon-panel-quality-sampling","Could not create OpenMakerProjects/production-andon-panel-quality-sampling
GraphQL: You have created too many repositories, too quickly. Please try again later. (createRepository)","2026-10-02T15:52:27.1607812+05:30"
"987","production-andon-panel-energy-benchmarking","OpenMakerProjects/production-andon-panel-energy-benchmarking","public","failed","False","https://github.com/OpenMakerProjects/production-andon-panel-energy-benchmarking","Could not create OpenMakerProjects/production-andon-panel-energy-benchmarking
GraphQL: You have created too many repositories, too quickly. Please try again later. (createRepository)","2026-10-02T15:52:30.9973010+05:30"
"988","production-andon-panel-edge-anomaly-detection","OpenMakerProjects/production-andon-panel-edge-anomaly-detection","public","failed","False","https://github.com/OpenMakerProjects/production-andon-panel-edge-anomaly-detection","Could not create OpenMakerProjects/production-andon-panel-edge-anomaly-detection
GraphQL: You have created too many repositories, too quickly. Please try again later. (createRepository)","2026-10-02T15:52:35.6412181+05:30"
"989","production-andon-panel-operator-guidance","OpenMakerProjects/production-andon-panel-operator-guidance","public","failed","False","https://github.com/OpenMakerProjects/production-andon-panel-operator-guidance","Could not create OpenMakerProjects/production-andon-panel-operator-guidance
GraphQL: You have created too many repositories, too quickly. Please try again later. (createRepository)","2026-10-02T15:52:38.7824893+05:30"
"990","production-andon-panel-remote-status-reporting","OpenMakerProjects/production-andon-panel-remote-status-reporting","public","failed","False","https://github.com/OpenMakerProjects/production-andon-panel-remote-status-reporting","Could not create OpenMakerProjects/production-andon-panel-remote-status-reporting
GraphQL: You have created too many repositories, too quickly. Please try again later. (createRepository)","2026-10-02T15:52:41.9509167+05:30"
"991","predictive-maintenance-gateway-oee-data-capture","OpenMakerProjects/predictive-maintenance-gateway-oee-data-capture","public","failed","False","https://github.com/OpenMakerProjects/predictive-maintenance-gateway-oee-data-capture","Could not create OpenMakerProjects/predictive-maintenance-gateway-oee-data-capture
GraphQL: You have created too many repositories, too quickly. Please try again later. (createRepository)","2026-10-02T15:52:44.8817264+05:30"
"992","predictive-maintenance-gateway-fault-alerts","OpenMakerProjects/predictive-maintenance-gateway-fault-alerts","public","failed","False","https://github.com/OpenMakerProjects/predictive-maintenance-gateway-fault-alerts","Could not create OpenMakerProjects/predictive-maintenance-gateway-fault-alerts
GraphQL: You have created too many repositories, too quickly. Please try again later. (createRepository)","2026-10-02T15:52:47.7606966+05:30"
"993","predictive-maintenance-gateway-modbus-dashboard","OpenMakerProjects/predictive-maintenance-gateway-modbus-dashboard","public","failed","False","https://github.com/OpenMakerProjects/predictive-maintenance-gateway-modbus-dashboard","Could not create OpenMakerProjects/predictive-maintenance-gateway-modbus-dashboard
GraphQL: You have created too many repositories, too quickly. Please try again later. (createRepository)","2026-10-02T15:52:50.4779562+05:30"
"994","predictive-maintenance-gateway-automatic-shutdown","OpenMakerProjects/predictive-maintenance-gateway-automatic-shutdown","public","failed","False","https://github.com/OpenMakerProjects/predictive-maintenance-gateway-automatic-shutdown","Could not create OpenMakerProjects/predictive-maintenance-gateway-automatic-shutdown
GraphQL: You have created too many repositories, too quickly. Please try again later. (createRepository)","2026-10-02T15:52:54.1174174+05:30"
"995","predictive-maintenance-gateway-maintenance-scheduling","OpenMakerProjects/predictive-maintenance-gateway-maintenance-scheduling","public","failed","False","https://github.com/OpenMakerProjects/predictive-maintenance-gateway-maintenance-scheduling","Could not create OpenMakerProjects/predictive-maintenance-gateway-maintenance-scheduling
GraphQL: You have created too many repositories, too quickly. Please try again later. (createRepository)","2026-10-02T15:52:57.0371320+05:30"
"996","predictive-maintenance-gateway-quality-sampling","OpenMakerProjects/predictive-maintenance-gateway-quality-sampling","public","failed","False","https://github.com/OpenMakerProjects/predictive-maintenance-gateway-quality-sampling","Could not create OpenMakerProjects/predictive-maintenance-gateway-quality-sampling
GraphQL: You have created too many repositories, too quickly. Please try again later. (createRepository)","2026-10-02T15:53:00.0627516+05:30"
"997","predictive-maintenance-gateway-energy-benchmarking","OpenMakerProjects/predictive-maintenance-gateway-energy-benchmarking","public","failed","False","https://github.com/OpenMakerProjects/predictive-maintenance-gateway-energy-benchmarking","Could not create OpenMakerProjects/predictive-maintenance-gateway-energy-benchmarking
GraphQL: You have created too many repositories, too quickly. Please try again later. (createRepository)","2026-10-02T15:53:02.9283221+05:30"
"998","predictive-maintenance-gateway-edge-anomaly-detection","OpenMakerProjects/predictive-maintenance-gateway-edge-anomaly-detection","public","failed","False","https://github.com/OpenMakerProjects/predictive-maintenance-gateway-edge-anomaly-detection","Could not create OpenMakerProjects/predictive-maintenance-gateway-edge-anomaly-detection
GraphQL: You have created too many repositories, too quickly. Please try again later. (createRepository)","2026-10-02T15:53:06.3056016+05:30"
"999","predictive-maintenance-gateway-operator-guidance","OpenMakerProjects/predictive-maintenance-gateway-operator-guidance","public","failed","False","https://github.com/OpenMakerProjects/predictive-maintenance-gateway-operator-guidance","Could not create OpenMakerProjects/predictive-maintenance-gateway-operator-guidance
GraphQL: You have created too many repositories, too quickly. Please try again later. (createRepository)","2026-10-02T15:53:09.0914843+05:30"
"1000","predictive-maintenance-gateway-remote-status-reporting","OpenMakerProjects/predictive-maintenance-gateway-remote-status-reporting","public","failed","False","https://github.com/OpenMakerProjects/predictive-maintenance-gateway-remote-status-reporting","Could not create OpenMakerProjects/predictive-maintenance-gateway-remote-status-reporting
GraphQL: You have created too many repositories, too quickly. Please try again later. (createRepository)","2026-10-02T15:53:12.0712709+05:30"
"1001","workshop-safety-node-multi-sensor-alarm","OpenMakerProjects/workshop-safety-node-multi-sensor-alarm","public","failed","False","https://github.com/OpenMakerProjects/workshop-safety-node-multi-sensor-alarm","Could not create OpenMakerProjects/workshop-safety-node-multi-sensor-alarm
GraphQL: You have created too many repositories, too quickly. Please try again later. (createRepository)","2026-10-02T15:53:15.1185974+05:30"
"1002","workshop-safety-node-escalation-messaging","OpenMakerProjects/workshop-safety-node-escalation-messaging","public","failed","False","https://github.com/OpenMakerProjects/workshop-safety-node-escalation-messaging","Could not create OpenMakerProjects/workshop-safety-node-escalation-messaging
GraphQL: You have created too many repositories, too quickly. Please try again later. (createRepository)","2026-10-02T15:53:18.0850855+05:30"
"1003","workshop-safety-node-self-test-routine","OpenMakerProjects/workshop-safety-node-self-test-routine","public","failed","False","https://github.com/OpenMakerProjects/workshop-safety-node-self-test-routine","Could not create OpenMakerProjects/workshop-safety-node-self-test-routine
GraphQL: You have created too many repositories, too quickly. Please try again later. (createRepository)","2026-10-02T15:53:21.0236074+05:30"
"1004","workshop-safety-node-evacuation-guidance","OpenMakerProjects/workshop-safety-node-evacuation-guidance","public","failed","False","https://github.com/OpenMakerProjects/workshop-safety-node-evacuation-guidance","Could not create OpenMakerProjects/workshop-safety-node-evacuation-guidance
GraphQL: You have created too many repositories, too quickly. Please try again later. (createRepository)","2026-10-02T15:53:23.9058251+05:30"
"1005","workshop-safety-node-incident-logging","OpenMakerProjects/workshop-safety-node-incident-logging","public","failed","False","https://github.com/OpenMakerProjects/workshop-safety-node-incident-logging","Could not create OpenMakerProjects/workshop-safety-node-incident-logging
GraphQL: You have created too many repositories, too quickly. Please try again later. (createRepository)","2026-10-02T15:53:26.7617750+05:30"
"1006","workshop-safety-node-battery-backup","OpenMakerProjects/workshop-safety-node-battery-backup","public","failed","False","https://github.com/OpenMakerProjects/workshop-safety-node-battery-backup","Could not create OpenMakerProjects/workshop-safety-node-battery-backup
GraphQL: You have created too many repositories, too quickly. Please try again later. (createRepository)","2026-10-02T15:53:29.9173693+05:30"
"1007","workshop-safety-node-location-reporting","OpenMakerProjects/workshop-safety-node-location-reporting","public","failed","False","https://github.com/OpenMakerProjects/workshop-safety-node-location-reporting","Could not create OpenMakerProjects/workshop-safety-node-location-reporting
GraphQL: You have created too many repositories, too quickly. Please try again later. (createRepository)","2026-10-02T15:53:33.0733111+05:30"
"1008","workshop-safety-node-wearable-haptics","OpenMakerProjects/workshop-safety-node-wearable-haptics","public","failed","False","https://github.com/OpenMakerProjects/workshop-safety-node-wearable-haptics","Could not create OpenMakerProjects/workshop-safety-node-wearable-haptics
GraphQL: You have created too many repositories, too quickly. Please try again later. (createRepository)","2026-10-02T15:53:36.3862944+05:30"
"1009","workshop-safety-node-access-interlock","OpenMakerProjects/workshop-safety-node-access-interlock","public","failed","False","https://github.com/OpenMakerProjects/workshop-safety-node-access-interlock","Could not create OpenMakerProjects/workshop-safety-node-access-interlock
GraphQL: You have created too many repositories, too quickly. Please try again later. (createRepository)","2026-10-02T15:53:39.1743733+05:30"
"1010","workshop-safety-node-drill-analytics","OpenMakerProjects/workshop-safety-node-drill-analytics","public","failed","False","https://github.com/OpenMakerProjects/workshop-safety-node-drill-analytics","Could not create OpenMakerProjects/workshop-safety-node-drill-analytics
GraphQL: You have created too many repositories, too quickly. Please try again later. (createRepository)","2026-10-02T15:53:42.1495881+05:30"
"1011","gas-leak-guardian-multi-sensor-alarm","OpenMakerProjects/gas-leak-guardian-multi-sensor-alarm","public","failed","False","https://github.com/OpenMakerProjects/gas-leak-guardian-multi-sensor-alarm","Could not create OpenMakerProjects/gas-leak-guardian-multi-sensor-alarm
GraphQL: You have created too many repositories, too quickly. Please try again later. (createRepository)","2026-10-02T15:53:44.8274673+05:30"
"1012","gas-leak-guardian-escalation-messaging","OpenMakerProjects/gas-leak-guardian-escalation-messaging","public","failed","False","https://github.com/OpenMakerProjects/gas-leak-guardian-escalation-messaging","Could not create OpenMakerProjects/gas-leak-guardian-escalation-messaging
GraphQL: You have created too many repositories, too quickly. Please try again later. (createRepository)","2026-10-02T15:53:47.7505105+05:30"
"1013","gas-leak-guardian-self-test-routine","OpenMakerProjects/gas-leak-guardian-self-test-routine","public","failed","False","https://github.com/OpenMakerProjects/gas-leak-guardian-self-test-routine","Could not create OpenMakerProjects/gas-leak-guardian-self-test-routine
GraphQL: You have created too many repositories, too quickly. Please try again later. (createRepository)","2026-10-02T15:53:50.6344217+05:30"
"1014","gas-leak-guardian-evacuation-guidance","OpenMakerProjects/gas-leak-guardian-evacuation-guidance","public","failed","False","https://github.com/OpenMakerProjects/gas-leak-guardian-evacuation-guidance","Could not create OpenMakerProjects/gas-leak-guardian-evacuation-guidance
GraphQL: You have created too many repositories, too quickly. Please try again later. (createRepository)","2026-10-02T15:53:53.6115862+05:30"
"1015","gas-leak-guardian-incident-logging","OpenMakerProjects/gas-leak-guardian-incident-logging","public","failed","False","https://github.com/OpenMakerProjects/gas-leak-guardian-incident-logging","Could not create OpenMakerProjects/gas-leak-guardian-incident-logging
GraphQL: You have created too many repositories, too quickly. Please try again later. (createRepository)","2026-10-02T15:53:56.3700684+05:30"
"1016","gas-leak-guardian-battery-backup","OpenMakerProjects/gas-leak-guardian-battery-backup","public","failed","False","https://github.com/OpenMakerProjects/gas-leak-guardian-battery-backup","Could not create OpenMakerProjects/gas-leak-guardian-battery-backup
GraphQL: You have created too many repositories, too quickly. Please try again later. (createRepository)","2026-10-02T15:53:59.1903430+05:30"
"1017","gas-leak-guardian-location-reporting","OpenMakerProjects/gas-leak-guardian-location-reporting","public","failed","False","https://github.com/OpenMakerProjects/gas-leak-guardian-location-reporting","Could not create OpenMakerProjects/gas-leak-guardian-location-reporting
GraphQL: You have created too many repositories, too quickly. Please try again later. (createRepository)","2026-10-02T15:54:01.9041193+05:30"
"1018","gas-leak-guardian-wearable-haptics","OpenMakerProjects/gas-leak-guardian-wearable-haptics","public","failed","False","https://github.com/OpenMakerProjects/gas-leak-guardian-wearable-haptics","Could not create OpenMakerProjects/gas-leak-guardian-wearable-haptics
GraphQL: You have created too many repositories, too quickly. Please try again later. (createRepository)","2026-10-02T15:54:04.5915711+05:30"
"1019","gas-leak-guardian-access-interlock","OpenMakerProjects/gas-leak-guardian-access-interlock","public","failed","False","https://github.com/OpenMakerProjects/gas-leak-guardian-access-interlock","Could not create OpenMakerProjects/gas-leak-guardian-access-interlock
GraphQL: You have created too many repositories, too quickly. Please try again later. (createRepository)","2026-10-02T15:54:07.1287676+05:30"
"1020","gas-leak-guardian-drill-analytics","OpenMakerProjects/gas-leak-guardian-drill-analytics","public","failed","False","https://github.com/OpenMakerProjects/gas-leak-guardian-drill-analytics","Could not create OpenMakerProjects/gas-leak-guardian-drill-analytics
GraphQL: You have created too many repositories, too quickly. Please try again later. (createRepository)","2026-10-02T15:54:10.4848799+05:30"
"1021","fire-exit-monitor-multi-sensor-alarm","OpenMakerProjects/fire-exit-monitor-multi-sensor-alarm","public","failed","False","https://github.com/OpenMakerProjects/fire-exit-monitor-multi-sensor-alarm","Could not create OpenMakerProjects/fire-exit-monitor-multi-sensor-alarm
GraphQL: You have created too many repositories, too quickly. Please try again later. (createRepository)","2026-10-02T15:54:13.5863006+05:30"
"1022","fire-exit-monitor-escalation-messaging","OpenMakerProjects/fire-exit-monitor-escalation-messaging","public","failed","False","https://github.com/OpenMakerProjects/fire-exit-monitor-escalation-messaging","Could not create OpenMakerProjects/fire-exit-monitor-escalation-messaging
GraphQL: You have created too many repositories, too quickly. Please try again later. (createRepository)","2026-10-02T15:54:16.3100986+05:30"
"1023","fire-exit-monitor-self-test-routine","OpenMakerProjects/fire-exit-monitor-self-test-routine","public","failed","False","https://github.com/OpenMakerProjects/fire-exit-monitor-self-test-routine","Could not create OpenMakerProjects/fire-exit-monitor-self-test-routine
GraphQL: You have created too many repositories, too quickly. Please try again later. (createRepository)","2026-10-02T15:54:19.1544672+05:30"
"1024","fire-exit-monitor-evacuation-guidance","OpenMakerProjects/fire-exit-monitor-evacuation-guidance","public","failed","False","https://github.com/OpenMakerProjects/fire-exit-monitor-evacuation-guidance","Could not create OpenMakerProjects/fire-exit-monitor-evacuation-guidance
GraphQL: You have created too many repositories, too quickly. Please try again later. (createRepository)","2026-10-02T15:54:22.5792640+05:30"
"1025","fire-exit-monitor-incident-logging","OpenMakerProjects/fire-exit-monitor-incident-logging","public","failed","False","https://github.com/OpenMakerProjects/fire-exit-monitor-incident-logging","Could not create OpenMakerProjects/fire-exit-monitor-incident-logging
GraphQL: You have created too many repositories, too quickly. Please try again later. (createRepository)","2026-10-02T15:54:25.9228910+05:30"
"1026","fire-exit-monitor-battery-backup","OpenMakerProjects/fire-exit-monitor-battery-backup","public","failed","False","https://github.com/OpenMakerProjects/fire-exit-monitor-battery-backup","Could not create OpenMakerProjects/fire-exit-monitor-battery-backup
GraphQL: You have created too many repositories, too quickly. Please try again later. (createRepository)","2026-10-02T15:54:29.1726428+05:30"
"1027","fire-exit-monitor-location-reporting","OpenMakerProjects/fire-exit-monitor-location-reporting","public","failed","False","https://github.com/OpenMakerProjects/fire-exit-monitor-location-reporting","Could not create OpenMakerProjects/fire-exit-monitor-location-reporting
GraphQL: You have created too many repositories, too quickly. Please try again later. (createRepository)","2026-10-02T15:54:31.7090305+05:30"
"1028","fire-exit-monitor-wearable-haptics","OpenMakerProjects/fire-exit-monitor-wearable-haptics","public","failed","False","https://github.com/OpenMakerProjects/fire-exit-monitor-wearable-haptics","Could not create OpenMakerProjects/fire-exit-monitor-wearable-haptics
GraphQL: You have created too many repositories, too quickly. Please try again later. (createRepository)","2026-10-02T15:54:34.5984343+05:30"
"1029","fire-exit-monitor-access-interlock","OpenMakerProjects/fire-exit-monitor-access-interlock","public","failed","False","https://github.com/OpenMakerProjects/fire-exit-monitor-access-interlock","Could not create OpenMakerProjects/fire-exit-monitor-access-interlock
GraphQL: You have created too many repositories, too quickly. Please try again later. (createRepository)","2026-10-02T15:54:37.4211660+05:30"
"1030","fire-exit-monitor-drill-analytics","OpenMakerProjects/fire-exit-monitor-drill-analytics","public","failed","False","https://github.com/OpenMakerProjects/fire-exit-monitor-drill-analytics","Could not create OpenMakerProjects/fire-exit-monitor-drill-analytics
GraphQL: You have created too many repositories, too quickly. Please try again later. (createRepository)","2026-10-02T15:54:40.2318963+05:30"
"1031","construction-helmet-node-multi-sensor-alarm","OpenMakerProjects/construction-helmet-node-multi-sensor-alarm","public","failed","False","https://github.com/OpenMakerProjects/construction-helmet-node-multi-sensor-alarm","Could not create OpenMakerProjects/construction-helmet-node-multi-sensor-alarm
GraphQL: You have created too many repositories, too quickly. Please try again later. (createRepository)","2026-10-02T15:54:43.5137852+05:30"
"1032","construction-helmet-node-escalation-messaging","OpenMakerProjects/construction-helmet-node-escalation-messaging","public","failed","False","https://github.com/OpenMakerProjects/construction-helmet-node-escalation-messaging","Could not create OpenMakerProjects/construction-helmet-node-escalation-messaging
GraphQL: You have created too many repositories, too quickly. Please try again later. (createRepository)","2026-10-02T15:54:46.1024961+05:30"
"1033","construction-helmet-node-self-test-routine","OpenMakerProjects/construction-helmet-node-self-test-routine","public","failed","False","https://github.com/OpenMakerProjects/construction-helmet-node-self-test-routine","Could not create OpenMakerProjects/construction-helmet-node-self-test-routine
GraphQL: You have created too many repositories, too quickly. Please try again later. (createRepository)","2026-10-02T15:54:48.8703885+05:30"
"1034","construction-helmet-node-evacuation-guidance","OpenMakerProjects/construction-helmet-node-evacuation-guidance","public","failed","False","https://github.com/OpenMakerProjects/construction-helmet-node-evacuation-guidance","Could not create OpenMakerProjects/construction-helmet-node-evacuation-guidance
GraphQL: You have created too many repositories, too quickly. Please try again later. (createRepository)","2026-10-02T15:54:51.4376553+05:30"
"1035","construction-helmet-node-incident-logging","OpenMakerProjects/construction-helmet-node-incident-logging","public","failed","False","https://github.com/OpenMakerProjects/construction-helmet-node-incident-logging","Could not create OpenMakerProjects/construction-helmet-node-incident-logging
GraphQL: You have created too many repositories, too quickly. Please try again later. (createRepository)","2026-10-02T15:54:54.1763517+05:30"
"1036","construction-helmet-node-battery-backup","OpenMakerProjects/construction-helmet-node-battery-backup","public","failed","False","https://github.com/OpenMakerProjects/construction-helmet-node-battery-backup","Could not create OpenMakerProjects/construction-helmet-node-battery-backup
GraphQL: You have created too many repositories, too quickly. Please try again later. (createRepository)","2026-10-02T15:54:56.9082251+05:30"
"1037","construction-helmet-node-location-reporting","OpenMakerProjects/construction-helmet-node-location-reporting","public","failed","False","https://github.com/OpenMakerProjects/construction-helmet-node-location-reporting","Could not create OpenMakerProjects/construction-helmet-node-location-reporting
GraphQL: You have created too many repositories, too quickly. Please try again later. (createRepository)","2026-10-02T15:54:59.4217638+05:30"
"1038","construction-helmet-node-wearable-haptics","OpenMakerProjects/construction-helmet-node-wearable-haptics","public","failed","False","https://github.com/OpenMakerProjects/construction-helmet-node-wearable-haptics","Could not create OpenMakerProjects/construction-helmet-node-wearable-haptics
GraphQL: You have created too many repositories, too quickly. Please try again later. (createRepository)","2026-10-02T15:55:02.6553742+05:30"
"1039","construction-helmet-node-access-interlock","OpenMakerProjects/construction-helmet-node-access-interlock","public","failed","False","https://github.com/OpenMakerProjects/construction-helmet-node-access-interlock","Could not create OpenMakerProjects/construction-helmet-node-access-interlock
GraphQL: You have created too many repositories, too quickly. Please try again later. (createRepository)","2026-10-02T15:55:05.3806481+05:30"
"1040","construction-helmet-node-drill-analytics","OpenMakerProjects/construction-helmet-node-drill-analytics","public","failed","False","https://github.com/OpenMakerProjects/construction-helmet-node-drill-analytics","Could not create OpenMakerProjects/construction-helmet-node-drill-analytics
GraphQL: You have created too many repositories, too quickly. Please try again later. (createRepository)","2026-10-02T15:55:08.7680024+05:30"
"1041","heat-stress-badge-multi-sensor-alarm","OpenMakerProjects/heat-stress-badge-multi-sensor-alarm","public","failed","False","https://github.com/OpenMakerProjects/heat-stress-badge-multi-sensor-alarm","Could not create OpenMakerProjects/heat-stress-badge-multi-sensor-alarm
GraphQL: You have created too many repositories, too quickly. Please try again later. (createRepository)","2026-10-02T15:55:11.7901120+05:30"
"1042","heat-stress-badge-escalation-messaging","OpenMakerProjects/heat-stress-badge-escalation-messaging","public","failed","False","https://github.com/OpenMakerProjects/heat-stress-badge-escalation-messaging","Could not create OpenMakerProjects/heat-stress-badge-escalation-messaging
GraphQL: You have created too many repositories, too quickly. Please try again later. (createRepository)","2026-10-02T15:55:14.5801245+05:30"
"1043","heat-stress-badge-self-test-routine","OpenMakerProjects/heat-stress-badge-self-test-routine","public","failed","False","https://github.com/OpenMakerProjects/heat-stress-badge-self-test-routine","Could not create OpenMakerProjects/heat-stress-badge-self-test-routine
GraphQL: You have created too many repositories, too quickly. Please try again later. (createRepository)","2026-10-02T15:55:17.3746071+05:30"
"1044","heat-stress-badge-evacuation-guidance","OpenMakerProjects/heat-stress-badge-evacuation-guidance","public","failed","False","https://github.com/OpenMakerProjects/heat-stress-badge-evacuation-guidance","Could not create OpenMakerProjects/heat-stress-badge-evacuation-guidance
GraphQL: You have created too many repositories, too quickly. Please try again later. (createRepository)","2026-10-02T15:55:20.7868519+05:30"
"1045","heat-stress-badge-incident-logging","OpenMakerProjects/heat-stress-badge-incident-logging","public","failed","False","https://github.com/OpenMakerProjects/heat-stress-badge-incident-logging","Could not create OpenMakerProjects/heat-stress-badge-incident-logging
GraphQL: You have created too many repositories, too quickly. Please try again later. (createRepository)","2026-10-02T15:55:23.5781588+05:30"
"1046","heat-stress-badge-battery-backup","OpenMakerProjects/heat-stress-badge-battery-backup","public","failed","False","https://github.com/OpenMakerProjects/heat-stress-badge-battery-backup","Could not create OpenMakerProjects/heat-stress-badge-battery-backup
GraphQL: You have created too many repositories, too quickly. Please try again later. (createRepository)","2026-10-02T15:55:26.2077105+05:30"
"1047","heat-stress-badge-location-reporting","OpenMakerProjects/heat-stress-badge-location-reporting","public","failed","False","https://github.com/OpenMakerProjects/heat-stress-badge-location-reporting","Could not create OpenMakerProjects/heat-stress-badge-location-reporting
GraphQL: You have created too many repositories, too quickly. Please try again later. (createRepository)","2026-10-02T15:55:29.0923432+05:30"
"1048","heat-stress-badge-wearable-haptics","OpenMakerProjects/heat-stress-badge-wearable-haptics","public","failed","False","https://github.com/OpenMakerProjects/heat-stress-badge-wearable-haptics","Could not create OpenMakerProjects/heat-stress-badge-wearable-haptics
GraphQL: You have created too many repositories, too quickly. Please try again later. (createRepository)","2026-10-02T15:55:32.1290101+05:30"
"1049","heat-stress-badge-access-interlock","OpenMakerProjects/heat-stress-badge-access-interlock","public","failed","False","https://github.com/OpenMakerProjects/heat-stress-badge-access-interlock","Could not create OpenMakerProjects/heat-stress-badge-access-interlock
GraphQL: You have created too many repositories, too quickly. Please try again later. (createRepository)","2026-10-02T15:55:35.3085614+05:30"
"1050","heat-stress-badge-drill-analytics","OpenMakerProjects/heat-stress-badge-drill-analytics","public","failed","False","https://github.com/OpenMakerProjects/heat-stress-badge-drill-analytics","Could not create OpenMakerProjects/heat-stress-badge-drill-analytics
GraphQL: You have created too many repositories, too quickly. Please try again later. (createRepository)","2026-10-02T15:55:38.3729103+05:30"
"1051","confined-space-monitor-multi-sensor-alarm","OpenMakerProjects/confined-space-monitor-multi-sensor-alarm","public","failed","False","https://github.com/OpenMakerProjects/confined-space-monitor-multi-sensor-alarm","Could not create OpenMakerProjects/confined-space-monitor-multi-sensor-alarm
GraphQL: You have created too many repositories, too quickly. Please try again later. (createRepository)","2026-10-02T15:55:41.3577148+05:30"
"1052","confined-space-monitor-escalation-messaging","OpenMakerProjects/confined-space-monitor-escalation-messaging","public","failed","False","https://github.com/OpenMakerProjects/confined-space-monitor-escalation-messaging","Could not create OpenMakerProjects/confined-space-monitor-escalation-messaging
GraphQL: You have created too many repositories, too quickly. Please try again later. (createRepository)","2026-10-02T15:55:44.2287157+05:30"
"1053","confined-space-monitor-self-test-routine","OpenMakerProjects/confined-space-monitor-self-test-routine","public","failed","False","https://github.com/OpenMakerProjects/confined-space-monitor-self-test-routine","Could not create OpenMakerProjects/confined-space-monitor-self-test-routine
GraphQL: You have created too many repositories, too quickly. Please try again later. (createRepository)","2026-10-02T15:55:47.1225261+05:30"
"1054","confined-space-monitor-evacuation-guidance","OpenMakerProjects/confined-space-monitor-evacuation-guidance","public","failed","False","https://github.com/OpenMakerProjects/confined-space-monitor-evacuation-guidance","Could not create OpenMakerProjects/confined-space-monitor-evacuation-guidance
GraphQL: You have created too many repositories, too quickly. Please try again later. (createRepository)","2026-10-02T15:55:50.0543729+05:30"
"1055","confined-space-monitor-incident-logging","OpenMakerProjects/confined-space-monitor-incident-logging","public","failed","False","https://github.com/OpenMakerProjects/confined-space-monitor-incident-logging","Could not create OpenMakerProjects/confined-space-monitor-incident-logging
GraphQL: You have created too many repositories, too quickly. Please try again later. (createRepository)","2026-10-02T15:55:53.1927807+05:30"
"1056","confined-space-monitor-battery-backup","OpenMakerProjects/confined-space-monitor-battery-backup","public","failed","False","https://github.com/OpenMakerProjects/confined-space-monitor-battery-backup","Could not create OpenMakerProjects/confined-space-monitor-battery-backup
GraphQL: You have created too many repositories, too quickly. Please try again later. (createRepository)","2026-10-02T15:55:56.3967453+05:30"
"1057","confined-space-monitor-location-reporting","OpenMakerProjects/confined-space-monitor-location-reporting","public","failed","False","https://github.com/OpenMakerProjects/confined-space-monitor-location-reporting","Could not create OpenMakerProjects/confined-space-monitor-location-reporting
GraphQL: You have created too many repositories, too quickly. Please try again later. (createRepository)","2026-10-02T15:55:59.4347742+05:30"
"1058","confined-space-monitor-wearable-haptics","OpenMakerProjects/confined-space-monitor-wearable-haptics","public","failed","False","https://github.com/OpenMakerProjects/confined-space-monitor-wearable-haptics","Could not create OpenMakerProjects/confined-space-monitor-wearable-haptics
GraphQL: You have created too many repositories, too quickly. Please try again later. (createRepository)","2026-10-02T15:56:02.4353653+05:30"
"1059","confined-space-monitor-access-interlock","OpenMakerProjects/confined-space-monitor-access-interlock","public","failed","False","https://github.com/OpenMakerProjects/confined-space-monitor-access-interlock","Could not create OpenMakerProjects/confined-space-monitor-access-interlock
GraphQL: You have created too many repositories, too quickly. Please try again later. (createRepository)","2026-10-02T15:56:05.3698857+05:30"
"1060","confined-space-monitor-drill-analytics","OpenMakerProjects/confined-space-monitor-drill-analytics","public","failed","False","https://github.com/OpenMakerProjects/confined-space-monitor-drill-analytics","Could not create OpenMakerProjects/confined-space-monitor-drill-analytics
GraphQL: You have created too many repositories, too quickly. Please try again later. (createRepository)","2026-10-02T15:56:08.4123985+05:30"
"1061","lone-worker-beacon-multi-sensor-alarm","OpenMakerProjects/lone-worker-beacon-multi-sensor-alarm","public","failed","False","https://github.com/OpenMakerProjects/lone-worker-beacon-multi-sensor-alarm","Could not create OpenMakerProjects/lone-worker-beacon-multi-sensor-alarm
GraphQL: You have created too many repositories, too quickly. Please try again later. (createRepository)","2026-10-02T15:56:11.1199474+05:30"
"1062","lone-worker-beacon-escalation-messaging","OpenMakerProjects/lone-worker-beacon-escalation-messaging","public","failed","False","https://github.com/OpenMakerProjects/lone-worker-beacon-escalation-messaging","Could not create OpenMakerProjects/lone-worker-beacon-escalation-messaging
GraphQL: You have created too many repositories, too quickly. Please try again later. (createRepository)","2026-10-02T15:56:13.8978266+05:30"
"1063","lone-worker-beacon-self-test-routine","OpenMakerProjects/lone-worker-beacon-self-test-routine","public","failed","False","https://github.com/OpenMakerProjects/lone-worker-beacon-self-test-routine","Could not create OpenMakerProjects/lone-worker-beacon-self-test-routine
GraphQL: You have created too many repositories, too quickly. Please try again later. (createRepository)","2026-10-02T15:56:16.7582073+05:30"
"1064","lone-worker-beacon-evacuation-guidance","OpenMakerProjects/lone-worker-beacon-evacuation-guidance","public","failed","False","https://github.com/OpenMakerProjects/lone-worker-beacon-evacuation-guidance","Could not create OpenMakerProjects/lone-worker-beacon-evacuation-guidance
GraphQL: You have created too many repositories, too quickly. Please try again later. (createRepository)","2026-10-02T15:56:19.7492748+05:30"
"1065","lone-worker-beacon-incident-logging","OpenMakerProjects/lone-worker-beacon-incident-logging","public","failed","False","https://github.com/OpenMakerProjects/lone-worker-beacon-incident-logging","Could not create OpenMakerProjects/lone-worker-beacon-incident-logging
GraphQL: You have created too many repositories, too quickly. Please try again later. (createRepository)","2026-10-02T15:56:22.7907583+05:30"
"1066","lone-worker-beacon-battery-backup","OpenMakerProjects/lone-worker-beacon-battery-backup","public","failed","False","https://github.com/OpenMakerProjects/lone-worker-beacon-battery-backup","Could not create OpenMakerProjects/lone-worker-beacon-battery-backup
GraphQL: You have created too many repositories, too quickly. Please try again later. (createRepository)","2026-10-02T15:56:25.5329815+05:30"
"1067","lone-worker-beacon-location-reporting","OpenMakerProjects/lone-worker-beacon-location-reporting","public","failed","False","https://github.com/OpenMakerProjects/lone-worker-beacon-location-reporting","Could not create OpenMakerProjects/lone-worker-beacon-location-reporting
GraphQL: You have created too many repositories, too quickly. Please try again later. (createRepository)","2026-10-02T15:56:28.3782883+05:30"
"1068","lone-worker-beacon-wearable-haptics","OpenMakerProjects/lone-worker-beacon-wearable-haptics","public","failed","False","https://github.com/OpenMakerProjects/lone-worker-beacon-wearable-haptics","Could not create OpenMakerProjects/lone-worker-beacon-wearable-haptics
GraphQL: You have created too many repositories, too quickly. Please try again later. (createRepository)","2026-10-02T15:56:31.1598616+05:30"
"1069","lone-worker-beacon-access-interlock","OpenMakerProjects/lone-worker-beacon-access-interlock","public","failed","False","https://github.com/OpenMakerProjects/lone-worker-beacon-access-interlock","Could not create OpenMakerProjects/lone-worker-beacon-access-interlock
GraphQL: You have created too many repositories, too quickly. Please try again later. (createRepository)","2026-10-02T15:56:33.9931218+05:30"
"1070","lone-worker-beacon-drill-analytics","OpenMakerProjects/lone-worker-beacon-drill-analytics","public","failed","False","https://github.com/OpenMakerProjects/lone-worker-beacon-drill-analytics","Could not create OpenMakerProjects/lone-worker-beacon-drill-analytics
GraphQL: You have created too many repositories, too quickly. Please try again later. (createRepository)","2026-10-02T15:56:37.1883919+05:30"
"1071","machine-guard-sensor-multi-sensor-alarm","OpenMakerProjects/machine-guard-sensor-multi-sensor-alarm","public","failed","False","https://github.com/OpenMakerProjects/machine-guard-sensor-multi-sensor-alarm","Could not create OpenMakerProjects/machine-guard-sensor-multi-sensor-alarm
GraphQL: You have created too many repositories, too quickly. Please try again later. (createRepository)","2026-10-02T15:56:39.9097846+05:30"
"1072","machine-guard-sensor-escalation-messaging","OpenMakerProjects/machine-guard-sensor-escalation-messaging","public","failed","False","https://github.com/OpenMakerProjects/machine-guard-sensor-escalation-messaging","Could not create OpenMakerProjects/machine-guard-sensor-escalation-messaging
GraphQL: You have created too many repositories, too quickly. Please try again later. (createRepository)","2026-10-02T15:56:42.5033343+05:30"
"1073","machine-guard-sensor-self-test-routine","OpenMakerProjects/machine-guard-sensor-self-test-routine","public","failed","False","https://github.com/OpenMakerProjects/machine-guard-sensor-self-test-routine","Could not create OpenMakerProjects/machine-guard-sensor-self-test-routine
GraphQL: You have created too many repositories, too quickly. Please try again later. (createRepository)","2026-10-02T15:56:45.3517921+05:30"
"1074","machine-guard-sensor-evacuation-guidance","OpenMakerProjects/machine-guard-sensor-evacuation-guidance","public","failed","False","https://github.com/OpenMakerProjects/machine-guard-sensor-evacuation-guidance","Could not create OpenMakerProjects/machine-guard-sensor-evacuation-guidance
GraphQL: You have created too many repositories, too quickly. Please try again later. (createRepository)","2026-10-02T15:56:48.1841161+05:30"
"1075","machine-guard-sensor-incident-logging","OpenMakerProjects/machine-guard-sensor-incident-logging","public","failed","False","https://github.com/OpenMakerProjects/machine-guard-sensor-incident-logging","Could not create OpenMakerProjects/machine-guard-sensor-incident-logging
GraphQL: You have created too many repositories, too quickly. Please try again later. (createRepository)","2026-10-02T15:56:50.9548876+05:30"
"1076","machine-guard-sensor-battery-backup","OpenMakerProjects/machine-guard-sensor-battery-backup","public","failed","False","https://github.com/OpenMakerProjects/machine-guard-sensor-battery-backup","Could not create OpenMakerProjects/machine-guard-sensor-battery-backup
GraphQL: You have created too many repositories, too quickly. Please try again later. (createRepository)","2026-10-02T15:56:53.7465258+05:30"
"1077","machine-guard-sensor-location-reporting","OpenMakerProjects/machine-guard-sensor-location-reporting","public","failed","False","https://github.com/OpenMakerProjects/machine-guard-sensor-location-reporting","Could not create OpenMakerProjects/machine-guard-sensor-location-reporting
GraphQL: You have created too many repositories, too quickly. Please try again later. (createRepository)","2026-10-02T15:56:56.9888432+05:30"
"1078","machine-guard-sensor-wearable-haptics","OpenMakerProjects/machine-guard-sensor-wearable-haptics","public","failed","False","https://github.com/OpenMakerProjects/machine-guard-sensor-wearable-haptics","Could not create OpenMakerProjects/machine-guard-sensor-wearable-haptics
GraphQL: You have created too many repositories, too quickly. Please try again later. (createRepository)","2026-10-02T15:57:00.1478377+05:30"
"1079","machine-guard-sensor-access-interlock","OpenMakerProjects/machine-guard-sensor-access-interlock","public","failed","False","https://github.com/OpenMakerProjects/machine-guard-sensor-access-interlock","Could not create OpenMakerProjects/machine-guard-sensor-access-interlock
GraphQL: You have created too many repositories, too quickly. Please try again later. (createRepository)","2026-10-02T15:57:03.2658720+05:30"
"1080","machine-guard-sensor-drill-analytics","OpenMakerProjects/machine-guard-sensor-drill-analytics","public","failed","False","https://github.com/OpenMakerProjects/machine-guard-sensor-drill-analytics","Could not create OpenMakerProjects/machine-guard-sensor-drill-analytics
GraphQL: You have created too many repositories, too quickly. Please try again later. (createRepository)","2026-10-02T15:57:06.5482966+05:30"
"1081","chemical-cabinet-monitor-multi-sensor-alarm","OpenMakerProjects/chemical-cabinet-monitor-multi-sensor-alarm","public","failed","False","https://github.com/OpenMakerProjects/chemical-cabinet-monitor-multi-sensor-alarm","Could not create OpenMakerProjects/chemical-cabinet-monitor-multi-sensor-alarm
GraphQL: You have created too many repositories, too quickly. Please try again later. (createRepository)","2026-10-02T15:57:10.0486849+05:30"
"1082","chemical-cabinet-monitor-escalation-messaging","OpenMakerProjects/chemical-cabinet-monitor-escalation-messaging","public","failed","False","https://github.com/OpenMakerProjects/chemical-cabinet-monitor-escalation-messaging","Could not create OpenMakerProjects/chemical-cabinet-monitor-escalation-messaging
GraphQL: You have created too many repositories, too quickly. Please try again later. (createRepository)","2026-10-02T15:57:13.3534361+05:30"
"1083","chemical-cabinet-monitor-self-test-routine","OpenMakerProjects/chemical-cabinet-monitor-self-test-routine","public","failed","False","https://github.com/OpenMakerProjects/chemical-cabinet-monitor-self-test-routine","Could not create OpenMakerProjects/chemical-cabinet-monitor-self-test-routine
GraphQL: You have created too many repositories, too quickly. Please try again later. (createRepository)","2026-10-02T15:57:16.5853924+05:30"
"1084","chemical-cabinet-monitor-evacuation-guidance","OpenMakerProjects/chemical-cabinet-monitor-evacuation-guidance","public","failed","False","https://github.com/OpenMakerProjects/chemical-cabinet-monitor-evacuation-guidance","Could not create OpenMakerProjects/chemical-cabinet-monitor-evacuation-guidance
GraphQL: You have created too many repositories, too quickly. Please try again later. (createRepository)","2026-10-02T15:57:19.6357322+05:30"
"1085","chemical-cabinet-monitor-incident-logging","OpenMakerProjects/chemical-cabinet-monitor-incident-logging","public","failed","False","https://github.com/OpenMakerProjects/chemical-cabinet-monitor-incident-logging","Could not create OpenMakerProjects/chemical-cabinet-monitor-incident-logging
GraphQL: You have created too many repositories, too quickly. Please try again later. (createRepository)","2026-10-02T15:57:22.7031096+05:30"
"1086","chemical-cabinet-monitor-battery-backup","OpenMakerProjects/chemical-cabinet-monitor-battery-backup","public","failed","False","https://github.com/OpenMakerProjects/chemical-cabinet-monitor-battery-backup","Could not create OpenMakerProjects/chemical-cabinet-monitor-battery-backup
GraphQL: You have created too many repositories, too quickly. Please try again later. (createRepository)","2026-10-02T15:57:25.7058016+05:30"
"1087","chemical-cabinet-monitor-location-reporting","OpenMakerProjects/chemical-cabinet-monitor-location-reporting","public","failed","False","https://github.com/OpenMakerProjects/chemical-cabinet-monitor-location-reporting","Could not create OpenMakerProjects/chemical-cabinet-monitor-location-reporting
GraphQL: You have created too many repositories, too quickly. Please try again later. (createRepository)","2026-10-02T15:57:28.7336263+05:30"
"1088","chemical-cabinet-monitor-wearable-haptics","OpenMakerProjects/chemical-cabinet-monitor-wearable-haptics","public","failed","False","https://github.com/OpenMakerProjects/chemical-cabinet-monitor-wearable-haptics","Could not create OpenMakerProjects/chemical-cabinet-monitor-wearable-haptics
GraphQL: You have created too many repositories, too quickly. Please try again later. (createRepository)","2026-10-02T15:57:31.7417381+05:30"
"1089","chemical-cabinet-monitor-access-interlock","OpenMakerProjects/chemical-cabinet-monitor-access-interlock","public","failed","False","https://github.com/OpenMakerProjects/chemical-cabinet-monitor-access-interlock","Could not create OpenMakerProjects/chemical-cabinet-monitor-access-interlock
GraphQL: You have created too many repositories, too quickly. Please try again later. (createRepository)","2026-10-02T15:57:34.8082640+05:30"
"1090","chemical-cabinet-monitor-drill-analytics","OpenMakerProjects/chemical-cabinet-monitor-drill-analytics","public","failed","False","https://github.com/OpenMakerProjects/chemical-cabinet-monitor-drill-analytics","Could not create OpenMakerProjects/chemical-cabinet-monitor-drill-analytics
GraphQL: You have created too many repositories, too quickly. Please try again later. (createRepository)","2026-10-02T15:57:38.1172707+05:30"
"1091","emergency-muster-counter-multi-sensor-alarm","OpenMakerProjects/emergency-muster-counter-multi-sensor-alarm","public","failed","False","https://github.com/OpenMakerProjects/emergency-muster-counter-multi-sensor-alarm","Could not create OpenMakerProjects/emergency-muster-counter-multi-sensor-alarm
GraphQL: You have created too many repositories, too quickly. Please try again later. (createRepository)","2026-10-02T15:57:41.5631978+05:30"
"1092","emergency-muster-counter-escalation-messaging","OpenMakerProjects/emergency-muster-counter-escalation-messaging","public","failed","False","https://github.com/OpenMakerProjects/emergency-muster-counter-escalation-messaging","Could not create OpenMakerProjects/emergency-muster-counter-escalation-messaging
GraphQL: You have created too many repositories, too quickly. Please try again later. (createRepository)","2026-10-02T15:57:47.2073121+05:30"
"1093","emergency-muster-counter-self-test-routine","OpenMakerProjects/emergency-muster-counter-self-test-routine","public","failed","False","https://github.com/OpenMakerProjects/emergency-muster-counter-self-test-routine","Could not create OpenMakerProjects/emergency-muster-counter-self-test-routine
GraphQL: You have created too many repositories, too quickly. Please try again later. (createRepository)","2026-10-02T15:57:50.5440487+05:30"
"1094","emergency-muster-counter-evacuation-guidance","OpenMakerProjects/emergency-muster-counter-evacuation-guidance","public","failed","False","https://github.com/OpenMakerProjects/emergency-muster-counter-evacuation-guidance","Could not create OpenMakerProjects/emergency-muster-counter-evacuation-guidance
GraphQL: You have created too many repositories, too quickly. Please try again later. (createRepository)","2026-10-02T15:57:54.2485530+05:30"
"1095","emergency-muster-counter-incident-logging","OpenMakerProjects/emergency-muster-counter-incident-logging","public","failed","False","https://github.com/OpenMakerProjects/emergency-muster-counter-incident-logging","Could not create OpenMakerProjects/emergency-muster-counter-incident-logging
GraphQL: You have created too many repositories, too quickly. Please try again later. (createRepository)","2026-10-02T15:58:00.1304941+05:30"
"1096","emergency-muster-counter-battery-backup","OpenMakerProjects/emergency-muster-counter-battery-backup","public","failed","False","https://github.com/OpenMakerProjects/emergency-muster-counter-battery-backup","Could not create OpenMakerProjects/emergency-muster-counter-battery-backup
GraphQL: You have created too many repositories, too quickly. Please try again later. (createRepository)","2026-10-02T15:58:03.1498037+05:30"
"1097","emergency-muster-counter-location-reporting","OpenMakerProjects/emergency-muster-counter-location-reporting","public","failed","False","https://github.com/OpenMakerProjects/emergency-muster-counter-location-reporting","Could not create OpenMakerProjects/emergency-muster-counter-location-reporting
GraphQL: You have created too many repositories, too quickly. Please try again later. (createRepository)","2026-10-02T15:58:06.3540709+05:30"
"1098","emergency-muster-counter-wearable-haptics","OpenMakerProjects/emergency-muster-counter-wearable-haptics","public","failed","False","https://github.com/OpenMakerProjects/emergency-muster-counter-wearable-haptics","Could not create OpenMakerProjects/emergency-muster-counter-wearable-haptics
GraphQL: You have created too many repositories, too quickly. Please try again later. (createRepository)","2026-10-02T15:58:09.2232468+05:30"
"1099","emergency-muster-counter-access-interlock","OpenMakerProjects/emergency-muster-counter-access-interlock","public","failed","False","https://github.com/OpenMakerProjects/emergency-muster-counter-access-interlock","Could not create OpenMakerProjects/emergency-muster-counter-access-interlock
GraphQL: You have created too many repositories, too quickly. Please try again later. (createRepository)","2026-10-02T15:58:11.8438022+05:30"
"1100","emergency-muster-counter-drill-analytics","OpenMakerProjects/emergency-muster-counter-drill-analytics","public","failed","False","https://github.com/OpenMakerProjects/emergency-muster-counter-drill-analytics","Could not create OpenMakerProjects/emergency-muster-counter-drill-analytics
GraphQL: You have created too many repositories, too quickly. Please try again later. (createRepository)","2026-10-02T15:58:14.7192808+05:30"
"1101","door-access-terminal-rfid-access","OpenMakerProjects/door-access-terminal-rfid-access","public","failed","False","https://github.com/OpenMakerProjects/door-access-terminal-rfid-access","Could not create OpenMakerProjects/door-access-terminal-rfid-access
GraphQL: You have created too many repositories, too quickly. Please try again later. (createRepository)","2026-10-02T15:58:17.5361138+05:30"
"1102","door-access-terminal-keypad-authentication","OpenMakerProjects/door-access-terminal-keypad-authentication","public","failed","False","https://github.com/OpenMakerProjects/door-access-terminal-keypad-authentication","Could not create OpenMakerProjects/door-access-terminal-keypad-authentication
GraphQL: You have created too many repositories, too quickly. Please try again later. (createRepository)","2026-10-02T15:58:20.1427845+05:30"
"1103","door-access-terminal-camera-event-capture","OpenMakerProjects/door-access-terminal-camera-event-capture","public","failed","False","https://github.com/OpenMakerProjects/door-access-terminal-camera-event-capture","Could not create OpenMakerProjects/door-access-terminal-camera-event-capture
GraphQL: You have created too many repositories, too quickly. Please try again later. (createRepository)","2026-10-02T15:58:23.0087979+05:30"
"1104","door-access-terminal-tamper-detection","OpenMakerProjects/door-access-terminal-tamper-detection","public","failed","False","https://github.com/OpenMakerProjects/door-access-terminal-tamper-detection","Could not create OpenMakerProjects/door-access-terminal-tamper-detection
GraphQL: You have created too many repositories, too quickly. Please try again later. (createRepository)","2026-10-02T15:58:25.7734109+05:30"
"1105","door-access-terminal-audit-trail","OpenMakerProjects/door-access-terminal-audit-trail","public","failed","False","https://github.com/OpenMakerProjects/door-access-terminal-audit-trail","Could not create OpenMakerProjects/door-access-terminal-audit-trail
GraphQL: You have created too many repositories, too quickly. Please try again later. (createRepository)","2026-10-02T15:58:28.4441226+05:30"
"1106","door-access-terminal-temporary-access-codes","OpenMakerProjects/door-access-terminal-temporary-access-codes","public","failed","False","https://github.com/OpenMakerProjects/door-access-terminal-temporary-access-codes","Could not create OpenMakerProjects/door-access-terminal-temporary-access-codes
GraphQL: You have created too many repositories, too quickly. Please try again later. (createRepository)","2026-10-02T15:58:31.2042363+05:30"
"1107","door-access-terminal-silent-alerts","OpenMakerProjects/door-access-terminal-silent-alerts","public","failed","False","https://github.com/OpenMakerProjects/door-access-terminal-silent-alerts","Could not create OpenMakerProjects/door-access-terminal-silent-alerts
GraphQL: You have created too many repositories, too quickly. Please try again later. (createRepository)","2026-10-02T15:58:34.0693264+05:30"
"1108","door-access-terminal-multi-factor-entry","OpenMakerProjects/door-access-terminal-multi-factor-entry","public","failed","False","https://github.com/OpenMakerProjects/door-access-terminal-multi-factor-entry","Could not create OpenMakerProjects/door-access-terminal-multi-factor-entry
GraphQL: You have created too many repositories, too quickly. Please try again later. (createRepository)","2026-10-02T15:58:36.6981475+05:30"
"1109","door-access-terminal-offline-credential-cache","OpenMakerProjects/door-access-terminal-offline-credential-cache","public","failed","False","https://github.com/OpenMakerProjects/door-access-terminal-offline-credential-cache","Could not create OpenMakerProjects/door-access-terminal-offline-credential-cache
GraphQL: You have created too many repositories, too quickly. Please try again later. (createRepository)","2026-10-02T15:58:39.7778416+05:30"
"1110","door-access-terminal-remote-arming","OpenMakerProjects/door-access-terminal-remote-arming","public","failed","False","https://github.com/OpenMakerProjects/door-access-terminal-remote-arming","Could not create OpenMakerProjects/door-access-terminal-remote-arming
GraphQL: You have created too many repositories, too quickly. Please try again later. (createRepository)","2026-10-02T15:58:42.4794286+05:30"
"1111","window-intrusion-node-rfid-access","OpenMakerProjects/window-intrusion-node-rfid-access","public","failed","False","https://github.com/OpenMakerProjects/window-intrusion-node-rfid-access","Could not create OpenMakerProjects/window-intrusion-node-rfid-access
GraphQL: You have created too many repositories, too quickly. Please try again later. (createRepository)","2026-10-02T15:58:45.1010757+05:30"
"1112","window-intrusion-node-keypad-authentication","OpenMakerProjects/window-intrusion-node-keypad-authentication","public","failed","False","https://github.com/OpenMakerProjects/window-intrusion-node-keypad-authentication","Could not create OpenMakerProjects/window-intrusion-node-keypad-authentication
GraphQL: You have created too many repositories, too quickly. Please try again later. (createRepository)","2026-10-02T15:58:48.1018065+05:30"
"1113","window-intrusion-node-camera-event-capture","OpenMakerProjects/window-intrusion-node-camera-event-capture","public","failed","False","https://github.com/OpenMakerProjects/window-intrusion-node-camera-event-capture","Could not create OpenMakerProjects/window-intrusion-node-camera-event-capture
GraphQL: You have created too many repositories, too quickly. Please try again later. (createRepository)","2026-10-02T15:58:51.0066551+05:30"
"1114","window-intrusion-node-tamper-detection","OpenMakerProjects/window-intrusion-node-tamper-detection","public","failed","False","https://github.com/OpenMakerProjects/window-intrusion-node-tamper-detection","Could not create OpenMakerProjects/window-intrusion-node-tamper-detection
GraphQL: You have created too many repositories, too quickly. Please try again later. (createRepository)","2026-10-02T15:58:53.7583223+05:30"
"1115","window-intrusion-node-audit-trail","OpenMakerProjects/window-intrusion-node-audit-trail","public","failed","False","https://github.com/OpenMakerProjects/window-intrusion-node-audit-trail","Could not create OpenMakerProjects/window-intrusion-node-audit-trail
GraphQL: You have created too many repositories, too quickly. Please try again later. (createRepository)","2026-10-02T15:58:57.0587882+05:30"
"1116","window-intrusion-node-temporary-access-codes","OpenMakerProjects/window-intrusion-node-temporary-access-codes","public","failed","False","https://github.com/OpenMakerProjects/window-intrusion-node-temporary-access-codes","Could not create OpenMakerProjects/window-intrusion-node-temporary-access-codes
GraphQL: You have created too many repositories, too quickly. Please try again later. (createRepository)","2026-10-02T15:59:00.0985759+05:30"
"1117","window-intrusion-node-silent-alerts","OpenMakerProjects/window-intrusion-node-silent-alerts","public","failed","False","https://github.com/OpenMakerProjects/window-intrusion-node-silent-alerts","Could not create OpenMakerProjects/window-intrusion-node-silent-alerts
GraphQL: You have created too many repositories, too quickly. Please try again later. (createRepository)","2026-10-02T15:59:02.8234901+05:30"
"1118","window-intrusion-node-multi-factor-entry","OpenMakerProjects/window-intrusion-node-multi-factor-entry","public","failed","False","https://github.com/OpenMakerProjects/window-intrusion-node-multi-factor-entry","Could not create OpenMakerProjects/window-intrusion-node-multi-factor-entry
GraphQL: You have created too many repositories, too quickly. Please try again later. (createRepository)","2026-10-02T15:59:05.7008063+05:30"
"1119","window-intrusion-node-offline-credential-cache","OpenMakerProjects/window-intrusion-node-offline-credential-cache","public","failed","False","https://github.com/OpenMakerProjects/window-intrusion-node-offline-credential-cache","Could not create OpenMakerProjects/window-intrusion-node-offline-credential-cache
GraphQL: You have created too many repositories, too quickly. Please try again later. (createRepository)","2026-10-02T15:59:08.4369029+05:30"
"1120","window-intrusion-node-remote-arming","OpenMakerProjects/window-intrusion-node-remote-arming","public","failed","False","https://github.com/OpenMakerProjects/window-intrusion-node-remote-arming","Could not create OpenMakerProjects/window-intrusion-node-remote-arming
GraphQL: You have created too many repositories, too quickly. Please try again later. (createRepository)","2026-10-02T15:59:11.6117362+05:30"
"1121","parcel-box-guardian-rfid-access","OpenMakerProjects/parcel-box-guardian-rfid-access","public","failed","False","https://github.com/OpenMakerProjects/parcel-box-guardian-rfid-access","Could not create OpenMakerProjects/parcel-box-guardian-rfid-access
GraphQL: You have created too many repositories, too quickly. Please try again later. (createRepository)","2026-10-02T15:59:14.5359031+05:30"
"1122","parcel-box-guardian-keypad-authentication","OpenMakerProjects/parcel-box-guardian-keypad-authentication","public","failed","False","https://github.com/OpenMakerProjects/parcel-box-guardian-keypad-authentication","Could not create OpenMakerProjects/parcel-box-guardian-keypad-authentication
GraphQL: You have created too many repositories, too quickly. Please try again later. (createRepository)","2026-10-02T15:59:17.4059369+05:30"
"1123","parcel-box-guardian-camera-event-capture","OpenMakerProjects/parcel-box-guardian-camera-event-capture","public","failed","False","https://github.com/OpenMakerProjects/parcel-box-guardian-camera-event-capture","Could not create OpenMakerProjects/parcel-box-guardian-camera-event-capture
GraphQL: You have created too many repositories, too quickly. Please try again later. (createRepository)","2026-10-02T15:59:20.4586063+05:30"
"1124","parcel-box-guardian-tamper-detection","OpenMakerProjects/parcel-box-guardian-tamper-detection","public","failed","False","https://github.com/OpenMakerProjects/parcel-box-guardian-tamper-detection","Could not create OpenMakerProjects/parcel-box-guardian-tamper-detection
GraphQL: You have created too many repositories, too quickly. Please try again later. (createRepository)","2026-10-02T15:59:23.4491078+05:30"
"1125","parcel-box-guardian-audit-trail","OpenMakerProjects/parcel-box-guardian-audit-trail","public","failed","False","https://github.com/OpenMakerProjects/parcel-box-guardian-audit-trail","Could not create OpenMakerProjects/parcel-box-guardian-audit-trail
GraphQL: You have created too many repositories, too quickly. Please try again later. (createRepository)","2026-10-02T15:59:26.8462400+05:30"
"1126","parcel-box-guardian-temporary-access-codes","OpenMakerProjects/parcel-box-guardian-temporary-access-codes","public","failed","False","https://github.com/OpenMakerProjects/parcel-box-guardian-temporary-access-codes","Could not create OpenMakerProjects/parcel-box-guardian-temporary-access-codes
GraphQL: You have created too many repositories, too quickly. Please try again later. (createRepository)","2026-10-02T15:59:29.7050796+05:30"
"1127","parcel-box-guardian-silent-alerts","OpenMakerProjects/parcel-box-guardian-silent-alerts","public","failed","False","https://github.com/OpenMakerProjects/parcel-box-guardian-silent-alerts","Could not create OpenMakerProjects/parcel-box-guardian-silent-alerts
GraphQL: You have created too many repositories, too quickly. Please try again later. (createRepository)","2026-10-02T15:59:32.7704277+05:30"
"1128","parcel-box-guardian-multi-factor-entry","OpenMakerProjects/parcel-box-guardian-multi-factor-entry","public","failed","False","https://github.com/OpenMakerProjects/parcel-box-guardian-multi-factor-entry","Could not create OpenMakerProjects/parcel-box-guardian-multi-factor-entry
GraphQL: You have created too many repositories, too quickly. Please try again later. (createRepository)","2026-10-02T15:59:35.6285102+05:30"
"1129","parcel-box-guardian-offline-credential-cache","OpenMakerProjects/parcel-box-guardian-offline-credential-cache","public","failed","False","https://github.com/OpenMakerProjects/parcel-box-guardian-offline-credential-cache","Could not create OpenMakerProjects/parcel-box-guardian-offline-credential-cache
GraphQL: You have created too many repositories, too quickly. Please try again later. (createRepository)","2026-10-02T15:59:38.2957141+05:30"
"1130","parcel-box-guardian-remote-arming","OpenMakerProjects/parcel-box-guardian-remote-arming","public","failed","False","https://github.com/OpenMakerProjects/parcel-box-guardian-remote-arming","Could not create OpenMakerProjects/parcel-box-guardian-remote-arming
GraphQL: You have created too many repositories, too quickly. Please try again later. (createRepository)","2026-10-02T15:59:40.8491523+05:30"
"1131","workshop-tool-tracker-rfid-access","OpenMakerProjects/workshop-tool-tracker-rfid-access","public","failed","False","https://github.com/OpenMakerProjects/workshop-tool-tracker-rfid-access","Could not create OpenMakerProjects/workshop-tool-tracker-rfid-access
GraphQL: You have created too many repositories, too quickly. Please try again later. (createRepository)","2026-10-02T15:59:43.6795842+05:30"
"1132","workshop-tool-tracker-keypad-authentication","OpenMakerProjects/workshop-tool-tracker-keypad-authentication","public","failed","False","https://github.com/OpenMakerProjects/workshop-tool-tracker-keypad-authentication","Could not create OpenMakerProjects/workshop-tool-tracker-keypad-authentication
GraphQL: You have created too many repositories, too quickly. Please try again later. (createRepository)","2026-10-02T15:59:47.1388054+05:30"
"1133","workshop-tool-tracker-camera-event-capture","OpenMakerProjects/workshop-tool-tracker-camera-event-capture","public","failed","False","https://github.com/OpenMakerProjects/workshop-tool-tracker-camera-event-capture","Could not create OpenMakerProjects/workshop-tool-tracker-camera-event-capture
GraphQL: You have created too many repositories, too quickly. Please try again later. (createRepository)","2026-10-02T15:59:50.4064996+05:30"
"1134","workshop-tool-tracker-tamper-detection","OpenMakerProjects/workshop-tool-tracker-tamper-detection","public","failed","False","https://github.com/OpenMakerProjects/workshop-tool-tracker-tamper-detection","Could not create OpenMakerProjects/workshop-tool-tracker-tamper-detection
GraphQL: You have created too many repositories, too quickly. Please try again later. (createRepository)","2026-10-02T15:59:53.6944736+05:30"
"1135","workshop-tool-tracker-audit-trail","OpenMakerProjects/workshop-tool-tracker-audit-trail","public","failed","False","https://github.com/OpenMakerProjects/workshop-tool-tracker-audit-trail","Could not create OpenMakerProjects/workshop-tool-tracker-audit-trail
GraphQL: You have created too many repositories, too quickly. Please try again later. (createRepository)","2026-10-02T15:59:56.4006887+05:30"
"1136","workshop-tool-tracker-temporary-access-codes","OpenMakerProjects/workshop-tool-tracker-temporary-access-codes","public","failed","False","https://github.com/OpenMakerProjects/workshop-tool-tracker-temporary-access-codes","Could not create OpenMakerProjects/workshop-tool-tracker-temporary-access-codes
GraphQL: You have created too many repositories, too quickly. Please try again later. (createRepository)","2026-10-02T15:59:59.6229228+05:30"
"1137","workshop-tool-tracker-silent-alerts","OpenMakerProjects/workshop-tool-tracker-silent-alerts","public","failed","False","https://github.com/OpenMakerProjects/workshop-tool-tracker-silent-alerts","Could not create OpenMakerProjects/workshop-tool-tracker-silent-alerts
GraphQL: You have created too many repositories, too quickly. Please try again later. (createRepository)","2026-10-02T16:00:02.5833291+05:30"
"1138","workshop-tool-tracker-multi-factor-entry","OpenMakerProjects/workshop-tool-tracker-multi-factor-entry","public","failed","False","https://github.com/OpenMakerProjects/workshop-tool-tracker-multi-factor-entry","Could not create OpenMakerProjects/workshop-tool-tracker-multi-factor-entry
GraphQL: You have created too many repositories, too quickly. Please try again later. (createRepository)","2026-10-02T16:00:05.5504165+05:30"
"1139","workshop-tool-tracker-offline-credential-cache","OpenMakerProjects/workshop-tool-tracker-offline-credential-cache","public","failed","False","https://github.com/OpenMakerProjects/workshop-tool-tracker-offline-credential-cache","Could not create OpenMakerProjects/workshop-tool-tracker-offline-credential-cache
GraphQL: You have created too many repositories, too quickly. Please try again later. (createRepository)","2026-10-02T16:00:08.4163027+05:30"
"1140","workshop-tool-tracker-remote-arming","OpenMakerProjects/workshop-tool-tracker-remote-arming","public","failed","False","https://github.com/OpenMakerProjects/workshop-tool-tracker-remote-arming","Could not create OpenMakerProjects/workshop-tool-tracker-remote-arming
GraphQL: You have created too many repositories, too quickly. Please try again later. (createRepository)","2026-10-02T16:00:11.3643559+05:30"
"1141","perimeter-beam-monitor-rfid-access","OpenMakerProjects/perimeter-beam-monitor-rfid-access","public","failed","False","https://github.com/OpenMakerProjects/perimeter-beam-monitor-rfid-access","Could not create OpenMakerProjects/perimeter-beam-monitor-rfid-access
GraphQL: You have created too many repositories, too quickly. Please try again later. (createRepository)","2026-10-02T16:00:14.6926154+05:30"
"1142","perimeter-beam-monitor-keypad-authentication","OpenMakerProjects/perimeter-beam-monitor-keypad-authentication","public","failed","False","https://github.com/OpenMakerProjects/perimeter-beam-monitor-keypad-authentication","Could not create OpenMakerProjects/perimeter-beam-monitor-keypad-authentication
GraphQL: You have created too many repositories, too quickly. Please try again later. (createRepository)","2026-10-02T16:00:17.6423216+05:30"
"1143","perimeter-beam-monitor-camera-event-capture","OpenMakerProjects/perimeter-beam-monitor-camera-event-capture","public","failed","False","https://github.com/OpenMakerProjects/perimeter-beam-monitor-camera-event-capture","Could not create OpenMakerProjects/perimeter-beam-monitor-camera-event-capture
GraphQL: You have created too many repositories, too quickly. Please try again later. (createRepository)","2026-10-02T16:00:20.4830413+05:30"
"1144","perimeter-beam-monitor-tamper-detection","OpenMakerProjects/perimeter-beam-monitor-tamper-detection","public","failed","False","https://github.com/OpenMakerProjects/perimeter-beam-monitor-tamper-detection","Could not create OpenMakerProjects/perimeter-beam-monitor-tamper-detection
GraphQL: You have created too many repositories, too quickly. Please try again later. (createRepository)","2026-10-02T16:00:23.5354805+05:30"
"1145","perimeter-beam-monitor-audit-trail","OpenMakerProjects/perimeter-beam-monitor-audit-trail","public","failed","False","https://github.com/OpenMakerProjects/perimeter-beam-monitor-audit-trail","Could not create OpenMakerProjects/perimeter-beam-monitor-audit-trail
GraphQL: You have created too many repositories, too quickly. Please try again later. (createRepository)","2026-10-02T16:00:26.4810100+05:30"
"1146","perimeter-beam-monitor-temporary-access-codes","OpenMakerProjects/perimeter-beam-monitor-temporary-access-codes","public","failed","False","https://github.com/OpenMakerProjects/perimeter-beam-monitor-temporary-access-codes","Could not create OpenMakerProjects/perimeter-beam-monitor-temporary-access-codes
GraphQL: You have created too many repositories, too quickly. Please try again later. (createRepository)","2026-10-02T16:00:29.7801606+05:30"
"1147","perimeter-beam-monitor-silent-alerts","OpenMakerProjects/perimeter-beam-monitor-silent-alerts","public","failed","False","https://github.com/OpenMakerProjects/perimeter-beam-monitor-silent-alerts","Could not create OpenMakerProjects/perimeter-beam-monitor-silent-alerts
GraphQL: You have created too many repositories, too quickly. Please try again later. (createRepository)","2026-10-02T16:00:32.6101447+05:30"
"1148","perimeter-beam-monitor-multi-factor-entry","OpenMakerProjects/perimeter-beam-monitor-multi-factor-entry","public","failed","False","https://github.com/OpenMakerProjects/perimeter-beam-monitor-multi-factor-entry","Could not create OpenMakerProjects/perimeter-beam-monitor-multi-factor-entry
GraphQL: You have created too many repositories, too quickly. Please try again later. (createRepository)","2026-10-02T16:00:36.5820892+05:30"
"1149","perimeter-beam-monitor-offline-credential-cache","OpenMakerProjects/perimeter-beam-monitor-offline-credential-cache","public","failed","False","https://github.com/OpenMakerProjects/perimeter-beam-monitor-offline-credential-cache","Could not create OpenMakerProjects/perimeter-beam-monitor-offline-credential-cache
GraphQL: You have created too many repositories, too quickly. Please try again later. (createRepository)","2026-10-02T16:00:39.4433601+05:30"
"1150","perimeter-beam-monitor-remote-arming","OpenMakerProjects/perimeter-beam-monitor-remote-arming","public","failed","False","https://github.com/OpenMakerProjects/perimeter-beam-monitor-remote-arming","Could not create OpenMakerProjects/perimeter-beam-monitor-remote-arming
GraphQL: You have created too many repositories, too quickly. Please try again later. (createRepository)","2026-10-02T16:00:42.2126556+05:30"
"1151","visitor-intercom-rfid-access","OpenMakerProjects/visitor-intercom-rfid-access","public","failed","False","https://github.com/OpenMakerProjects/visitor-intercom-rfid-access","Could not create OpenMakerProjects/visitor-intercom-rfid-access
GraphQL: You have created too many repositories, too quickly. Please try again later. (createRepository)","2026-10-02T16:00:45.2647554+05:30"
"1152","visitor-intercom-keypad-authentication","OpenMakerProjects/visitor-intercom-keypad-authentication","public","failed","False","https://github.com/OpenMakerProjects/visitor-intercom-keypad-authentication","Could not create OpenMakerProjects/visitor-intercom-keypad-authentication
GraphQL: You have created too many repositories, too quickly. Please try again later. (createRepository)","2026-10-02T16:00:48.5229149+05:30"
"1153","visitor-intercom-camera-event-capture","OpenMakerProjects/visitor-intercom-camera-event-capture","public","failed","False","https://github.com/OpenMakerProjects/visitor-intercom-camera-event-capture","Could not create OpenMakerProjects/visitor-intercom-camera-event-capture
GraphQL: You have created too many repositories, too quickly. Please try again later. (createRepository)","2026-10-02T16:00:51.5809378+05:30"
"1154","visitor-intercom-tamper-detection","OpenMakerProjects/visitor-intercom-tamper-detection","public","failed","False","https://github.com/OpenMakerProjects/visitor-intercom-tamper-detection","Could not create OpenMakerProjects/visitor-intercom-tamper-detection
GraphQL: You have created too many repositories, too quickly. Please try again later. (createRepository)","2026-10-02T16:00:54.4677167+05:30"
"1155","visitor-intercom-audit-trail","OpenMakerProjects/visitor-intercom-audit-trail","public","failed","False","https://github.com/OpenMakerProjects/visitor-intercom-audit-trail","Could not create OpenMakerProjects/visitor-intercom-audit-trail
GraphQL: You have created too many repositories, too quickly. Please try again later. (createRepository)","2026-10-02T16:00:57.2221333+05:30"
"1156","visitor-intercom-temporary-access-codes","OpenMakerProjects/visitor-intercom-temporary-access-codes","public","failed","False","https://github.com/OpenMakerProjects/visitor-intercom-temporary-access-codes","Could not create OpenMakerProjects/visitor-intercom-temporary-access-codes
GraphQL: You have created too many repositories, too quickly. Please try again later. (createRepository)","2026-10-02T16:01:00.1318927+05:30"
"1157","visitor-intercom-silent-alerts","OpenMakerProjects/visitor-intercom-silent-alerts","public","failed","False","https://github.com/OpenMakerProjects/visitor-intercom-silent-alerts","Could not create OpenMakerProjects/visitor-intercom-silent-alerts
GraphQL: You have created too many repositories, too quickly. Please try again later. (createRepository)","2026-10-02T16:01:02.8091925+05:30"
"1158","visitor-intercom-multi-factor-entry","OpenMakerProjects/visitor-intercom-multi-factor-entry","public","failed","False","https://github.com/OpenMakerProjects/visitor-intercom-multi-factor-entry","Could not create OpenMakerProjects/visitor-intercom-multi-factor-entry
GraphQL: You have created too many repositories, too quickly. Please try again later. (createRepository)","2026-10-02T16:01:05.8680719+05:30"
"1159","visitor-intercom-offline-credential-cache","OpenMakerProjects/visitor-intercom-offline-credential-cache","public","failed","False","https://github.com/OpenMakerProjects/visitor-intercom-offline-credential-cache","Could not create OpenMakerProjects/visitor-intercom-offline-credential-cache
GraphQL: You have created too many repositories, too quickly. Please try again later. (createRepository)","2026-10-02T16:01:08.7405902+05:30"
"1160","visitor-intercom-remote-arming","OpenMakerProjects/visitor-intercom-remote-arming","public","failed","False","https://github.com/OpenMakerProjects/visitor-intercom-remote-arming","Could not create OpenMakerProjects/visitor-intercom-remote-arming
GraphQL: You have created too many repositories, too quickly. Please try again later. (createRepository)","2026-10-02T16:01:11.9516727+05:30"
"1161","smart-locker-controller-rfid-access","OpenMakerProjects/smart-locker-controller-rfid-access","public","failed","False","https://github.com/OpenMakerProjects/smart-locker-controller-rfid-access","Could not create OpenMakerProjects/smart-locker-controller-rfid-access
GraphQL: You have created too many repositories, too quickly. Please try again later. (createRepository)","2026-10-02T16:01:14.8194552+05:30"
"1162","smart-locker-controller-keypad-authentication","OpenMakerProjects/smart-locker-controller-keypad-authentication","public","failed","False","https://github.com/OpenMakerProjects/smart-locker-controller-keypad-authentication","Could not create OpenMakerProjects/smart-locker-controller-keypad-authentication
GraphQL: You have created too many repositories, too quickly. Please try again later. (createRepository)","2026-10-02T16:01:17.9658349+05:30"
"1163","smart-locker-controller-camera-event-capture","OpenMakerProjects/smart-locker-controller-camera-event-capture","public","failed","False","https://github.com/OpenMakerProjects/smart-locker-controller-camera-event-capture","Could not create OpenMakerProjects/smart-locker-controller-camera-event-capture
GraphQL: You have created too many repositories, too quickly. Please try again later. (createRepository)","2026-10-02T16:01:20.7668322+05:30"
"1164","smart-locker-controller-tamper-detection","OpenMakerProjects/smart-locker-controller-tamper-detection","public","failed","False","https://github.com/OpenMakerProjects/smart-locker-controller-tamper-detection","Could not create OpenMakerProjects/smart-locker-controller-tamper-detection
GraphQL: You have created too many repositories, too quickly. Please try again later. (createRepository)","2026-10-02T16:01:23.3897543+05:30"
"1165","smart-locker-controller-audit-trail","OpenMakerProjects/smart-locker-controller-audit-trail","public","failed","False","https://github.com/OpenMakerProjects/smart-locker-controller-audit-trail","Could not create OpenMakerProjects/smart-locker-controller-audit-trail
GraphQL: You have created too many repositories, too quickly. Please try again later. (createRepository)","2026-10-02T16:01:27.0850473+05:30"
"1166","smart-locker-controller-temporary-access-codes","OpenMakerProjects/smart-locker-controller-temporary-access-codes","public","failed","False","https://github.com/OpenMakerProjects/smart-locker-controller-temporary-access-codes","Could not create OpenMakerProjects/smart-locker-controller-temporary-access-codes
GraphQL: You have created too many repositories, too quickly. Please try again later. (createRepository)","2026-10-02T16:01:30.1075845+05:30"
"1167","smart-locker-controller-silent-alerts","OpenMakerProjects/smart-locker-controller-silent-alerts","public","failed","False","https://github.com/OpenMakerProjects/smart-locker-controller-silent-alerts","Could not create OpenMakerProjects/smart-locker-controller-silent-alerts
GraphQL: You have created too many repositories, too quickly. Please try again later. (createRepository)","2026-10-02T16:01:33.5747420+05:30"
"1168","smart-locker-controller-multi-factor-entry","OpenMakerProjects/smart-locker-controller-multi-factor-entry","public","failed","False","https://github.com/OpenMakerProjects/smart-locker-controller-multi-factor-entry","Could not create OpenMakerProjects/smart-locker-controller-multi-factor-entry
GraphQL: You have created too many repositories, too quickly. Please try again later. (createRepository)","2026-10-02T16:01:36.2145716+05:30"
"1169","smart-locker-controller-offline-credential-cache","OpenMakerProjects/smart-locker-controller-offline-credential-cache","public","failed","False","https://github.com/OpenMakerProjects/smart-locker-controller-offline-credential-cache","Could not create OpenMakerProjects/smart-locker-controller-offline-credential-cache
GraphQL: You have created too many repositories, too quickly. Please try again later. (createRepository)","2026-10-02T16:01:39.7031966+05:30"
"1170","smart-locker-controller-remote-arming","OpenMakerProjects/smart-locker-controller-remote-arming","public","failed","False","https://github.com/OpenMakerProjects/smart-locker-controller-remote-arming","Could not create OpenMakerProjects/smart-locker-controller-remote-arming
GraphQL: You have created too many repositories, too quickly. Please try again later. (createRepository)","2026-10-02T16:01:43.0233613+05:30"
"1171","bicycle-anti-theft-node-rfid-access","OpenMakerProjects/bicycle-anti-theft-node-rfid-access","public","failed","False","https://github.com/OpenMakerProjects/bicycle-anti-theft-node-rfid-access","Could not create OpenMakerProjects/bicycle-anti-theft-node-rfid-access
GraphQL: You have created too many repositories, too quickly. Please try again later. (createRepository)","2026-10-02T16:01:46.0479740+05:30"
"1172","bicycle-anti-theft-node-keypad-authentication","OpenMakerProjects/bicycle-anti-theft-node-keypad-authentication","public","failed","False","https://github.com/OpenMakerProjects/bicycle-anti-theft-node-keypad-authentication","Could not create OpenMakerProjects/bicycle-anti-theft-node-keypad-authentication
GraphQL: You have created too many repositories, too quickly. Please try again later. (createRepository)","2026-10-02T16:01:48.8257584+05:30"
"1173","bicycle-anti-theft-node-camera-event-capture","OpenMakerProjects/bicycle-anti-theft-node-camera-event-capture","public","failed","False","https://github.com/OpenMakerProjects/bicycle-anti-theft-node-camera-event-capture","Could not create OpenMakerProjects/bicycle-anti-theft-node-camera-event-capture
GraphQL: You have created too many repositories, too quickly. Please try again later. (createRepository)","2026-10-02T16:01:52.0916315+05:30"
"1174","bicycle-anti-theft-node-tamper-detection","OpenMakerProjects/bicycle-anti-theft-node-tamper-detection","public","failed","False","https://github.com/OpenMakerProjects/bicycle-anti-theft-node-tamper-detection","Could not create OpenMakerProjects/bicycle-anti-theft-node-tamper-detection
GraphQL: You have created too many repositories, too quickly. Please try again later. (createRepository)","2026-10-02T16:01:55.2180140+05:30"
"1175","bicycle-anti-theft-node-audit-trail","OpenMakerProjects/bicycle-anti-theft-node-audit-trail","public","failed","False","https://github.com/OpenMakerProjects/bicycle-anti-theft-node-audit-trail","Could not create OpenMakerProjects/bicycle-anti-theft-node-audit-trail
GraphQL: You have created too many repositories, too quickly. Please try again later. (createRepository)","2026-10-02T16:01:58.3079510+05:30"
"1176","bicycle-anti-theft-node-temporary-access-codes","OpenMakerProjects/bicycle-anti-theft-node-temporary-access-codes","public","failed","False","https://github.com/OpenMakerProjects/bicycle-anti-theft-node-temporary-access-codes","Could not create OpenMakerProjects/bicycle-anti-theft-node-temporary-access-codes
GraphQL: You have created too many repositories, too quickly. Please try again later. (createRepository)","2026-10-02T16:02:01.3392616+05:30"
"1177","bicycle-anti-theft-node-silent-alerts","OpenMakerProjects/bicycle-anti-theft-node-silent-alerts","public","failed","False","https://github.com/OpenMakerProjects/bicycle-anti-theft-node-silent-alerts","Could not create OpenMakerProjects/bicycle-anti-theft-node-silent-alerts
GraphQL: You have created too many repositories, too quickly. Please try again later. (createRepository)","2026-10-02T16:02:04.8904317+05:30"
"1178","bicycle-anti-theft-node-multi-factor-entry","OpenMakerProjects/bicycle-anti-theft-node-multi-factor-entry","public","failed","False","https://github.com/OpenMakerProjects/bicycle-anti-theft-node-multi-factor-entry","Could not create OpenMakerProjects/bicycle-anti-theft-node-multi-factor-entry
GraphQL: You have created too many repositories, too quickly. Please try again later. (createRepository)","2026-10-02T16:02:08.1002906+05:30"
"1179","bicycle-anti-theft-node-offline-credential-cache","OpenMakerProjects/bicycle-anti-theft-node-offline-credential-cache","public","failed","False","https://github.com/OpenMakerProjects/bicycle-anti-theft-node-offline-credential-cache","Could not create OpenMakerProjects/bicycle-anti-theft-node-offline-credential-cache
GraphQL: You have created too many repositories, too quickly. Please try again later. (createRepository)","2026-10-02T16:02:11.9954555+05:30"
"1180","bicycle-anti-theft-node-remote-arming","OpenMakerProjects/bicycle-anti-theft-node-remote-arming","public","failed","False","https://github.com/OpenMakerProjects/bicycle-anti-theft-node-remote-arming","Could not create OpenMakerProjects/bicycle-anti-theft-node-remote-arming
GraphQL: You have created too many repositories, too quickly. Please try again later. (createRepository)","2026-10-02T16:02:14.9102454+05:30"
"1181","server-cabinet-monitor-rfid-access","OpenMakerProjects/server-cabinet-monitor-rfid-access","public","failed","False","https://github.com/OpenMakerProjects/server-cabinet-monitor-rfid-access","Could not create OpenMakerProjects/server-cabinet-monitor-rfid-access
GraphQL: You have created too many repositories, too quickly. Please try again later. (createRepository)","2026-10-02T16:02:18.5507552+05:30"
"1182","server-cabinet-monitor-keypad-authentication","OpenMakerProjects/server-cabinet-monitor-keypad-authentication","public","failed","False","https://github.com/OpenMakerProjects/server-cabinet-monitor-keypad-authentication","Could not create OpenMakerProjects/server-cabinet-monitor-keypad-authentication
GraphQL: You have created too many repositories, too quickly. Please try again later. (createRepository)","2026-10-02T16:02:21.6151738+05:30"
"1183","server-cabinet-monitor-camera-event-capture","OpenMakerProjects/server-cabinet-monitor-camera-event-capture","public","failed","False","https://github.com/OpenMakerProjects/server-cabinet-monitor-camera-event-capture","Could not create OpenMakerProjects/server-cabinet-monitor-camera-event-capture
GraphQL: You have created too many repositories, too quickly. Please try again later. (createRepository)","2026-10-02T16:02:24.7712080+05:30"
"1184","server-cabinet-monitor-tamper-detection","OpenMakerProjects/server-cabinet-monitor-tamper-detection","public","failed","False","https://github.com/OpenMakerProjects/server-cabinet-monitor-tamper-detection","Could not create OpenMakerProjects/server-cabinet-monitor-tamper-detection
GraphQL: You have created too many repositories, too quickly. Please try again later. (createRepository)","2026-10-02T16:02:27.9138192+05:30"
"1185","server-cabinet-monitor-audit-trail","OpenMakerProjects/server-cabinet-monitor-audit-trail","public","failed","False","https://github.com/OpenMakerProjects/server-cabinet-monitor-audit-trail","Could not create OpenMakerProjects/server-cabinet-monitor-audit-trail
GraphQL: You have created too many repositories, too quickly. Please try again later. (createRepository)","2026-10-02T16:02:31.3514060+05:30"
"1186","server-cabinet-monitor-temporary-access-codes","OpenMakerProjects/server-cabinet-monitor-temporary-access-codes","public","failed","False","https://github.com/OpenMakerProjects/server-cabinet-monitor-temporary-access-codes","Could not create OpenMakerProjects/server-cabinet-monitor-temporary-access-codes
GraphQL: You have created too many repositories, too quickly. Please try again later. (createRepository)","2026-10-02T16:02:35.7569237+05:30"
"1187","server-cabinet-monitor-silent-alerts","OpenMakerProjects/server-cabinet-monitor-silent-alerts","public","failed","False","https://github.com/OpenMakerProjects/server-cabinet-monitor-silent-alerts","Could not create OpenMakerProjects/server-cabinet-monitor-silent-alerts
GraphQL: You have created too many repositories, too quickly. Please try again later. (createRepository)","2026-10-02T16:02:39.1066265+05:30"
"1188","server-cabinet-monitor-multi-factor-entry","OpenMakerProjects/server-cabinet-monitor-multi-factor-entry","public","failed","False","https://github.com/OpenMakerProjects/server-cabinet-monitor-multi-factor-entry","Could not create OpenMakerProjects/server-cabinet-monitor-multi-factor-entry
GraphQL: You have created too many repositories, too quickly. Please try again later. (createRepository)","2026-10-02T16:02:42.1241894+05:30"
"1189","server-cabinet-monitor-offline-credential-cache","OpenMakerProjects/server-cabinet-monitor-offline-credential-cache","public","failed","False","https://github.com/OpenMakerProjects/server-cabinet-monitor-offline-credential-cache","Could not create OpenMakerProjects/server-cabinet-monitor-offline-credential-cache
GraphQL: You have created too many repositories, too quickly. Please try again later. (createRepository)","2026-10-02T16:02:45.2124860+05:30"
"1190","server-cabinet-monitor-remote-arming","OpenMakerProjects/server-cabinet-monitor-remote-arming","public","failed","False","https://github.com/OpenMakerProjects/server-cabinet-monitor-remote-arming","Could not create OpenMakerProjects/server-cabinet-monitor-remote-arming
GraphQL: You have created too many repositories, too quickly. Please try again later. (createRepository)","2026-10-02T16:02:48.5659372+05:30"
"1191","portable-asset-alarm-rfid-access","OpenMakerProjects/portable-asset-alarm-rfid-access","public","failed","False","https://github.com/OpenMakerProjects/portable-asset-alarm-rfid-access","Could not create OpenMakerProjects/portable-asset-alarm-rfid-access
GraphQL: You have created too many repositories, too quickly. Please try again later. (createRepository)","2026-10-02T16:02:51.9353106+05:30"
"1192","portable-asset-alarm-keypad-authentication","OpenMakerProjects/portable-asset-alarm-keypad-authentication","public","failed","False","https://github.com/OpenMakerProjects/portable-asset-alarm-keypad-authentication","Could not create OpenMakerProjects/portable-asset-alarm-keypad-authentication
GraphQL: You have created too many repositories, too quickly. Please try again later. (createRepository)","2026-10-02T16:02:55.4085267+05:30"
"1193","portable-asset-alarm-camera-event-capture","OpenMakerProjects/portable-asset-alarm-camera-event-capture","public","failed","False","https://github.com/OpenMakerProjects/portable-asset-alarm-camera-event-capture","Could not create OpenMakerProjects/portable-asset-alarm-camera-event-capture
GraphQL: You have created too many repositories, too quickly. Please try again later. (createRepository)","2026-10-02T16:02:58.4404000+05:30"
"1194","portable-asset-alarm-tamper-detection","OpenMakerProjects/portable-asset-alarm-tamper-detection","public","failed","False","https://github.com/OpenMakerProjects/portable-asset-alarm-tamper-detection","Could not create OpenMakerProjects/portable-asset-alarm-tamper-detection
GraphQL: You have created too many repositories, too quickly. Please try again later. (createRepository)","2026-10-02T16:03:01.2953896+05:30"
"1195","portable-asset-alarm-audit-trail","OpenMakerProjects/portable-asset-alarm-audit-trail","public","failed","False","https://github.com/OpenMakerProjects/portable-asset-alarm-audit-trail","Could not create OpenMakerProjects/portable-asset-alarm-audit-trail
GraphQL: You have created too many repositories, too quickly. Please try again later. (createRepository)","2026-10-02T16:03:04.6246865+05:30"
"1196","portable-asset-alarm-temporary-access-codes","OpenMakerProjects/portable-asset-alarm-temporary-access-codes","public","failed","False","https://github.com/OpenMakerProjects/portable-asset-alarm-temporary-access-codes","Could not create OpenMakerProjects/portable-asset-alarm-temporary-access-codes
GraphQL: You have created too many repositories, too quickly. Please try again later. (createRepository)","2026-10-02T16:03:08.4251169+05:30"
"1197","portable-asset-alarm-silent-alerts","OpenMakerProjects/portable-asset-alarm-silent-alerts","public","failed","False","https://github.com/OpenMakerProjects/portable-asset-alarm-silent-alerts","Could not create OpenMakerProjects/portable-asset-alarm-silent-alerts
GraphQL: You have created too many repositories, too quickly. Please try again later. (createRepository)","2026-10-02T16:03:11.6655729+05:30"
"1198","portable-asset-alarm-multi-factor-entry","OpenMakerProjects/portable-asset-alarm-multi-factor-entry","public","failed","False","https://github.com/OpenMakerProjects/portable-asset-alarm-multi-factor-entry","Could not create OpenMakerProjects/portable-asset-alarm-multi-factor-entry
GraphQL: You have created too many repositories, too quickly. Please try again later. (createRepository)","2026-10-02T16:03:15.5442732+05:30"
"1199","portable-asset-alarm-offline-credential-cache","OpenMakerProjects/portable-asset-alarm-offline-credential-cache","public","failed","False","https://github.com/OpenMakerProjects/portable-asset-alarm-offline-credential-cache","Could not create OpenMakerProjects/portable-asset-alarm-offline-credential-cache
GraphQL: You have created too many repositories, too quickly. Please try again later. (createRepository)","2026-10-02T16:03:18.6744893+05:30"
"1200","portable-asset-alarm-remote-arming","OpenMakerProjects/portable-asset-alarm-remote-arming","public","failed","False","https://github.com/OpenMakerProjects/portable-asset-alarm-remote-arming","Could not create OpenMakerProjects/portable-asset-alarm-remote-arming
GraphQL: You have created too many repositories, too quickly. Please try again later. (createRepository)","2026-10-02T16:03:21.8620710+05:30"
"1201","posture-coaching-wearable-personal-reminders","OpenMakerProjects/posture-coaching-wearable-personal-reminders","public","failed","False","https://github.com/OpenMakerProjects/posture-coaching-wearable-personal-reminders","Could not create OpenMakerProjects/posture-coaching-wearable-personal-reminders
GraphQL: You have created too many repositories, too quickly. Please try again later. (createRepository)","2026-10-02T16:03:25.0979679+05:30"
"1202","posture-coaching-wearable-trend-dashboard","OpenMakerProjects/posture-coaching-wearable-trend-dashboard","public","failed","False","https://github.com/OpenMakerProjects/posture-coaching-wearable-trend-dashboard","Could not create OpenMakerProjects/posture-coaching-wearable-trend-dashboard
GraphQL: You have created too many repositories, too quickly. Please try again later. (createRepository)","2026-10-02T16:03:28.2119838+05:30"
"1203","posture-coaching-wearable-haptic-coaching","OpenMakerProjects/posture-coaching-wearable-haptic-coaching","public","failed","False","https://github.com/OpenMakerProjects/posture-coaching-wearable-haptic-coaching","Could not create OpenMakerProjects/posture-coaching-wearable-haptic-coaching
GraphQL: You have created too many repositories, too quickly. Please try again later. (createRepository)","2026-10-02T16:03:31.7334921+05:30"
"1204","posture-coaching-wearable-session-logging","OpenMakerProjects/posture-coaching-wearable-session-logging","public","failed","False","https://github.com/OpenMakerProjects/posture-coaching-wearable-session-logging","Could not create OpenMakerProjects/posture-coaching-wearable-session-logging
GraphQL: You have created too many repositories, too quickly. Please try again later. (createRepository)","2026-10-02T16:03:34.8958684+05:30"
"1205","posture-coaching-wearable-goal-tracking","OpenMakerProjects/posture-coaching-wearable-goal-tracking","public","failed","False","https://github.com/OpenMakerProjects/posture-coaching-wearable-goal-tracking","Could not create OpenMakerProjects/posture-coaching-wearable-goal-tracking
GraphQL: You have created too many repositories, too quickly. Please try again later. (createRepository)","2026-10-02T16:03:38.1618006+05:30"
"1206","posture-coaching-wearable-caregiver-notifications","OpenMakerProjects/posture-coaching-wearable-caregiver-notifications","public","failed","False","https://github.com/OpenMakerProjects/posture-coaching-wearable-caregiver-notifications","Could not create OpenMakerProjects/posture-coaching-wearable-caregiver-notifications
GraphQL: You have created too many repositories, too quickly. Please try again later. (createRepository)","2026-10-02T16:03:41.2565723+05:30"
"1207","posture-coaching-wearable-privacy-first-storage","OpenMakerProjects/posture-coaching-wearable-privacy-first-storage","public","failed","False","https://github.com/OpenMakerProjects/posture-coaching-wearable-privacy-first-storage","Could not create OpenMakerProjects/posture-coaching-wearable-privacy-first-storage
GraphQL: You have created too many repositories, too quickly. Please try again later. (createRepository)","2026-10-02T16:03:44.3552036+05:30"
"1208","posture-coaching-wearable-adaptive-timing","OpenMakerProjects/posture-coaching-wearable-adaptive-timing","public","failed","False","https://github.com/OpenMakerProjects/posture-coaching-wearable-adaptive-timing","Could not create OpenMakerProjects/posture-coaching-wearable-adaptive-timing
GraphQL: You have created too many repositories, too quickly. Please try again later. (createRepository)","2026-10-02T16:03:49.0017730+05:30"
"1209","posture-coaching-wearable-accessible-interface","OpenMakerProjects/posture-coaching-wearable-accessible-interface","public","failed","False","https://github.com/OpenMakerProjects/posture-coaching-wearable-accessible-interface","Could not create OpenMakerProjects/posture-coaching-wearable-accessible-interface
GraphQL: You have created too many repositories, too quickly. Please try again later. (createRepository)","2026-10-02T16:03:52.1782740+05:30"
"1210","posture-coaching-wearable-data-export","OpenMakerProjects/posture-coaching-wearable-data-export","public","failed","False","https://github.com/OpenMakerProjects/posture-coaching-wearable-data-export","Could not create OpenMakerProjects/posture-coaching-wearable-data-export
GraphQL: You have created too many repositories, too quickly. Please try again later. (createRepository)","2026-10-02T16:03:55.7861691+05:30"
"1211","hydration-reminder-personal-reminders","OpenMakerProjects/hydration-reminder-personal-reminders","public","failed","False","https://github.com/OpenMakerProjects/hydration-reminder-personal-reminders","Could not create OpenMakerProjects/hydration-reminder-personal-reminders
GraphQL: You have created too many repositories, too quickly. Please try again later. (createRepository)","2026-10-02T16:03:59.1025974+05:30"
"1212","hydration-reminder-trend-dashboard","OpenMakerProjects/hydration-reminder-trend-dashboard","public","failed","False","https://github.com/OpenMakerProjects/hydration-reminder-trend-dashboard","Could not create OpenMakerProjects/hydration-reminder-trend-dashboard
GraphQL: You have created too many repositories, too quickly. Please try again later. (createRepository)","2026-10-02T16:04:03.3339127+05:30"
"1213","hydration-reminder-haptic-coaching","OpenMakerProjects/hydration-reminder-haptic-coaching","public","failed","False","https://github.com/OpenMakerProjects/hydration-reminder-haptic-coaching","Could not create OpenMakerProjects/hydration-reminder-haptic-coaching
GraphQL: You have created too many repositories, too quickly. Please try again later. (createRepository)","2026-10-02T16:04:07.3201921+05:30"
"1214","hydration-reminder-session-logging","OpenMakerProjects/hydration-reminder-session-logging","public","failed","False","https://github.com/OpenMakerProjects/hydration-reminder-session-logging","Could not create OpenMakerProjects/hydration-reminder-session-logging
GraphQL: You have created too many repositories, too quickly. Please try again later. (createRepository)","2026-10-02T16:04:11.6786245+05:30"
"1215","hydration-reminder-goal-tracking","OpenMakerProjects/hydration-reminder-goal-tracking","public","failed","False","https://github.com/OpenMakerProjects/hydration-reminder-goal-tracking","Could not create OpenMakerProjects/hydration-reminder-goal-tracking
GraphQL: You have created too many repositories, too quickly. Please try again later. (createRepository)","2026-10-02T16:04:15.8366589+05:30"
"1216","hydration-reminder-caregiver-notifications","OpenMakerProjects/hydration-reminder-caregiver-notifications","public","failed","False","https://github.com/OpenMakerProjects/hydration-reminder-caregiver-notifications","Could not create OpenMakerProjects/hydration-reminder-caregiver-notifications
GraphQL: You have created too many repositories, too quickly. Please try again later. (createRepository)","2026-10-02T16:04:19.8975353+05:30"
"1217","hydration-reminder-privacy-first-storage","OpenMakerProjects/hydration-reminder-privacy-first-storage","public","failed","False","https://github.com/OpenMakerProjects/hydration-reminder-privacy-first-storage","Could not create OpenMakerProjects/hydration-reminder-privacy-first-storage
GraphQL: You have created too many repositories, too quickly. Please try again later. (createRepository)","2026-10-02T16:04:23.0554324+05:30"
"1218","hydration-reminder-adaptive-timing","OpenMakerProjects/hydration-reminder-adaptive-timing","public","failed","False","https://github.com/OpenMakerProjects/hydration-reminder-adaptive-timing","Could not create OpenMakerProjects/hydration-reminder-adaptive-timing
GraphQL: You have created too many repositories, too quickly. Please try again later. (createRepository)","2026-10-02T16:04:26.7372493+05:30"
"1219","hydration-reminder-accessible-interface","OpenMakerProjects/hydration-reminder-accessible-interface","public","failed","False","https://github.com/OpenMakerProjects/hydration-reminder-accessible-interface","Could not create OpenMakerProjects/hydration-reminder-accessible-interface
GraphQL: You have created too many repositories, too quickly. Please try again later. (createRepository)","2026-10-02T16:04:30.6729294+05:30"
"1220","hydration-reminder-data-export","OpenMakerProjects/hydration-reminder-data-export","public","failed","False","https://github.com/OpenMakerProjects/hydration-reminder-data-export","Could not create OpenMakerProjects/hydration-reminder-data-export
GraphQL: You have created too many repositories, too quickly. Please try again later. (createRepository)","2026-10-02T16:04:34.2247286+05:30"
"1221","sleep-environment-monitor-personal-reminders","OpenMakerProjects/sleep-environment-monitor-personal-reminders","public","failed","False","https://github.com/OpenMakerProjects/sleep-environment-monitor-personal-reminders","Could not create OpenMakerProjects/sleep-environment-monitor-personal-reminders
GraphQL: You have created too many repositories, too quickly. Please try again later. (createRepository)","2026-10-02T16:04:37.3933804+05:30"
"1222","sleep-environment-monitor-trend-dashboard","OpenMakerProjects/sleep-environment-monitor-trend-dashboard","public","failed","False","https://github.com/OpenMakerProjects/sleep-environment-monitor-trend-dashboard","Could not create OpenMakerProjects/sleep-environment-monitor-trend-dashboard
GraphQL: You have created too many repositories, too quickly. Please try again later. (createRepository)","2026-10-02T16:04:40.5568153+05:30"
"1223","sleep-environment-monitor-haptic-coaching","OpenMakerProjects/sleep-environment-monitor-haptic-coaching","public","failed","False","https://github.com/OpenMakerProjects/sleep-environment-monitor-haptic-coaching","Could not create OpenMakerProjects/sleep-environment-monitor-haptic-coaching
GraphQL: You have created too many repositories, too quickly. Please try again later. (createRepository)","2026-10-02T16:04:44.2736317+05:30"
"1224","sleep-environment-monitor-session-logging","OpenMakerProjects/sleep-environment-monitor-session-logging","public","failed","False","https://github.com/OpenMakerProjects/sleep-environment-monitor-session-logging","Could not create OpenMakerProjects/sleep-environment-monitor-session-logging
GraphQL: You have created too many repositories, too quickly. Please try again later. (createRepository)","2026-10-02T16:04:47.5900908+05:30"
"1225","sleep-environment-monitor-goal-tracking","OpenMakerProjects/sleep-environment-monitor-goal-tracking","public","failed","False","https://github.com/OpenMakerProjects/sleep-environment-monitor-goal-tracking","Could not create OpenMakerProjects/sleep-environment-monitor-goal-tracking
GraphQL: You have created too many repositories, too quickly. Please try again later. (createRepository)","2026-10-02T16:04:52.4438650+05:30"
"1226","sleep-environment-monitor-caregiver-notifications","OpenMakerProjects/sleep-environment-monitor-caregiver-notifications","public","failed","False","https://github.com/OpenMakerProjects/sleep-environment-monitor-caregiver-notifications","Could not create OpenMakerProjects/sleep-environment-monitor-caregiver-notifications
GraphQL: You have created too many repositories, too quickly. Please try again later. (createRepository)","2026-10-02T16:04:56.5915624+05:30"
"1227","sleep-environment-monitor-privacy-first-storage","OpenMakerProjects/sleep-environment-monitor-privacy-first-storage","public","failed","False","https://github.com/OpenMakerProjects/sleep-environment-monitor-privacy-first-storage","Could not create OpenMakerProjects/sleep-environment-monitor-privacy-first-storage
GraphQL: You have created too many repositories, too quickly. Please try again later. (createRepository)","2026-10-02T16:05:00.1917032+05:30"
"1228","sleep-environment-monitor-adaptive-timing","OpenMakerProjects/sleep-environment-monitor-adaptive-timing","public","failed","False","https://github.com/OpenMakerProjects/sleep-environment-monitor-adaptive-timing","Could not create OpenMakerProjects/sleep-environment-monitor-adaptive-timing
GraphQL: You have created too many repositories, too quickly. Please try again later. (createRepository)","2026-10-02T16:05:03.9800025+05:30"
"1229","sleep-environment-monitor-accessible-interface","OpenMakerProjects/sleep-environment-monitor-accessible-interface","public","failed","False","https://github.com/OpenMakerProjects/sleep-environment-monitor-accessible-interface","Could not create OpenMakerProjects/sleep-environment-monitor-accessible-interface
GraphQL: You have created too many repositories, too quickly. Please try again later. (createRepository)","2026-10-02T16:05:08.3418614+05:30"
"1230","sleep-environment-monitor-data-export","OpenMakerProjects/sleep-environment-monitor-data-export","public","failed","False","https://github.com/OpenMakerProjects/sleep-environment-monitor-data-export","Could not create OpenMakerProjects/sleep-environment-monitor-data-export
GraphQL: You have created too many repositories, too quickly. Please try again later. (createRepository)","2026-10-02T16:05:11.6578667+05:30"
"1231","handwashing-timer-personal-reminders","OpenMakerProjects/handwashing-timer-personal-reminders","public","failed","False","https://github.com/OpenMakerProjects/handwashing-timer-personal-reminders","Could not create OpenMakerProjects/handwashing-timer-personal-reminders
GraphQL: You have created too many repositories, too quickly. Please try again later. (createRepository)","2026-10-02T16:05:15.1880847+05:30"
"1232","handwashing-timer-trend-dashboard","OpenMakerProjects/handwashing-timer-trend-dashboard","public","failed","False","https://github.com/OpenMakerProjects/handwashing-timer-trend-dashboard","Could not create OpenMakerProjects/handwashing-timer-trend-dashboard
GraphQL: You have created too many repositories, too quickly. Please try again later. (createRepository)","2026-10-02T16:05:19.3713574+05:30"
"1233","handwashing-timer-haptic-coaching","OpenMakerProjects/handwashing-timer-haptic-coaching","public","failed","False","https://github.com/OpenMakerProjects/handwashing-timer-haptic-coaching","Could not create OpenMakerProjects/handwashing-timer-haptic-coaching
GraphQL: You have created too many repositories, too quickly. Please try again later. (createRepository)","2026-10-02T16:05:23.2926648+05:30"
"1234","handwashing-timer-session-logging","OpenMakerProjects/handwashing-timer-session-logging","public","failed","False","https://github.com/OpenMakerProjects/handwashing-timer-session-logging","Could not create OpenMakerProjects/handwashing-timer-session-logging
GraphQL: You have created too many repositories, too quickly. Please try again later. (createRepository)","2026-10-02T16:05:26.8376150+05:30"
"1235","handwashing-timer-goal-tracking","OpenMakerProjects/handwashing-timer-goal-tracking","public","failed","False","https://github.com/OpenMakerProjects/handwashing-timer-goal-tracking","Could not create OpenMakerProjects/handwashing-timer-goal-tracking
GraphQL: You have created too many repositories, too quickly. Please try again later. (createRepository)","2026-10-02T16:05:30.3403248+05:30"
"1236","handwashing-timer-caregiver-notifications","OpenMakerProjects/handwashing-timer-caregiver-notifications","public","failed","False","https://github.com/OpenMakerProjects/handwashing-timer-caregiver-notifications","Could not create OpenMakerProjects/handwashing-timer-caregiver-notifications
GraphQL: You have created too many repositories, too quickly. Please try again later. (createRepository)","2026-10-02T16:05:33.8086740+05:30"
"1237","handwashing-timer-privacy-first-storage","OpenMakerProjects/handwashing-timer-privacy-first-storage","public","failed","False","https://github.com/OpenMakerProjects/handwashing-timer-privacy-first-storage","Could not create OpenMakerProjects/handwashing-timer-privacy-first-storage
GraphQL: You have created too many repositories, too quickly. Please try again later. (createRepository)","2026-10-02T16:05:36.6242742+05:30"
"1238","handwashing-timer-adaptive-timing","OpenMakerProjects/handwashing-timer-adaptive-timing","public","failed","False","https://github.com/OpenMakerProjects/handwashing-timer-adaptive-timing","Could not create OpenMakerProjects/handwashing-timer-adaptive-timing
GraphQL: You have created too many repositories, too quickly. Please try again later. (createRepository)","2026-10-02T16:05:39.4569947+05:30"
"1239","handwashing-timer-accessible-interface","OpenMakerProjects/handwashing-timer-accessible-interface","public","failed","False","https://github.com/OpenMakerProjects/handwashing-timer-accessible-interface","Could not create OpenMakerProjects/handwashing-timer-accessible-interface
GraphQL: You have created too many repositories, too quickly. Please try again later. (createRepository)","2026-10-02T16:05:42.4837566+05:30"
"1240","handwashing-timer-data-export","OpenMakerProjects/handwashing-timer-data-export","public","failed","False","https://github.com/OpenMakerProjects/handwashing-timer-data-export","Could not create OpenMakerProjects/handwashing-timer-data-export
GraphQL: You have created too many repositories, too quickly. Please try again later. (createRepository)","2026-10-02T16:05:45.4181389+05:30"
"1241","exercise-form-trainer-personal-reminders","OpenMakerProjects/exercise-form-trainer-personal-reminders","public","failed","False","https://github.com/OpenMakerProjects/exercise-form-trainer-personal-reminders","Could not create OpenMakerProjects/exercise-form-trainer-personal-reminders
GraphQL: You have created too many repositories, too quickly. Please try again later. (createRepository)","2026-10-02T16:05:48.3244134+05:30"
"1242","exercise-form-trainer-trend-dashboard","OpenMakerProjects/exercise-form-trainer-trend-dashboard","public","failed","False","https://github.com/OpenMakerProjects/exercise-form-trainer-trend-dashboard","Could not create OpenMakerProjects/exercise-form-trainer-trend-dashboard
GraphQL: You have created too many repositories, too quickly. Please try again later. (createRepository)","2026-10-02T16:05:52.0036603+05:30"
"1243","exercise-form-trainer-haptic-coaching","OpenMakerProjects/exercise-form-trainer-haptic-coaching","public","failed","False","https://github.com/OpenMakerProjects/exercise-form-trainer-haptic-coaching","Could not create OpenMakerProjects/exercise-form-trainer-haptic-coaching
GraphQL: You have created too many repositories, too quickly. Please try again later. (createRepository)","2026-10-02T16:05:55.0039034+05:30"
"1244","exercise-form-trainer-session-logging","OpenMakerProjects/exercise-form-trainer-session-logging","public","failed","False","https://github.com/OpenMakerProjects/exercise-form-trainer-session-logging","Could not create OpenMakerProjects/exercise-form-trainer-session-logging
GraphQL: You have created too many repositories, too quickly. Please try again later. (createRepository)","2026-10-02T16:05:58.2964524+05:30"
"1245","exercise-form-trainer-goal-tracking","OpenMakerProjects/exercise-form-trainer-goal-tracking","public","failed","False","https://github.com/OpenMakerProjects/exercise-form-trainer-goal-tracking","Could not create OpenMakerProjects/exercise-form-trainer-goal-tracking
GraphQL: You have created too many repositories, too quickly. Please try again later. (createRepository)","2026-10-02T16:06:01.3832735+05:30"
"1246","exercise-form-trainer-caregiver-notifications","OpenMakerProjects/exercise-form-trainer-caregiver-notifications","public","failed","False","https://github.com/OpenMakerProjects/exercise-form-trainer-caregiver-notifications","Could not create OpenMakerProjects/exercise-form-trainer-caregiver-notifications
GraphQL: You have created too many repositories, too quickly. Please try again later. (createRepository)","2026-10-02T16:06:04.7783642+05:30"
"1247","exercise-form-trainer-privacy-first-storage","OpenMakerProjects/exercise-form-trainer-privacy-first-storage","public","failed","False","https://github.com/OpenMakerProjects/exercise-form-trainer-privacy-first-storage","Could not create OpenMakerProjects/exercise-form-trainer-privacy-first-storage
GraphQL: You have created too many repositories, too quickly. Please try again later. (createRepository)","2026-10-02T16:06:07.6249180+05:30"
"1248","exercise-form-trainer-adaptive-timing","OpenMakerProjects/exercise-form-trainer-adaptive-timing","public","failed","False","https://github.com/OpenMakerProjects/exercise-form-trainer-adaptive-timing","Could not create OpenMakerProjects/exercise-form-trainer-adaptive-timing
GraphQL: You have created too many repositories, too quickly. Please try again later. (createRepository)","2026-10-02T16:06:10.5848871+05:30"
"1249","exercise-form-trainer-accessible-interface","OpenMakerProjects/exercise-form-trainer-accessible-interface","public","failed","False","https://github.com/OpenMakerProjects/exercise-form-trainer-accessible-interface","Could not create OpenMakerProjects/exercise-form-trainer-accessible-interface
GraphQL: You have created too many repositories, too quickly. Please try again later. (createRepository)","2026-10-02T16:06:13.9403394+05:30"
"1250","exercise-form-trainer-data-export","OpenMakerProjects/exercise-form-trainer-data-export","public","failed","False","https://github.com/OpenMakerProjects/exercise-form-trainer-data-export","Could not create OpenMakerProjects/exercise-form-trainer-data-export
GraphQL: You have created too many repositories, too quickly. Please try again later. (createRepository)","2026-10-02T16:06:16.9695675+05:30"
"1251","breathing-pace-guide-personal-reminders","OpenMakerProjects/breathing-pace-guide-personal-reminders","public","failed","False","https://github.com/OpenMakerProjects/breathing-pace-guide-personal-reminders","Could not create OpenMakerProjects/breathing-pace-guide-personal-reminders
GraphQL: You have created too many repositories, too quickly. Please try again later. (createRepository)","2026-10-02T16:06:19.8827994+05:30"
"1252","breathing-pace-guide-trend-dashboard","OpenMakerProjects/breathing-pace-guide-trend-dashboard","public","failed","False","https://github.com/OpenMakerProjects/breathing-pace-guide-trend-dashboard","Could not create OpenMakerProjects/breathing-pace-guide-trend-dashboard
GraphQL: You have created too many repositories, too quickly. Please try again later. (createRepository)","2026-10-02T16:06:24.0425199+05:30"
"1253","breathing-pace-guide-haptic-coaching","OpenMakerProjects/breathing-pace-guide-haptic-coaching","public","failed","False","https://github.com/OpenMakerProjects/breathing-pace-guide-haptic-coaching","Could not create OpenMakerProjects/breathing-pace-guide-haptic-coaching
GraphQL: You have created too many repositories, too quickly. Please try again later. (createRepository)","2026-10-02T16:06:27.0075367+05:30"
"1254","breathing-pace-guide-session-logging","OpenMakerProjects/breathing-pace-guide-session-logging","public","failed","False","https://github.com/OpenMakerProjects/breathing-pace-guide-session-logging","Could not create OpenMakerProjects/breathing-pace-guide-session-logging
GraphQL: You have created too many repositories, too quickly. Please try again later. (createRepository)","2026-10-02T16:06:30.2663254+05:30"
"1255","breathing-pace-guide-goal-tracking","OpenMakerProjects/breathing-pace-guide-goal-tracking","public","failed","False","https://github.com/OpenMakerProjects/breathing-pace-guide-goal-tracking","Could not create OpenMakerProjects/breathing-pace-guide-goal-tracking
GraphQL: You have created too many repositories, too quickly. Please try again later. (createRepository)","2026-10-02T16:06:33.4224836+05:30"
"1256","breathing-pace-guide-caregiver-notifications","OpenMakerProjects/breathing-pace-guide-caregiver-notifications","public","failed","False","https://github.com/OpenMakerProjects/breathing-pace-guide-caregiver-notifications","Could not create OpenMakerProjects/breathing-pace-guide-caregiver-notifications
GraphQL: You have created too many repositories, too quickly. Please try again later. (createRepository)","2026-10-02T16:06:36.2249032+05:30"
"1257","breathing-pace-guide-privacy-first-storage","OpenMakerProjects/breathing-pace-guide-privacy-first-storage","public","failed","False","https://github.com/OpenMakerProjects/breathing-pace-guide-privacy-first-storage","Could not create OpenMakerProjects/breathing-pace-guide-privacy-first-storage
GraphQL: You have created too many repositories, too quickly. Please try again later. (createRepository)","2026-10-02T16:06:39.3068927+05:30"
"1258","breathing-pace-guide-adaptive-timing","OpenMakerProjects/breathing-pace-guide-adaptive-timing","public","failed","False","https://github.com/OpenMakerProjects/breathing-pace-guide-adaptive-timing","Could not create OpenMakerProjects/breathing-pace-guide-adaptive-timing
GraphQL: You have created too many repositories, too quickly. Please try again later. (createRepository)","2026-10-02T16:06:42.6124571+05:30"
"1259","breathing-pace-guide-accessible-interface","OpenMakerProjects/breathing-pace-guide-accessible-interface","public","failed","False","https://github.com/OpenMakerProjects/breathing-pace-guide-accessible-interface","Could not create OpenMakerProjects/breathing-pace-guide-accessible-interface
GraphQL: You have created too many repositories, too quickly. Please try again later. (createRepository)","2026-10-02T16:06:45.6094183+05:30"
"1260","breathing-pace-guide-data-export","OpenMakerProjects/breathing-pace-guide-data-export","public","failed","False","https://github.com/OpenMakerProjects/breathing-pace-guide-data-export","Could not create OpenMakerProjects/breathing-pace-guide-data-export
GraphQL: You have created too many repositories, too quickly. Please try again later. (createRepository)","2026-10-02T16:06:48.7812484+05:30"
"1261","medication-reminder-box-personal-reminders","OpenMakerProjects/medication-reminder-box-personal-reminders","public","failed","False","https://github.com/OpenMakerProjects/medication-reminder-box-personal-reminders","Could not create OpenMakerProjects/medication-reminder-box-personal-reminders
GraphQL: You have created too many repositories, too quickly. Please try again later. (createRepository)","2026-10-02T16:06:51.8413596+05:30"
"1262","medication-reminder-box-trend-dashboard","OpenMakerProjects/medication-reminder-box-trend-dashboard","public","failed","False","https://github.com/OpenMakerProjects/medication-reminder-box-trend-dashboard","Could not create OpenMakerProjects/medication-reminder-box-trend-dashboard
GraphQL: You have created too many repositories, too quickly. Please try again later. (createRepository)","2026-10-02T16:06:54.9294301+05:30"
"1263","medication-reminder-box-haptic-coaching","OpenMakerProjects/medication-reminder-box-haptic-coaching","public","failed","False","https://github.com/OpenMakerProjects/medication-reminder-box-haptic-coaching","Could not create OpenMakerProjects/medication-reminder-box-haptic-coaching
GraphQL: You have created too many repositories, too quickly. Please try again later. (createRepository)","2026-10-02T16:06:57.9355353+05:30"
"1264","medication-reminder-box-session-logging","OpenMakerProjects/medication-reminder-box-session-logging","public","failed","False","https://github.com/OpenMakerProjects/medication-reminder-box-session-logging","Could not create OpenMakerProjects/medication-reminder-box-session-logging
GraphQL: You have created too many repositories, too quickly. Please try again later. (createRepository)","2026-10-02T16:07:00.9925881+05:30"
"1265","medication-reminder-box-goal-tracking","OpenMakerProjects/medication-reminder-box-goal-tracking","public","failed","False","https://github.com/OpenMakerProjects/medication-reminder-box-goal-tracking","Could not create OpenMakerProjects/medication-reminder-box-goal-tracking
GraphQL: You have created too many repositories, too quickly. Please try again later. (createRepository)","2026-10-02T16:07:04.0871786+05:30"
"1266","medication-reminder-box-caregiver-notifications","OpenMakerProjects/medication-reminder-box-caregiver-notifications","public","failed","False","https://github.com/OpenMakerProjects/medication-reminder-box-caregiver-notifications","Could not create OpenMakerProjects/medication-reminder-box-caregiver-notifications
GraphQL: You have created too many repositories, too quickly. Please try again later. (createRepository)","2026-10-02T16:07:07.1593411+05:30"
"1267","medication-reminder-box-privacy-first-storage","OpenMakerProjects/medication-reminder-box-privacy-first-storage","public","failed","False","https://github.com/OpenMakerProjects/medication-reminder-box-privacy-first-storage","Could not create OpenMakerProjects/medication-reminder-box-privacy-first-storage
GraphQL: You have created too many repositories, too quickly. Please try again later. (createRepository)","2026-10-02T16:07:10.0010583+05:30"
"1268","medication-reminder-box-adaptive-timing","OpenMakerProjects/medication-reminder-box-adaptive-timing","public","failed","False","https://github.com/OpenMakerProjects/medication-reminder-box-adaptive-timing","Could not create OpenMakerProjects/medication-reminder-box-adaptive-timing
GraphQL: You have created too many repositories, too quickly. Please try again later. (createRepository)","2026-10-02T16:07:13.3031384+05:30"
"1269","medication-reminder-box-accessible-interface","OpenMakerProjects/medication-reminder-box-accessible-interface","public","failed","False","https://github.com/OpenMakerProjects/medication-reminder-box-accessible-interface","Could not create OpenMakerProjects/medication-reminder-box-accessible-interface
GraphQL: You have created too many repositories, too quickly. Please try again later. (createRepository)","2026-10-02T16:07:16.4466406+05:30"
"1270","medication-reminder-box-data-export","OpenMakerProjects/medication-reminder-box-data-export","public","failed","False","https://github.com/OpenMakerProjects/medication-reminder-box-data-export","Could not create OpenMakerProjects/medication-reminder-box-data-export
GraphQL: You have created too many repositories, too quickly. Please try again later. (createRepository)","2026-10-02T16:07:19.6372296+05:30"
"1271","rehabilitation-motion-logger-personal-reminders","OpenMakerProjects/rehabilitation-motion-logger-personal-reminders","public","failed","False","https://github.com/OpenMakerProjects/rehabilitation-motion-logger-personal-reminders","Could not create OpenMakerProjects/rehabilitation-motion-logger-personal-reminders
GraphQL: You have created too many repositories, too quickly. Please try again later. (createRepository)","2026-10-02T16:07:22.7392529+05:30"
"1272","rehabilitation-motion-logger-trend-dashboard","OpenMakerProjects/rehabilitation-motion-logger-trend-dashboard","public","failed","False","https://github.com/OpenMakerProjects/rehabilitation-motion-logger-trend-dashboard","Could not create OpenMakerProjects/rehabilitation-motion-logger-trend-dashboard
GraphQL: You have created too many repositories, too quickly. Please try again later. (createRepository)","2026-10-02T16:07:26.0896565+05:30"
"1273","rehabilitation-motion-logger-haptic-coaching","OpenMakerProjects/rehabilitation-motion-logger-haptic-coaching","public","failed","False","https://github.com/OpenMakerProjects/rehabilitation-motion-logger-haptic-coaching","Could not create OpenMakerProjects/rehabilitation-motion-logger-haptic-coaching
GraphQL: You have created too many repositories, too quickly. Please try again later. (createRepository)","2026-10-02T16:07:29.8969598+05:30"
"1274","rehabilitation-motion-logger-session-logging","OpenMakerProjects/rehabilitation-motion-logger-session-logging","public","failed","False","https://github.com/OpenMakerProjects/rehabilitation-motion-logger-session-logging","Could not create OpenMakerProjects/rehabilitation-motion-logger-session-logging
GraphQL: You have created too many repositories, too quickly. Please try again later. (createRepository)","2026-10-02T16:07:33.2459451+05:30"
"1275","rehabilitation-motion-logger-goal-tracking","OpenMakerProjects/rehabilitation-motion-logger-goal-tracking","public","failed","False","https://github.com/OpenMakerProjects/rehabilitation-motion-logger-goal-tracking","Could not create OpenMakerProjects/rehabilitation-motion-logger-goal-tracking
GraphQL: You have created too many repositories, too quickly. Please try again later. (createRepository)","2026-10-02T16:07:36.5269134+05:30"
"1276","rehabilitation-motion-logger-caregiver-notifications","OpenMakerProjects/rehabilitation-motion-logger-caregiver-notifications","public","failed","False","https://github.com/OpenMakerProjects/rehabilitation-motion-logger-caregiver-notifications","Could not create OpenMakerProjects/rehabilitation-motion-logger-caregiver-notifications
GraphQL: You have created too many repositories, too quickly. Please try again later. (createRepository)","2026-10-02T16:07:39.4758497+05:30"
"1277","rehabilitation-motion-logger-privacy-first-storage","OpenMakerProjects/rehabilitation-motion-logger-privacy-first-storage","public","failed","False","https://github.com/OpenMakerProjects/rehabilitation-motion-logger-privacy-first-storage","Could not create OpenMakerProjects/rehabilitation-motion-logger-privacy-first-storage
GraphQL: You have created too many repositories, too quickly. Please try again later. (createRepository)","2026-10-02T16:07:42.3074814+05:30"
"1278","rehabilitation-motion-logger-adaptive-timing","OpenMakerProjects/rehabilitation-motion-logger-adaptive-timing","public","failed","False","https://github.com/OpenMakerProjects/rehabilitation-motion-logger-adaptive-timing","Could not create OpenMakerProjects/rehabilitation-motion-logger-adaptive-timing
GraphQL: You have created too many repositories, too quickly. Please try again later. (createRepository)","2026-10-02T16:07:45.1322376+05:30"
"1279","rehabilitation-motion-logger-accessible-interface","OpenMakerProjects/rehabilitation-motion-logger-accessible-interface","public","failed","False","https://github.com/OpenMakerProjects/rehabilitation-motion-logger-accessible-interface","Could not create OpenMakerProjects/rehabilitation-motion-logger-accessible-interface
GraphQL: You have created too many repositories, too quickly. Please try again later. (createRepository)","2026-10-02T16:07:48.1155139+05:30"
"1280","rehabilitation-motion-logger-data-export","OpenMakerProjects/rehabilitation-motion-logger-data-export","public","failed","False","https://github.com/OpenMakerProjects/rehabilitation-motion-logger-data-export","Could not create OpenMakerProjects/rehabilitation-motion-logger-data-export
GraphQL: You have created too many repositories, too quickly. Please try again later. (createRepository)","2026-10-02T16:07:51.2763700+05:30"
"1281","ergonomic-desk-coach-personal-reminders","OpenMakerProjects/ergonomic-desk-coach-personal-reminders","public","failed","False","https://github.com/OpenMakerProjects/ergonomic-desk-coach-personal-reminders","Could not create OpenMakerProjects/ergonomic-desk-coach-personal-reminders
GraphQL: You have created too many repositories, too quickly. Please try again later. (createRepository)","2026-10-02T16:07:54.3376910+05:30"
"1282","ergonomic-desk-coach-trend-dashboard","OpenMakerProjects/ergonomic-desk-coach-trend-dashboard","public","failed","False","https://github.com/OpenMakerProjects/ergonomic-desk-coach-trend-dashboard","Could not create OpenMakerProjects/ergonomic-desk-coach-trend-dashboard
GraphQL: You have created too many repositories, too quickly. Please try again later. (createRepository)","2026-10-02T16:07:57.4470511+05:30"
"1283","ergonomic-desk-coach-haptic-coaching","OpenMakerProjects/ergonomic-desk-coach-haptic-coaching","public","failed","False","https://github.com/OpenMakerProjects/ergonomic-desk-coach-haptic-coaching","Could not create OpenMakerProjects/ergonomic-desk-coach-haptic-coaching
GraphQL: You have created too many repositories, too quickly. Please try again later. (createRepository)","2026-10-02T16:08:00.2751338+05:30"
"1284","ergonomic-desk-coach-session-logging","OpenMakerProjects/ergonomic-desk-coach-session-logging","public","failed","False","https://github.com/OpenMakerProjects/ergonomic-desk-coach-session-logging","Could not create OpenMakerProjects/ergonomic-desk-coach-session-logging
GraphQL: You have created too many repositories, too quickly. Please try again later. (createRepository)","2026-10-02T16:08:06.8932524+05:30"
"1285","ergonomic-desk-coach-goal-tracking","OpenMakerProjects/ergonomic-desk-coach-goal-tracking","public","failed","False","https://github.com/OpenMakerProjects/ergonomic-desk-coach-goal-tracking","Could not create OpenMakerProjects/ergonomic-desk-coach-goal-tracking
GraphQL: You have created too many repositories, too quickly. Please try again later. (createRepository)","2026-10-02T16:08:09.9023673+05:30"
"1286","ergonomic-desk-coach-caregiver-notifications","OpenMakerProjects/ergonomic-desk-coach-caregiver-notifications","public","failed","False","https://github.com/OpenMakerProjects/ergonomic-desk-coach-caregiver-notifications","Could not create OpenMakerProjects/ergonomic-desk-coach-caregiver-notifications
GraphQL: You have created too many repositories, too quickly. Please try again later. (createRepository)","2026-10-02T16:08:12.8608024+05:30"
"1287","ergonomic-desk-coach-privacy-first-storage","OpenMakerProjects/ergonomic-desk-coach-privacy-first-storage","public","failed","False","https://github.com/OpenMakerProjects/ergonomic-desk-coach-privacy-first-storage","Could not create OpenMakerProjects/ergonomic-desk-coach-privacy-first-storage
GraphQL: You have created too many repositories, too quickly. Please try again later. (createRepository)","2026-10-02T16:08:17.7153721+05:30"
"1288","ergonomic-desk-coach-adaptive-timing","OpenMakerProjects/ergonomic-desk-coach-adaptive-timing","public","failed","False","https://github.com/OpenMakerProjects/ergonomic-desk-coach-adaptive-timing","Could not create OpenMakerProjects/ergonomic-desk-coach-adaptive-timing
GraphQL: You have created too many repositories, too quickly. Please try again later. (createRepository)","2026-10-02T16:08:20.6831495+05:30"
"1289","ergonomic-desk-coach-accessible-interface","OpenMakerProjects/ergonomic-desk-coach-accessible-interface","public","failed","False","https://github.com/OpenMakerProjects/ergonomic-desk-coach-accessible-interface","Could not create OpenMakerProjects/ergonomic-desk-coach-accessible-interface
GraphQL: You have created too many repositories, too quickly. Please try again later. (createRepository)","2026-10-02T16:08:23.7937470+05:30"
"1290","ergonomic-desk-coach-data-export","OpenMakerProjects/ergonomic-desk-coach-data-export","public","failed","False","https://github.com/OpenMakerProjects/ergonomic-desk-coach-data-export","Could not create OpenMakerProjects/ergonomic-desk-coach-data-export
GraphQL: You have created too many repositories, too quickly. Please try again later. (createRepository)","2026-10-02T16:08:27.3039884+05:30"
"1291","non-diagnostic-vital-trends-display-personal-reminders","OpenMakerProjects/non-diagnostic-vital-trends-display-personal-reminders","public","failed","False","https://github.com/OpenMakerProjects/non-diagnostic-vital-trends-display-personal-reminders","Could not create OpenMakerProjects/non-diagnostic-vital-trends-display-personal-reminders
GraphQL: You have created too many repositories, too quickly. Please try again later. (createRepository)","2026-10-02T16:08:30.2000010+05:30"
"1292","non-diagnostic-vital-trends-display-trend-dashboard","OpenMakerProjects/non-diagnostic-vital-trends-display-trend-dashboard","public","failed","False","https://github.com/OpenMakerProjects/non-diagnostic-vital-trends-display-trend-dashboard","Could not create OpenMakerProjects/non-diagnostic-vital-trends-display-trend-dashboard
GraphQL: You have created too many repositories, too quickly. Please try again later. (createRepository)","2026-10-02T16:08:33.3359572+05:30"
"1293","non-diagnostic-vital-trends-display-haptic-coaching","OpenMakerProjects/non-diagnostic-vital-trends-display-haptic-coaching","public","failed","False","https://github.com/OpenMakerProjects/non-diagnostic-vital-trends-display-haptic-coaching","Could not create OpenMakerProjects/non-diagnostic-vital-trends-display-haptic-coaching
GraphQL: You have created too many repositories, too quickly. Please try again later. (createRepository)","2026-10-02T16:08:36.7050443+05:30"
"1294","non-diagnostic-vital-trends-display-session-logging","OpenMakerProjects/non-diagnostic-vital-trends-display-session-logging","public","failed","False","https://github.com/OpenMakerProjects/non-diagnostic-vital-trends-display-session-logging","Could not create OpenMakerProjects/non-diagnostic-vital-trends-display-session-logging
GraphQL: You have created too many repositories, too quickly. Please try again later. (createRepository)","2026-10-02T16:08:39.8418808+05:30"
"1295","non-diagnostic-vital-trends-display-goal-tracking","OpenMakerProjects/non-diagnostic-vital-trends-display-goal-tracking","public","failed","False","https://github.com/OpenMakerProjects/non-diagnostic-vital-trends-display-goal-tracking","Could not create OpenMakerProjects/non-diagnostic-vital-trends-display-goal-tracking
GraphQL: You have created too many repositories, too quickly. Please try again later. (createRepository)","2026-10-02T16:08:42.6044490+05:30"
"1296","non-diagnostic-vital-trends-display-caregiver-notifications","OpenMakerProjects/non-diagnostic-vital-trends-display-caregiver-notifications","public","failed","False","https://github.com/OpenMakerProjects/non-diagnostic-vital-trends-display-caregiver-notifications","Could not create OpenMakerProjects/non-diagnostic-vital-trends-display-caregiver-notifications
GraphQL: You have created too many repositories, too quickly. Please try again later. (createRepository)","2026-10-02T16:08:46.1212286+05:30"
"1297","non-diagnostic-vital-trends-display-privacy-first-storage","OpenMakerProjects/non-diagnostic-vital-trends-display-privacy-first-storage","public","failed","False","https://github.com/OpenMakerProjects/non-diagnostic-vital-trends-display-privacy-first-storage","Could not create OpenMakerProjects/non-diagnostic-vital-trends-display-privacy-first-storage
GraphQL: You have created too many repositories, too quickly. Please try again later. (createRepository)","2026-10-02T16:08:49.6422953+05:30"
"1298","non-diagnostic-vital-trends-display-adaptive-timing","OpenMakerProjects/non-diagnostic-vital-trends-display-adaptive-timing","public","failed","False","https://github.com/OpenMakerProjects/non-diagnostic-vital-trends-display-adaptive-timing","Could not create OpenMakerProjects/non-diagnostic-vital-trends-display-adaptive-timing
GraphQL: You have created too many repositories, too quickly. Please try again later. (createRepository)","2026-10-02T16:08:52.8505542+05:30"
"1299","non-diagnostic-vital-trends-display-accessible-interface","OpenMakerProjects/non-diagnostic-vital-trends-display-accessible-interface","public","failed","False","https://github.com/OpenMakerProjects/non-diagnostic-vital-trends-display-accessible-interface","Could not create OpenMakerProjects/non-diagnostic-vital-trends-display-accessible-interface
GraphQL: You have created too many repositories, too quickly. Please try again later. (createRepository)","2026-10-02T16:08:55.7295617+05:30"
"1300","non-diagnostic-vital-trends-display-data-export","OpenMakerProjects/non-diagnostic-vital-trends-display-data-export","public","failed","False","https://github.com/OpenMakerProjects/non-diagnostic-vital-trends-display-data-export","Could not create OpenMakerProjects/non-diagnostic-vital-trends-display-data-export
GraphQL: You have created too many repositories, too quickly. Please try again later. (createRepository)","2026-10-02T16:08:58.8842194+05:30"
"1301","navigation-aid-haptic-guidance","OpenMakerProjects/navigation-aid-haptic-guidance","public","failed","False","https://github.com/OpenMakerProjects/navigation-aid-haptic-guidance","Could not create OpenMakerProjects/navigation-aid-haptic-guidance
GraphQL: You have created too many repositories, too quickly. Please try again later. (createRepository)","2026-10-02T16:09:01.7760467+05:30"
"1302","navigation-aid-spoken-feedback","OpenMakerProjects/navigation-aid-spoken-feedback","public","failed","False","https://github.com/OpenMakerProjects/navigation-aid-spoken-feedback","Could not create OpenMakerProjects/navigation-aid-spoken-feedback
GraphQL: You have created too many repositories, too quickly. Please try again later. (createRepository)","2026-10-02T16:09:05.2224155+05:30"
"1303","navigation-aid-large-control-interface","OpenMakerProjects/navigation-aid-large-control-interface","public","failed","False","https://github.com/OpenMakerProjects/navigation-aid-large-control-interface","Could not create OpenMakerProjects/navigation-aid-large-control-interface
GraphQL: You have created too many repositories, too quickly. Please try again later. (createRepository)","2026-10-02T16:09:08.1633107+05:30"
"1304","navigation-aid-gesture-input","OpenMakerProjects/navigation-aid-gesture-input","public","failed","False","https://github.com/OpenMakerProjects/navigation-aid-gesture-input","Could not create OpenMakerProjects/navigation-aid-gesture-input
GraphQL: You have created too many repositories, too quickly. Please try again later. (createRepository)","2026-10-02T16:09:11.5988350+05:30"
"1305","navigation-aid-switch-access","OpenMakerProjects/navigation-aid-switch-access","public","failed","False","https://github.com/OpenMakerProjects/navigation-aid-switch-access","Could not create OpenMakerProjects/navigation-aid-switch-access
GraphQL: You have created too many repositories, too quickly. Please try again later. (createRepository)","2026-10-02T16:09:14.9636100+05:30"
"1306","navigation-aid-custom-profiles","OpenMakerProjects/navigation-aid-custom-profiles","public","failed","False","https://github.com/OpenMakerProjects/navigation-aid-custom-profiles","Could not create OpenMakerProjects/navigation-aid-custom-profiles
GraphQL: You have created too many repositories, too quickly. Please try again later. (createRepository)","2026-10-02T16:09:18.0812686+05:30"
"1307","navigation-aid-obstacle-alerts","OpenMakerProjects/navigation-aid-obstacle-alerts","public","failed","False","https://github.com/OpenMakerProjects/navigation-aid-obstacle-alerts","Could not create OpenMakerProjects/navigation-aid-obstacle-alerts
GraphQL: You have created too many repositories, too quickly. Please try again later. (createRepository)","2026-10-02T16:09:20.9186012+05:30"
"1308","navigation-aid-caregiver-setup","OpenMakerProjects/navigation-aid-caregiver-setup","public","failed","False","https://github.com/OpenMakerProjects/navigation-aid-caregiver-setup","Could not create OpenMakerProjects/navigation-aid-caregiver-setup
GraphQL: You have created too many repositories, too quickly. Please try again later. (createRepository)","2026-10-02T16:09:24.0616149+05:30"
"1309","navigation-aid-offline-recognition","OpenMakerProjects/navigation-aid-offline-recognition","public","failed","False","https://github.com/OpenMakerProjects/navigation-aid-offline-recognition","Could not create OpenMakerProjects/navigation-aid-offline-recognition
GraphQL: You have created too many repositories, too quickly. Please try again later. (createRepository)","2026-10-02T16:09:27.1712223+05:30"
"1310","navigation-aid-emergency-call-button","OpenMakerProjects/navigation-aid-emergency-call-button","public","failed","False","https://github.com/OpenMakerProjects/navigation-aid-emergency-call-button","Could not create OpenMakerProjects/navigation-aid-emergency-call-button
GraphQL: You have created too many repositories, too quickly. Please try again later. (createRepository)","2026-10-02T16:09:30.6459961+05:30"
"1311","object-label-reader-haptic-guidance","OpenMakerProjects/object-label-reader-haptic-guidance","public","failed","False","https://github.com/OpenMakerProjects/object-label-reader-haptic-guidance","Could not create OpenMakerProjects/object-label-reader-haptic-guidance
GraphQL: You have created too many repositories, too quickly. Please try again later. (createRepository)","2026-10-02T16:09:33.7499177+05:30"
"1312","object-label-reader-spoken-feedback","OpenMakerProjects/object-label-reader-spoken-feedback","public","failed","False","https://github.com/OpenMakerProjects/object-label-reader-spoken-feedback","Could not create OpenMakerProjects/object-label-reader-spoken-feedback
GraphQL: You have created too many repositories, too quickly. Please try again later. (createRepository)","2026-10-02T16:09:36.6847128+05:30"
"1313","object-label-reader-large-control-interface","OpenMakerProjects/object-label-reader-large-control-interface","public","failed","False","https://github.com/OpenMakerProjects/object-label-reader-large-control-interface","Could not create OpenMakerProjects/object-label-reader-large-control-interface
GraphQL: You have created too many repositories, too quickly. Please try again later. (createRepository)","2026-10-02T16:09:39.7836224+05:30"
"1314","object-label-reader-gesture-input","OpenMakerProjects/object-label-reader-gesture-input","public","failed","False","https://github.com/OpenMakerProjects/object-label-reader-gesture-input","Could not create OpenMakerProjects/object-label-reader-gesture-input
GraphQL: You have created too many repositories, too quickly. Please try again later. (createRepository)","2026-10-02T16:09:42.7019706+05:30"
"1315","object-label-reader-switch-access","OpenMakerProjects/object-label-reader-switch-access","public","failed","False","https://github.com/OpenMakerProjects/object-label-reader-switch-access","Could not create OpenMakerProjects/object-label-reader-switch-access
GraphQL: You have created too many repositories, too quickly. Please try again later. (createRepository)","2026-10-02T16:09:45.9972853+05:30"
"1316","object-label-reader-custom-profiles","OpenMakerProjects/object-label-reader-custom-profiles","public","failed","False","https://github.com/OpenMakerProjects/object-label-reader-custom-profiles","Could not create OpenMakerProjects/object-label-reader-custom-profiles
GraphQL: You have created too many repositories, too quickly. Please try again later. (createRepository)","2026-10-02T16:09:49.2053361+05:30"
"1317","object-label-reader-obstacle-alerts","OpenMakerProjects/object-label-reader-obstacle-alerts","public","failed","False","https://github.com/OpenMakerProjects/object-label-reader-obstacle-alerts","Could not create OpenMakerProjects/object-label-reader-obstacle-alerts
GraphQL: You have created too many repositories, too quickly. Please try again later. (createRepository)","2026-10-02T16:09:52.1261205+05:30"
"1318","object-label-reader-caregiver-setup","OpenMakerProjects/object-label-reader-caregiver-setup","public","failed","False","https://github.com/OpenMakerProjects/object-label-reader-caregiver-setup","Could not create OpenMakerProjects/object-label-reader-caregiver-setup
GraphQL: You have created too many repositories, too quickly. Please try again later. (createRepository)","2026-10-02T16:09:55.2938573+05:30"
"1319","object-label-reader-offline-recognition","OpenMakerProjects/object-label-reader-offline-recognition","public","failed","False","https://github.com/OpenMakerProjects/object-label-reader-offline-recognition","Could not create OpenMakerProjects/object-label-reader-offline-recognition
GraphQL: You have created too many repositories, too quickly. Please try again later. (createRepository)","2026-10-02T16:09:58.1406181+05:30"
"1320","object-label-reader-emergency-call-button","OpenMakerProjects/object-label-reader-emergency-call-button","public","failed","False","https://github.com/OpenMakerProjects/object-label-reader-emergency-call-button","Could not create OpenMakerProjects/object-label-reader-emergency-call-button
GraphQL: You have created too many repositories, too quickly. Please try again later. (createRepository)","2026-10-02T16:10:01.3593748+05:30"
"1321","accessible-door-controller-haptic-guidance","OpenMakerProjects/accessible-door-controller-haptic-guidance","public","failed","False","https://github.com/OpenMakerProjects/accessible-door-controller-haptic-guidance","Could not create OpenMakerProjects/accessible-door-controller-haptic-guidance
GraphQL: You have created too many repositories, too quickly. Please try again later. (createRepository)","2026-10-02T16:10:04.4482383+05:30"
"1322","accessible-door-controller-spoken-feedback","OpenMakerProjects/accessible-door-controller-spoken-feedback","public","failed","False","https://github.com/OpenMakerProjects/accessible-door-controller-spoken-feedback","Could not create OpenMakerProjects/accessible-door-controller-spoken-feedback
GraphQL: You have created too many repositories, too quickly. Please try again later. (createRepository)","2026-10-02T16:10:07.5566334+05:30"
"1323","accessible-door-controller-large-control-interface","OpenMakerProjects/accessible-door-controller-large-control-interface","public","failed","False","https://github.com/OpenMakerProjects/accessible-door-controller-large-control-interface","Could not create OpenMakerProjects/accessible-door-controller-large-control-interface
GraphQL: You have created too many repositories, too quickly. Please try again later. (createRepository)","2026-10-02T16:10:10.5286392+05:30"
"1324","accessible-door-controller-gesture-input","OpenMakerProjects/accessible-door-controller-gesture-input","public","failed","False","https://github.com/OpenMakerProjects/accessible-door-controller-gesture-input","Could not create OpenMakerProjects/accessible-door-controller-gesture-input
GraphQL: You have created too many repositories, too quickly. Please try again later. (createRepository)","2026-10-02T16:10:13.5621859+05:30"
"1325","accessible-door-controller-switch-access","OpenMakerProjects/accessible-door-controller-switch-access","public","failed","False","https://github.com/OpenMakerProjects/accessible-door-controller-switch-access","Could not create OpenMakerProjects/accessible-door-controller-switch-access
GraphQL: You have created too many repositories, too quickly. Please try again later. (createRepository)","2026-10-02T16:10:16.6709570+05:30"
"1326","accessible-door-controller-custom-profiles","OpenMakerProjects/accessible-door-controller-custom-profiles","public","failed","False","https://github.com/OpenMakerProjects/accessible-door-controller-custom-profiles","Could not create OpenMakerProjects/accessible-door-controller-custom-profiles
GraphQL: You have created too many repositories, too quickly. Please try again later. (createRepository)","2026-10-02T16:10:19.5614210+05:30"
"1327","accessible-door-controller-obstacle-alerts","OpenMakerProjects/accessible-door-controller-obstacle-alerts","public","failed","False","https://github.com/OpenMakerProjects/accessible-door-controller-obstacle-alerts","Could not create OpenMakerProjects/accessible-door-controller-obstacle-alerts
GraphQL: You have created too many repositories, too quickly. Please try again later. (createRepository)","2026-10-02T16:10:22.6629900+05:30"
"1328","accessible-door-controller-caregiver-setup","OpenMakerProjects/accessible-door-controller-caregiver-setup","public","failed","False","https://github.com/OpenMakerProjects/accessible-door-controller-caregiver-setup","Could not create OpenMakerProjects/accessible-door-controller-caregiver-setup
GraphQL: You have created too many repositories, too quickly. Please try again later. (createRepository)","2026-10-02T16:10:26.4823703+05:30"
"1329","accessible-door-controller-offline-recognition","OpenMakerProjects/accessible-door-controller-offline-recognition","public","failed","False","https://github.com/OpenMakerProjects/accessible-door-controller-offline-recognition","Could not create OpenMakerProjects/accessible-door-controller-offline-recognition
GraphQL: You have created too many repositories, too quickly. Please try again later. (createRepository)","2026-10-02T16:10:29.4613683+05:30"
"1330","accessible-door-controller-emergency-call-button","OpenMakerProjects/accessible-door-controller-emergency-call-button","public","failed","False","https://github.com/OpenMakerProjects/accessible-door-controller-emergency-call-button","Could not create OpenMakerProjects/accessible-door-controller-emergency-call-button
GraphQL: You have created too many repositories, too quickly. Please try again later. (createRepository)","2026-10-02T16:10:32.8828099+05:30"
"1331","speech-assistance-console-haptic-guidance","OpenMakerProjects/speech-assistance-console-haptic-guidance","public","failed","False","https://github.com/OpenMakerProjects/speech-assistance-console-haptic-guidance","Could not create OpenMakerProjects/speech-assistance-console-haptic-guidance
GraphQL: You have created too many repositories, too quickly. Please try again later. (createRepository)","2026-10-02T16:10:38.5620286+05:30"
"1332","speech-assistance-console-spoken-feedback","OpenMakerProjects/speech-assistance-console-spoken-feedback","public","failed","False","https://github.com/OpenMakerProjects/speech-assistance-console-spoken-feedback","Could not create OpenMakerProjects/speech-assistance-console-spoken-feedback
GraphQL: You have created too many repositories, too quickly. Please try again later. (createRepository)","2026-10-02T16:10:43.9828698+05:30"
"1333","speech-assistance-console-large-control-interface","OpenMakerProjects/speech-assistance-console-large-control-interface","public","failed","False","https://github.com/OpenMakerProjects/speech-assistance-console-large-control-interface","Could not create OpenMakerProjects/speech-assistance-console-large-control-interface
GraphQL: You have created too many repositories, too quickly. Please try again later. (createRepository)","2026-10-02T16:10:47.9671127+05:30"
"1334","speech-assistance-console-gesture-input","OpenMakerProjects/speech-assistance-console-gesture-input","public","failed","False","https://github.com/OpenMakerProjects/speech-assistance-console-gesture-input","Could not create OpenMakerProjects/speech-assistance-console-gesture-input
GraphQL: You have created too many repositories, too quickly. Please try again later. (createRepository)","2026-10-02T16:10:51.4994630+05:30"
"1335","speech-assistance-console-switch-access","OpenMakerProjects/speech-assistance-console-switch-access","public","failed","False","https://github.com/OpenMakerProjects/speech-assistance-console-switch-access","Could not create OpenMakerProjects/speech-assistance-console-switch-access
GraphQL: You have created too many repositories, too quickly. Please try again later. (createRepository)","2026-10-02T16:10:54.8057754+05:30"
"1336","speech-assistance-console-custom-profiles","OpenMakerProjects/speech-assistance-console-custom-profiles","public","failed","False","https://github.com/OpenMakerProjects/speech-assistance-console-custom-profiles","Could not create OpenMakerProjects/speech-assistance-console-custom-profiles
GraphQL: You have created too many repositories, too quickly. Please try again later. (createRepository)","2026-10-02T16:10:57.5920938+05:30"
"1337","speech-assistance-console-obstacle-alerts","OpenMakerProjects/speech-assistance-console-obstacle-alerts","public","failed","False","https://github.com/OpenMakerProjects/speech-assistance-console-obstacle-alerts","Could not create OpenMakerProjects/speech-assistance-console-obstacle-alerts
GraphQL: You have created too many repositories, too quickly. Please try again later. (createRepository)","2026-10-02T16:11:00.7961948+05:30"
"1338","speech-assistance-console-caregiver-setup","OpenMakerProjects/speech-assistance-console-caregiver-setup","public","failed","False","https://github.com/OpenMakerProjects/speech-assistance-console-caregiver-setup","Could not create OpenMakerProjects/speech-assistance-console-caregiver-setup
GraphQL: You have created too many repositories, too quickly. Please try again later. (createRepository)","2026-10-02T16:11:03.9722264+05:30"
"1339","speech-assistance-console-offline-recognition","OpenMakerProjects/speech-assistance-console-offline-recognition","public","failed","False","https://github.com/OpenMakerProjects/speech-assistance-console-offline-recognition","Could not create OpenMakerProjects/speech-assistance-console-offline-recognition
GraphQL: You have created too many repositories, too quickly. Please try again later. (createRepository)","2026-10-02T16:11:06.8612475+05:30"
"1340","speech-assistance-console-emergency-call-button","OpenMakerProjects/speech-assistance-console-emergency-call-button","public","failed","False","https://github.com/OpenMakerProjects/speech-assistance-console-emergency-call-button","Could not create OpenMakerProjects/speech-assistance-console-emergency-call-button
GraphQL: You have created too many repositories, too quickly. Please try again later. (createRepository)","2026-10-02T16:11:09.9042680+05:30"
"1341","hearing-alert-wearable-haptic-guidance","OpenMakerProjects/hearing-alert-wearable-haptic-guidance","public","failed","False","https://github.com/OpenMakerProjects/hearing-alert-wearable-haptic-guidance","Could not create OpenMakerProjects/hearing-alert-wearable-haptic-guidance
GraphQL: You have created too many repositories, too quickly. Please try again later. (createRepository)","2026-10-02T16:11:13.1244925+05:30"
"1342","hearing-alert-wearable-spoken-feedback","OpenMakerProjects/hearing-alert-wearable-spoken-feedback","public","failed","False","https://github.com/OpenMakerProjects/hearing-alert-wearable-spoken-feedback","Could not create OpenMakerProjects/hearing-alert-wearable-spoken-feedback
GraphQL: You have created too many repositories, too quickly. Please try again later. (createRepository)","2026-10-02T16:11:16.7008223+05:30"
"1343","hearing-alert-wearable-large-control-interface","OpenMakerProjects/hearing-alert-wearable-large-control-interface","public","failed","False","https://github.com/OpenMakerProjects/hearing-alert-wearable-large-control-interface","Could not create OpenMakerProjects/hearing-alert-wearable-large-control-interface
GraphQL: You have created too many repositories, too quickly. Please try again later. (createRepository)","2026-10-02T16:11:19.6634188+05:30"
"1344","hearing-alert-wearable-gesture-input","OpenMakerProjects/hearing-alert-wearable-gesture-input","public","failed","False","https://github.com/OpenMakerProjects/hearing-alert-wearable-gesture-input","Could not create OpenMakerProjects/hearing-alert-wearable-gesture-input
GraphQL: You have created too many repositories, too quickly. Please try again later. (createRepository)","2026-10-02T16:11:22.7185105+05:30"
"1345","hearing-alert-wearable-switch-access","OpenMakerProjects/hearing-alert-wearable-switch-access","public","failed","False","https://github.com/OpenMakerProjects/hearing-alert-wearable-switch-access","Could not create OpenMakerProjects/hearing-alert-wearable-switch-access
GraphQL: You have created too many repositories, too quickly. Please try again later. (createRepository)","2026-10-02T16:11:25.8013401+05:30"
"1346","hearing-alert-wearable-custom-profiles","OpenMakerProjects/hearing-alert-wearable-custom-profiles","public","failed","False","https://github.com/OpenMakerProjects/hearing-alert-wearable-custom-profiles","Could not create OpenMakerProjects/hearing-alert-wearable-custom-profiles
GraphQL: You have created too many repositories, too quickly. Please try again later. (createRepository)","2026-10-02T16:11:29.1745607+05:30"
"1347","hearing-alert-wearable-obstacle-alerts","OpenMakerProjects/hearing-alert-wearable-obstacle-alerts","public","failed","False","https://github.com/OpenMakerProjects/hearing-alert-wearable-obstacle-alerts","Could not create OpenMakerProjects/hearing-alert-wearable-obstacle-alerts
GraphQL: You have created too many repositories, too quickly. Please try again later. (createRepository)","2026-10-02T16:11:32.5204954+05:30"
"1348","hearing-alert-wearable-caregiver-setup","OpenMakerProjects/hearing-alert-wearable-caregiver-setup","public","failed","False","https://github.com/OpenMakerProjects/hearing-alert-wearable-caregiver-setup","Could not create OpenMakerProjects/hearing-alert-wearable-caregiver-setup
GraphQL: You have created too many repositories, too quickly. Please try again later. (createRepository)","2026-10-02T16:11:35.5810831+05:30"
"1349","hearing-alert-wearable-offline-recognition","OpenMakerProjects/hearing-alert-wearable-offline-recognition","public","failed","False","https://github.com/OpenMakerProjects/hearing-alert-wearable-offline-recognition","Could not create OpenMakerProjects/hearing-alert-wearable-offline-recognition
GraphQL: You have created too many repositories, too quickly. Please try again later. (createRepository)","2026-10-02T16:11:38.6440885+05:30"
"1350","hearing-alert-wearable-emergency-call-button","OpenMakerProjects/hearing-alert-wearable-emergency-call-button","public","failed","False","https://github.com/OpenMakerProjects/hearing-alert-wearable-emergency-call-button","Could not create OpenMakerProjects/hearing-alert-wearable-emergency-call-button
GraphQL: You have created too many repositories, too quickly. Please try again later. (createRepository)","2026-10-02T16:11:41.8888505+05:30"
"1351","one-handed-input-device-haptic-guidance","OpenMakerProjects/one-handed-input-device-haptic-guidance","public","failed","False","https://github.com/OpenMakerProjects/one-handed-input-device-haptic-guidance","Could not create OpenMakerProjects/one-handed-input-device-haptic-guidance
GraphQL: You have created too many repositories, too quickly. Please try again later. (createRepository)","2026-10-02T16:11:44.9955101+05:30"
"1352","one-handed-input-device-spoken-feedback","OpenMakerProjects/one-handed-input-device-spoken-feedback","public","failed","False","https://github.com/OpenMakerProjects/one-handed-input-device-spoken-feedback","Could not create OpenMakerProjects/one-handed-input-device-spoken-feedback
GraphQL: You have created too many repositories, too quickly. Please try again later. (createRepository)","2026-10-02T16:11:48.3282968+05:30"
"1353","one-handed-input-device-large-control-interface","OpenMakerProjects/one-handed-input-device-large-control-interface","public","failed","False","https://github.com/OpenMakerProjects/one-handed-input-device-large-control-interface","Could not create OpenMakerProjects/one-handed-input-device-large-control-interface
GraphQL: You have created too many repositories, too quickly. Please try again later. (createRepository)","2026-10-02T16:11:51.8152265+05:30"
"1354","one-handed-input-device-gesture-input","OpenMakerProjects/one-handed-input-device-gesture-input","public","failed","False","https://github.com/OpenMakerProjects/one-handed-input-device-gesture-input","Could not create OpenMakerProjects/one-handed-input-device-gesture-input
GraphQL: You have created too many repositories, too quickly. Please try again later. (createRepository)","2026-10-02T16:11:55.0129911+05:30"
"1355","one-handed-input-device-switch-access","OpenMakerProjects/one-handed-input-device-switch-access","public","failed","False","https://github.com/OpenMakerProjects/one-handed-input-device-switch-access","Could not create OpenMakerProjects/one-handed-input-device-switch-access
GraphQL: You have created too many repositories, too quickly. Please try again later. (createRepository)","2026-10-02T16:11:57.8545951+05:30"
"1356","one-handed-input-device-custom-profiles","OpenMakerProjects/one-handed-input-device-custom-profiles","public","failed","False","https://github.com/OpenMakerProjects/one-handed-input-device-custom-profiles","Could not create OpenMakerProjects/one-handed-input-device-custom-profiles
GraphQL: You have created too many repositories, too quickly. Please try again later. (createRepository)","2026-10-02T16:12:00.8919288+05:30"
"1357","one-handed-input-device-obstacle-alerts","OpenMakerProjects/one-handed-input-device-obstacle-alerts","public","failed","False","https://github.com/OpenMakerProjects/one-handed-input-device-obstacle-alerts","Could not create OpenMakerProjects/one-handed-input-device-obstacle-alerts
GraphQL: You have created too many repositories, too quickly. Please try again later. (createRepository)","2026-10-02T16:12:03.9895609+05:30"
"1358","one-handed-input-device-caregiver-setup","OpenMakerProjects/one-handed-input-device-caregiver-setup","public","failed","False","https://github.com/OpenMakerProjects/one-handed-input-device-caregiver-setup","Could not create OpenMakerProjects/one-handed-input-device-caregiver-setup
GraphQL: You have created too many repositories, too quickly. Please try again later. (createRepository)","2026-10-02T16:12:07.5596609+05:30"
"1359","one-handed-input-device-offline-recognition","OpenMakerProjects/one-handed-input-device-offline-recognition","public","failed","False","https://github.com/OpenMakerProjects/one-handed-input-device-offline-recognition","Could not create OpenMakerProjects/one-handed-input-device-offline-recognition
GraphQL: You have created too many repositories, too quickly. Please try again later. (createRepository)","2026-10-02T16:12:10.8710142+05:30"
"1360","one-handed-input-device-emergency-call-button","OpenMakerProjects/one-handed-input-device-emergency-call-button","public","failed","False","https://github.com/OpenMakerProjects/one-handed-input-device-emergency-call-button","Could not create OpenMakerProjects/one-handed-input-device-emergency-call-button
GraphQL: You have created too many repositories, too quickly. Please try again later. (createRepository)","2026-10-02T16:12:14.0891937+05:30"
"1361","wheelchair-environment-controller-haptic-guidance","OpenMakerProjects/wheelchair-environment-controller-haptic-guidance","public","failed","False","https://github.com/OpenMakerProjects/wheelchair-environment-controller-haptic-guidance","Could not create OpenMakerProjects/wheelchair-environment-controller-haptic-guidance
GraphQL: You have created too many repositories, too quickly. Please try again later. (createRepository)","2026-10-02T16:12:17.3042293+05:30"
"1362","wheelchair-environment-controller-spoken-feedback","OpenMakerProjects/wheelchair-environment-controller-spoken-feedback","public","failed","False","https://github.com/OpenMakerProjects/wheelchair-environment-controller-spoken-feedback","Could not create OpenMakerProjects/wheelchair-environment-controller-spoken-feedback
GraphQL: You have created too many repositories, too quickly. Please try again later. (createRepository)","2026-10-02T16:12:20.9508765+05:30"
"1363","wheelchair-environment-controller-large-control-interface","OpenMakerProjects/wheelchair-environment-controller-large-control-interface","public","failed","False","https://github.com/OpenMakerProjects/wheelchair-environment-controller-large-control-interface","Could not create OpenMakerProjects/wheelchair-environment-controller-large-control-interface
GraphQL: You have created too many repositories, too quickly. Please try again later. (createRepository)","2026-10-02T16:12:24.2016542+05:30"
"1364","wheelchair-environment-controller-gesture-input","OpenMakerProjects/wheelchair-environment-controller-gesture-input","public","failed","False","https://github.com/OpenMakerProjects/wheelchair-environment-controller-gesture-input","Could not create OpenMakerProjects/wheelchair-environment-controller-gesture-input
GraphQL: You have created too many repositories, too quickly. Please try again later. (createRepository)","2026-10-02T16:12:27.9310220+05:30"
"1365","wheelchair-environment-controller-switch-access","OpenMakerProjects/wheelchair-environment-controller-switch-access","public","failed","False","https://github.com/OpenMakerProjects/wheelchair-environment-controller-switch-access","Could not create OpenMakerProjects/wheelchair-environment-controller-switch-access
GraphQL: You have created too many repositories, too quickly. Please try again later. (createRepository)","2026-10-02T16:12:31.4291315+05:30"
"1366","wheelchair-environment-controller-custom-profiles","OpenMakerProjects/wheelchair-environment-controller-custom-profiles","public","failed","False","https://github.com/OpenMakerProjects/wheelchair-environment-controller-custom-profiles","Could not create OpenMakerProjects/wheelchair-environment-controller-custom-profiles
GraphQL: You have created too many repositories, too quickly. Please try again later. (createRepository)","2026-10-02T16:12:34.3169156+05:30"
"1367","wheelchair-environment-controller-obstacle-alerts","OpenMakerProjects/wheelchair-environment-controller-obstacle-alerts","public","failed","False","https://github.com/OpenMakerProjects/wheelchair-environment-controller-obstacle-alerts","Could not create OpenMakerProjects/wheelchair-environment-controller-obstacle-alerts
GraphQL: You have created too many repositories, too quickly. Please try again later. (createRepository)","2026-10-02T16:12:37.3142247+05:30"
"1368","wheelchair-environment-controller-caregiver-setup","OpenMakerProjects/wheelchair-environment-controller-caregiver-setup","public","failed","False","https://github.com/OpenMakerProjects/wheelchair-environment-controller-caregiver-setup","Could not create OpenMakerProjects/wheelchair-environment-controller-caregiver-setup
GraphQL: You have created too many repositories, too quickly. Please try again later. (createRepository)","2026-10-02T16:12:40.2989279+05:30"
"1369","wheelchair-environment-controller-offline-recognition","OpenMakerProjects/wheelchair-environment-controller-offline-recognition","public","failed","False","https://github.com/OpenMakerProjects/wheelchair-environment-controller-offline-recognition","Could not create OpenMakerProjects/wheelchair-environment-controller-offline-recognition
GraphQL: You have created too many repositories, too quickly. Please try again later. (createRepository)","2026-10-02T16:12:43.2036595+05:30"
"1370","wheelchair-environment-controller-emergency-call-button","OpenMakerProjects/wheelchair-environment-controller-emergency-call-button","public","failed","False","https://github.com/OpenMakerProjects/wheelchair-environment-controller-emergency-call-button","Could not create OpenMakerProjects/wheelchair-environment-controller-emergency-call-button
GraphQL: You have created too many repositories, too quickly. Please try again later. (createRepository)","2026-10-02T16:12:46.6585209+05:30"
"1371","tactile-clock-haptic-guidance","OpenMakerProjects/tactile-clock-haptic-guidance","public","failed","False","https://github.com/OpenMakerProjects/tactile-clock-haptic-guidance","Could not create OpenMakerProjects/tactile-clock-haptic-guidance
GraphQL: You have created too many repositories, too quickly. Please try again later. (createRepository)","2026-10-02T16:12:50.1280062+05:30"
"1372","tactile-clock-spoken-feedback","OpenMakerProjects/tactile-clock-spoken-feedback","public","failed","False","https://github.com/OpenMakerProjects/tactile-clock-spoken-feedback","Could not create OpenMakerProjects/tactile-clock-spoken-feedback
GraphQL: You have created too many repositories, too quickly. Please try again later. (createRepository)","2026-10-02T16:12:53.7610879+05:30"
"1373","tactile-clock-large-control-interface","OpenMakerProjects/tactile-clock-large-control-interface","public","failed","False","https://github.com/OpenMakerProjects/tactile-clock-large-control-interface","Could not create OpenMakerProjects/tactile-clock-large-control-interface
GraphQL: You have created too many repositories, too quickly. Please try again later. (createRepository)","2026-10-02T16:12:57.1257663+05:30"
"1374","tactile-clock-gesture-input","OpenMakerProjects/tactile-clock-gesture-input","public","failed","False","https://github.com/OpenMakerProjects/tactile-clock-gesture-input","Could not create OpenMakerProjects/tactile-clock-gesture-input
GraphQL: You have created too many repositories, too quickly. Please try again later. (createRepository)","2026-10-02T16:12:59.9467290+05:30"
"1375","tactile-clock-switch-access","OpenMakerProjects/tactile-clock-switch-access","public","failed","False","https://github.com/OpenMakerProjects/tactile-clock-switch-access","Could not create OpenMakerProjects/tactile-clock-switch-access
GraphQL: You have created too many repositories, too quickly. Please try again later. (createRepository)","2026-10-02T16:13:02.8295191+05:30"
"1376","tactile-clock-custom-profiles","OpenMakerProjects/tactile-clock-custom-profiles","public","failed","False","https://github.com/OpenMakerProjects/tactile-clock-custom-profiles","Could not create OpenMakerProjects/tactile-clock-custom-profiles
GraphQL: You have created too many repositories, too quickly. Please try again later. (createRepository)","2026-10-02T16:13:06.1754934+05:30"
"1377","tactile-clock-obstacle-alerts","OpenMakerProjects/tactile-clock-obstacle-alerts","public","failed","False","https://github.com/OpenMakerProjects/tactile-clock-obstacle-alerts","Could not create OpenMakerProjects/tactile-clock-obstacle-alerts
GraphQL: You have created too many repositories, too quickly. Please try again later. (createRepository)","2026-10-02T16:13:09.4129851+05:30"
"1378","tactile-clock-caregiver-setup","OpenMakerProjects/tactile-clock-caregiver-setup","public","failed","False","https://github.com/OpenMakerProjects/tactile-clock-caregiver-setup","Could not create OpenMakerProjects/tactile-clock-caregiver-setup
GraphQL: You have created too many repositories, too quickly. Please try again later. (createRepository)","2026-10-02T16:13:12.9225702+05:30"
"1379","tactile-clock-offline-recognition","OpenMakerProjects/tactile-clock-offline-recognition","public","failed","False","https://github.com/OpenMakerProjects/tactile-clock-offline-recognition","Could not create OpenMakerProjects/tactile-clock-offline-recognition
GraphQL: You have created too many repositories, too quickly. Please try again later. (createRepository)","2026-10-02T16:13:15.9929948+05:30"
"1380","tactile-clock-emergency-call-button","OpenMakerProjects/tactile-clock-emergency-call-button","public","failed","False","https://github.com/OpenMakerProjects/tactile-clock-emergency-call-button","Could not create OpenMakerProjects/tactile-clock-emergency-call-button
GraphQL: You have created too many repositories, too quickly. Please try again later. (createRepository)","2026-10-02T16:13:19.3582509+05:30"
"1381","medication-identification-aid-haptic-guidance","OpenMakerProjects/medication-identification-aid-haptic-guidance","public","failed","False","https://github.com/OpenMakerProjects/medication-identification-aid-haptic-guidance","Could not create OpenMakerProjects/medication-identification-aid-haptic-guidance
GraphQL: You have created too many repositories, too quickly. Please try again later. (createRepository)","2026-10-02T16:13:22.4145312+05:30"
"1382","medication-identification-aid-spoken-feedback","OpenMakerProjects/medication-identification-aid-spoken-feedback","public","failed","False","https://github.com/OpenMakerProjects/medication-identification-aid-spoken-feedback","Could not create OpenMakerProjects/medication-identification-aid-spoken-feedback
GraphQL: You have created too many repositories, too quickly. Please try again later. (createRepository)","2026-10-02T16:13:25.4955771+05:30"
"1383","medication-identification-aid-large-control-interface","OpenMakerProjects/medication-identification-aid-large-control-interface","public","failed","False","https://github.com/OpenMakerProjects/medication-identification-aid-large-control-interface","Could not create OpenMakerProjects/medication-identification-aid-large-control-interface
GraphQL: You have created too many repositories, too quickly. Please try again later. (createRepository)","2026-10-02T16:13:28.6795270+05:30"
"1384","medication-identification-aid-gesture-input","OpenMakerProjects/medication-identification-aid-gesture-input","public","failed","False","https://github.com/OpenMakerProjects/medication-identification-aid-gesture-input","Could not create OpenMakerProjects/medication-identification-aid-gesture-input
GraphQL: You have created too many repositories, too quickly. Please try again later. (createRepository)","2026-10-02T16:13:32.5118025+05:30"
"1385","medication-identification-aid-switch-access","OpenMakerProjects/medication-identification-aid-switch-access","public","failed","False","https://github.com/OpenMakerProjects/medication-identification-aid-switch-access","Could not create OpenMakerProjects/medication-identification-aid-switch-access
GraphQL: You have created too many repositories, too quickly. Please try again later. (createRepository)","2026-10-02T16:13:36.0042196+05:30"
"1386","medication-identification-aid-custom-profiles","OpenMakerProjects/medication-identification-aid-custom-profiles","public","failed","False","https://github.com/OpenMakerProjects/medication-identification-aid-custom-profiles","Could not create OpenMakerProjects/medication-identification-aid-custom-profiles
GraphQL: You have created too many repositories, too quickly. Please try again later. (createRepository)","2026-10-02T16:13:38.8464403+05:30"
"1387","medication-identification-aid-obstacle-alerts","OpenMakerProjects/medication-identification-aid-obstacle-alerts","public","failed","False","https://github.com/OpenMakerProjects/medication-identification-aid-obstacle-alerts","Could not create OpenMakerProjects/medication-identification-aid-obstacle-alerts
GraphQL: You have created too many repositories, too quickly. Please try again later. (createRepository)","2026-10-02T16:13:41.8087212+05:30"
"1388","medication-identification-aid-caregiver-setup","OpenMakerProjects/medication-identification-aid-caregiver-setup","public","failed","False","https://github.com/OpenMakerProjects/medication-identification-aid-caregiver-setup","Could not create OpenMakerProjects/medication-identification-aid-caregiver-setup
GraphQL: You have created too many repositories, too quickly. Please try again later. (createRepository)","2026-10-02T16:13:44.9780191+05:30"
"1389","medication-identification-aid-offline-recognition","OpenMakerProjects/medication-identification-aid-offline-recognition","public","failed","False","https://github.com/OpenMakerProjects/medication-identification-aid-offline-recognition","Could not create OpenMakerProjects/medication-identification-aid-offline-recognition
GraphQL: You have created too many repositories, too quickly. Please try again later. (createRepository)","2026-10-02T16:13:48.1502024+05:30"
"1390","medication-identification-aid-emergency-call-button","OpenMakerProjects/medication-identification-aid-emergency-call-button","public","failed","False","https://github.com/OpenMakerProjects/medication-identification-aid-emergency-call-button","Could not create OpenMakerProjects/medication-identification-aid-emergency-call-button
GraphQL: You have created too many repositories, too quickly. Please try again later. (createRepository)","2026-10-02T16:13:51.2784494+05:30"
"1391","accessible-classroom-remote-haptic-guidance","OpenMakerProjects/accessible-classroom-remote-haptic-guidance","public","failed","False","https://github.com/OpenMakerProjects/accessible-classroom-remote-haptic-guidance","Could not create OpenMakerProjects/accessible-classroom-remote-haptic-guidance
GraphQL: You have created too many repositories, too quickly. Please try again later. (createRepository)","2026-10-02T16:13:54.5985634+05:30"
"1392","accessible-classroom-remote-spoken-feedback","OpenMakerProjects/accessible-classroom-remote-spoken-feedback","public","failed","False","https://github.com/OpenMakerProjects/accessible-classroom-remote-spoken-feedback","Could not create OpenMakerProjects/accessible-classroom-remote-spoken-feedback
GraphQL: You have created too many repositories, too quickly. Please try again later. (createRepository)","2026-10-02T16:13:57.4618313+05:30"
"1393","accessible-classroom-remote-large-control-interface","OpenMakerProjects/accessible-classroom-remote-large-control-interface","public","failed","False","https://github.com/OpenMakerProjects/accessible-classroom-remote-large-control-interface","Could not create OpenMakerProjects/accessible-classroom-remote-large-control-interface
GraphQL: You have created too many repositories, too quickly. Please try again later. (createRepository)","2026-10-02T16:14:00.6181448+05:30"
"1394","accessible-classroom-remote-gesture-input","OpenMakerProjects/accessible-classroom-remote-gesture-input","public","failed","False","https://github.com/OpenMakerProjects/accessible-classroom-remote-gesture-input","Could not create OpenMakerProjects/accessible-classroom-remote-gesture-input
GraphQL: You have created too many repositories, too quickly. Please try again later. (createRepository)","2026-10-02T16:14:04.1227168+05:30"
"1395","accessible-classroom-remote-switch-access","OpenMakerProjects/accessible-classroom-remote-switch-access","public","failed","False","https://github.com/OpenMakerProjects/accessible-classroom-remote-switch-access","Could not create OpenMakerProjects/accessible-classroom-remote-switch-access
GraphQL: You have created too many repositories, too quickly. Please try again later. (createRepository)","2026-10-02T16:14:06.8779296+05:30"
"1396","accessible-classroom-remote-custom-profiles","OpenMakerProjects/accessible-classroom-remote-custom-profiles","public","failed","False","https://github.com/OpenMakerProjects/accessible-classroom-remote-custom-profiles","Could not create OpenMakerProjects/accessible-classroom-remote-custom-profiles
GraphQL: You have created too many repositories, too quickly. Please try again later. (createRepository)","2026-10-02T16:14:09.5880056+05:30"
"1397","accessible-classroom-remote-obstacle-alerts","OpenMakerProjects/accessible-classroom-remote-obstacle-alerts","public","failed","False","https://github.com/OpenMakerProjects/accessible-classroom-remote-obstacle-alerts","Could not create OpenMakerProjects/accessible-classroom-remote-obstacle-alerts
GraphQL: You have created too many repositories, too quickly. Please try again later. (createRepository)","2026-10-02T16:14:12.6476501+05:30"
"1398","accessible-classroom-remote-caregiver-setup","OpenMakerProjects/accessible-classroom-remote-caregiver-setup","public","failed","False","https://github.com/OpenMakerProjects/accessible-classroom-remote-caregiver-setup","Could not create OpenMakerProjects/accessible-classroom-remote-caregiver-setup
GraphQL: You have created too many repositories, too quickly. Please try again later. (createRepository)","2026-10-02T16:14:15.8423203+05:30"
"1399","accessible-classroom-remote-offline-recognition","OpenMakerProjects/accessible-classroom-remote-offline-recognition","public","failed","False","https://github.com/OpenMakerProjects/accessible-classroom-remote-offline-recognition","Could not create OpenMakerProjects/accessible-classroom-remote-offline-recognition
GraphQL: You have created too many repositories, too quickly. Please try again later. (createRepository)","2026-10-02T16:14:18.8929889+05:30"
"1400","accessible-classroom-remote-emergency-call-button","OpenMakerProjects/accessible-classroom-remote-emergency-call-button","public","failed","False","https://github.com/OpenMakerProjects/accessible-classroom-remote-emergency-call-button","Could not create OpenMakerProjects/accessible-classroom-remote-emergency-call-button
GraphQL: You have created too many repositories, too quickly. Please try again later. (createRepository)","2026-10-02T16:14:22.0974862+05:30"
"1401","electronics-learning-board-guided-lessons","OpenMakerProjects/electronics-learning-board-guided-lessons","public","failed","False","https://github.com/OpenMakerProjects/electronics-learning-board-guided-lessons","Could not create OpenMakerProjects/electronics-learning-board-guided-lessons
GraphQL: You have created too many repositories, too quickly. Please try again later. (createRepository)","2026-10-02T16:14:26.0232473+05:30"
"1402","electronics-learning-board-automatic-measurement","OpenMakerProjects/electronics-learning-board-automatic-measurement","public","failed","False","https://github.com/OpenMakerProjects/electronics-learning-board-automatic-measurement","Could not create OpenMakerProjects/electronics-learning-board-automatic-measurement
GraphQL: You have created too many repositories, too quickly. Please try again later. (createRepository)","2026-10-02T16:14:29.3868748+05:30"
"1403","electronics-learning-board-quiz-mode","OpenMakerProjects/electronics-learning-board-quiz-mode","public","failed","False","https://github.com/OpenMakerProjects/electronics-learning-board-quiz-mode","Could not create OpenMakerProjects/electronics-learning-board-quiz-mode
GraphQL: You have created too many repositories, too quickly. Please try again later. (createRepository)","2026-10-02T16:14:32.5832008+05:30"
"1404","electronics-learning-board-teacher-dashboard","OpenMakerProjects/electronics-learning-board-teacher-dashboard","public","failed","False","https://github.com/OpenMakerProjects/electronics-learning-board-teacher-dashboard","Could not create OpenMakerProjects/electronics-learning-board-teacher-dashboard
GraphQL: You have created too many repositories, too quickly. Please try again later. (createRepository)","2026-10-02T16:14:35.7816213+05:30"
"1405","electronics-learning-board-fault-injection","OpenMakerProjects/electronics-learning-board-fault-injection","public","failed","False","https://github.com/OpenMakerProjects/electronics-learning-board-fault-injection","Could not create OpenMakerProjects/electronics-learning-board-fault-injection
GraphQL: You have created too many repositories, too quickly. Please try again later. (createRepository)","2026-10-02T16:14:38.9836248+05:30"
"1406","electronics-learning-board-data-plotting","OpenMakerProjects/electronics-learning-board-data-plotting","public","failed","False","https://github.com/OpenMakerProjects/electronics-learning-board-data-plotting","Could not create OpenMakerProjects/electronics-learning-board-data-plotting
GraphQL: You have created too many repositories, too quickly. Please try again later. (createRepository)","2026-10-02T16:14:42.4335104+05:30"
"1407","electronics-learning-board-collaborative-challenges","OpenMakerProjects/electronics-learning-board-collaborative-challenges","public","failed","False","https://github.com/OpenMakerProjects/electronics-learning-board-collaborative-challenges","Could not create OpenMakerProjects/electronics-learning-board-collaborative-challenges
GraphQL: You have created too many repositories, too quickly. Please try again later. (createRepository)","2026-10-02T16:14:45.8394027+05:30"
"1408","electronics-learning-board-component-identification","OpenMakerProjects/electronics-learning-board-component-identification","public","failed","False","https://github.com/OpenMakerProjects/electronics-learning-board-component-identification","Could not create OpenMakerProjects/electronics-learning-board-component-identification
GraphQL: You have created too many repositories, too quickly. Please try again later. (createRepository)","2026-10-02T16:14:49.6031564+05:30"
"1409","electronics-learning-board-progress-saving","OpenMakerProjects/electronics-learning-board-progress-saving","public","failed","False","https://github.com/OpenMakerProjects/electronics-learning-board-progress-saving","Could not create OpenMakerProjects/electronics-learning-board-progress-saving
GraphQL: You have created too many repositories, too quickly. Please try again later. (createRepository)","2026-10-02T16:14:52.6846815+05:30"
"1410","electronics-learning-board-open-lesson-authoring","OpenMakerProjects/electronics-learning-board-open-lesson-authoring","public","failed","False","https://github.com/OpenMakerProjects/electronics-learning-board-open-lesson-authoring","Could not create OpenMakerProjects/electronics-learning-board-open-lesson-authoring
GraphQL: You have created too many repositories, too quickly. Please try again later. (createRepository)","2026-10-02T16:14:55.6063033+05:30"
"1411","physics-experiment-logger-guided-lessons","OpenMakerProjects/physics-experiment-logger-guided-lessons","public","failed","False","https://github.com/OpenMakerProjects/physics-experiment-logger-guided-lessons","Could not create OpenMakerProjects/physics-experiment-logger-guided-lessons
GraphQL: You have created too many repositories, too quickly. Please try again later. (createRepository)","2026-10-02T16:14:58.5852576+05:30"
"1412","physics-experiment-logger-automatic-measurement","OpenMakerProjects/physics-experiment-logger-automatic-measurement","public","failed","False","https://github.com/OpenMakerProjects/physics-experiment-logger-automatic-measurement","Could not create OpenMakerProjects/physics-experiment-logger-automatic-measurement
GraphQL: You have created too many repositories, too quickly. Please try again later. (createRepository)","2026-10-02T16:15:01.5971127+05:30"
"1413","physics-experiment-logger-quiz-mode","OpenMakerProjects/physics-experiment-logger-quiz-mode","public","failed","False","https://github.com/OpenMakerProjects/physics-experiment-logger-quiz-mode","Could not create OpenMakerProjects/physics-experiment-logger-quiz-mode
GraphQL: You have created too many repositories, too quickly. Please try again later. (createRepository)","2026-10-02T16:15:04.6185332+05:30"
"1414","physics-experiment-logger-teacher-dashboard","OpenMakerProjects/physics-experiment-logger-teacher-dashboard","public","failed","False","https://github.com/OpenMakerProjects/physics-experiment-logger-teacher-dashboard","Could not create OpenMakerProjects/physics-experiment-logger-teacher-dashboard
GraphQL: You have created too many repositories, too quickly. Please try again later. (createRepository)","2026-10-02T16:15:07.9660383+05:30"
"1415","physics-experiment-logger-fault-injection","OpenMakerProjects/physics-experiment-logger-fault-injection","public","failed","False","https://github.com/OpenMakerProjects/physics-experiment-logger-fault-injection","Could not create OpenMakerProjects/physics-experiment-logger-fault-injection
GraphQL: You have created too many repositories, too quickly. Please try again later. (createRepository)","2026-10-02T16:15:11.8252555+05:30"
"1416","physics-experiment-logger-data-plotting","OpenMakerProjects/physics-experiment-logger-data-plotting","public","failed","False","https://github.com/OpenMakerProjects/physics-experiment-logger-data-plotting","Could not create OpenMakerProjects/physics-experiment-logger-data-plotting
GraphQL: You have created too many repositories, too quickly. Please try again later. (createRepository)","2026-10-02T16:15:15.0369579+05:30"
"1417","physics-experiment-logger-collaborative-challenges","OpenMakerProjects/physics-experiment-logger-collaborative-challenges","public","failed","False","https://github.com/OpenMakerProjects/physics-experiment-logger-collaborative-challenges","Could not create OpenMakerProjects/physics-experiment-logger-collaborative-challenges
GraphQL: You have created too many repositories, too quickly. Please try again later. (createRepository)","2026-10-02T16:15:18.3117274+05:30"
"1418","physics-experiment-logger-component-identification","OpenMakerProjects/physics-experiment-logger-component-identification","public","failed","False","https://github.com/OpenMakerProjects/physics-experiment-logger-component-identification","Could not create OpenMakerProjects/physics-experiment-logger-component-identification
GraphQL: You have created too many repositories, too quickly. Please try again later. (createRepository)","2026-10-02T16:15:21.7938149+05:30"
"1419","physics-experiment-logger-progress-saving","OpenMakerProjects/physics-experiment-logger-progress-saving","public","failed","False","https://github.com/OpenMakerProjects/physics-experiment-logger-progress-saving","Could not create OpenMakerProjects/physics-experiment-logger-progress-saving
GraphQL: You have created too many repositories, too quickly. Please try again later. (createRepository)","2026-10-02T16:15:25.1243999+05:30"
"1420","physics-experiment-logger-open-lesson-authoring","OpenMakerProjects/physics-experiment-logger-open-lesson-authoring","public","failed","False","https://github.com/OpenMakerProjects/physics-experiment-logger-open-lesson-authoring","Could not create OpenMakerProjects/physics-experiment-logger-open-lesson-authoring
GraphQL: You have created too many repositories, too quickly. Please try again later. (createRepository)","2026-10-02T16:15:28.6447337+05:30"
"1421","chemistry-timing-station-guided-lessons","OpenMakerProjects/chemistry-timing-station-guided-lessons","public","failed","False","https://github.com/OpenMakerProjects/chemistry-timing-station-guided-lessons","Could not create OpenMakerProjects/chemistry-timing-station-guided-lessons
GraphQL: You have created too many repositories, too quickly. Please try again later. (createRepository)","2026-10-02T16:15:32.3472676+05:30"
"1422","chemistry-timing-station-automatic-measurement","OpenMakerProjects/chemistry-timing-station-automatic-measurement","public","failed","False","https://github.com/OpenMakerProjects/chemistry-timing-station-automatic-measurement","Could not create OpenMakerProjects/chemistry-timing-station-automatic-measurement
GraphQL: You have created too many repositories, too quickly. Please try again later. (createRepository)","2026-10-02T16:15:35.8520887+05:30"
"1423","chemistry-timing-station-quiz-mode","OpenMakerProjects/chemistry-timing-station-quiz-mode","public","failed","False","https://github.com/OpenMakerProjects/chemistry-timing-station-quiz-mode","Could not create OpenMakerProjects/chemistry-timing-station-quiz-mode
GraphQL: You have created too many repositories, too quickly. Please try again later. (createRepository)","2026-10-02T16:15:39.0691327+05:30"
"1424","chemistry-timing-station-teacher-dashboard","OpenMakerProjects/chemistry-timing-station-teacher-dashboard","public","failed","False","https://github.com/OpenMakerProjects/chemistry-timing-station-teacher-dashboard","Could not create OpenMakerProjects/chemistry-timing-station-teacher-dashboard
GraphQL: You have created too many repositories, too quickly. Please try again later. (createRepository)","2026-10-02T16:15:42.9080623+05:30"
"1425","chemistry-timing-station-fault-injection","OpenMakerProjects/chemistry-timing-station-fault-injection","public","failed","False","https://github.com/OpenMakerProjects/chemistry-timing-station-fault-injection","Could not create OpenMakerProjects/chemistry-timing-station-fault-injection
GraphQL: You have created too many repositories, too quickly. Please try again later. (createRepository)","2026-10-02T16:15:46.1857265+05:30"
"1426","chemistry-timing-station-data-plotting","OpenMakerProjects/chemistry-timing-station-data-plotting","public","failed","False","https://github.com/OpenMakerProjects/chemistry-timing-station-data-plotting","Could not create OpenMakerProjects/chemistry-timing-station-data-plotting
GraphQL: You have created too many repositories, too quickly. Please try again later. (createRepository)","2026-10-02T16:15:49.2428824+05:30"
"1427","chemistry-timing-station-collaborative-challenges","OpenMakerProjects/chemistry-timing-station-collaborative-challenges","public","failed","False","https://github.com/OpenMakerProjects/chemistry-timing-station-collaborative-challenges","Could not create OpenMakerProjects/chemistry-timing-station-collaborative-challenges
GraphQL: You have created too many repositories, too quickly. Please try again later. (createRepository)","2026-10-02T16:15:52.5187824+05:30"
"1428","chemistry-timing-station-component-identification","OpenMakerProjects/chemistry-timing-station-component-identification","public","failed","False","https://github.com/OpenMakerProjects/chemistry-timing-station-component-identification","Could not create OpenMakerProjects/chemistry-timing-station-component-identification
GraphQL: You have created too many repositories, too quickly. Please try again later. (createRepository)","2026-10-02T16:15:55.6048552+05:30"
"1429","chemistry-timing-station-progress-saving","OpenMakerProjects/chemistry-timing-station-progress-saving","public","failed","False","https://github.com/OpenMakerProjects/chemistry-timing-station-progress-saving","Could not create OpenMakerProjects/chemistry-timing-station-progress-saving
GraphQL: You have created too many repositories, too quickly. Please try again later. (createRepository)","2026-10-02T16:15:58.3886654+05:30"
"1430","chemistry-timing-station-open-lesson-authoring","OpenMakerProjects/chemistry-timing-station-open-lesson-authoring","public","failed","False","https://github.com/OpenMakerProjects/chemistry-timing-station-open-lesson-authoring","Could not create OpenMakerProjects/chemistry-timing-station-open-lesson-authoring
GraphQL: You have created too many repositories, too quickly. Please try again later. (createRepository)","2026-10-02T16:16:01.8460464+05:30"
"1431","coding-puzzle-console-guided-lessons","OpenMakerProjects/coding-puzzle-console-guided-lessons","public","failed","False","https://github.com/OpenMakerProjects/coding-puzzle-console-guided-lessons","Could not create OpenMakerProjects/coding-puzzle-console-guided-lessons
GraphQL: You have created too many repositories, too quickly. Please try again later. (createRepository)","2026-10-02T16:16:04.7912728+05:30"
"1432","coding-puzzle-console-automatic-measurement","OpenMakerProjects/coding-puzzle-console-automatic-measurement","public","failed","False","https://github.com/OpenMakerProjects/coding-puzzle-console-automatic-measurement","Could not create OpenMakerProjects/coding-puzzle-console-automatic-measurement
GraphQL: You have created too many repositories, too quickly. Please try again later. (createRepository)","2026-10-02T16:16:07.6900803+05:30"
"1433","coding-puzzle-console-quiz-mode","OpenMakerProjects/coding-puzzle-console-quiz-mode","public","failed","False","https://github.com/OpenMakerProjects/coding-puzzle-console-quiz-mode","Could not create OpenMakerProjects/coding-puzzle-console-quiz-mode
GraphQL: You have created too many repositories, too quickly. Please try again later. (createRepository)","2026-10-02T16:16:10.7477574+05:30"
"1434","coding-puzzle-console-teacher-dashboard","OpenMakerProjects/coding-puzzle-console-teacher-dashboard","public","failed","False","https://github.com/OpenMakerProjects/coding-puzzle-console-teacher-dashboard","Could not create OpenMakerProjects/coding-puzzle-console-teacher-dashboard
GraphQL: You have created too many repositories, too quickly. Please try again later. (createRepository)","2026-10-02T16:16:13.6908570+05:30"
"1435","coding-puzzle-console-fault-injection","OpenMakerProjects/coding-puzzle-console-fault-injection","public","failed","False","https://github.com/OpenMakerProjects/coding-puzzle-console-fault-injection","Could not create OpenMakerProjects/coding-puzzle-console-fault-injection
GraphQL: You have created too many repositories, too quickly. Please try again later. (createRepository)","2026-10-02T16:16:16.9709753+05:30"
"1436","coding-puzzle-console-data-plotting","OpenMakerProjects/coding-puzzle-console-data-plotting","public","failed","False","https://github.com/OpenMakerProjects/coding-puzzle-console-data-plotting","Could not create OpenMakerProjects/coding-puzzle-console-data-plotting
GraphQL: You have created too many repositories, too quickly. Please try again later. (createRepository)","2026-10-02T16:16:19.8179431+05:30"
"1437","coding-puzzle-console-collaborative-challenges","OpenMakerProjects/coding-puzzle-console-collaborative-challenges","public","failed","False","https://github.com/OpenMakerProjects/coding-puzzle-console-collaborative-challenges","Could not create OpenMakerProjects/coding-puzzle-console-collaborative-challenges
GraphQL: You have created too many repositories, too quickly. Please try again later. (createRepository)","2026-10-02T16:16:23.1677274+05:30"
"1438","coding-puzzle-console-component-identification","OpenMakerProjects/coding-puzzle-console-component-identification","public","failed","False","https://github.com/OpenMakerProjects/coding-puzzle-console-component-identification","Could not create OpenMakerProjects/coding-puzzle-console-component-identification
GraphQL: You have created too many repositories, too quickly. Please try again later. (createRepository)","2026-10-02T16:16:26.2273555+05:30"
"1439","coding-puzzle-console-progress-saving","OpenMakerProjects/coding-puzzle-console-progress-saving","public","failed","False","https://github.com/OpenMakerProjects/coding-puzzle-console-progress-saving","Could not create OpenMakerProjects/coding-puzzle-console-progress-saving
GraphQL: You have created too many repositories, too quickly. Please try again later. (createRepository)","2026-10-02T16:16:29.2529275+05:30"
"1440","coding-puzzle-console-open-lesson-authoring","OpenMakerProjects/coding-puzzle-console-open-lesson-authoring","public","failed","False","https://github.com/OpenMakerProjects/coding-puzzle-console-open-lesson-authoring","Could not create OpenMakerProjects/coding-puzzle-console-open-lesson-authoring
GraphQL: You have created too many repositories, too quickly. Please try again later. (createRepository)","2026-10-02T16:16:31.9866472+05:30"
"1441","math-visualization-panel-guided-lessons","OpenMakerProjects/math-visualization-panel-guided-lessons","public","failed","False","https://github.com/OpenMakerProjects/math-visualization-panel-guided-lessons","Could not create OpenMakerProjects/math-visualization-panel-guided-lessons
GraphQL: You have created too many repositories, too quickly. Please try again later. (createRepository)","2026-10-02T16:16:35.1451596+05:30"
"1442","math-visualization-panel-automatic-measurement","OpenMakerProjects/math-visualization-panel-automatic-measurement","public","failed","False","https://github.com/OpenMakerProjects/math-visualization-panel-automatic-measurement","Could not create OpenMakerProjects/math-visualization-panel-automatic-measurement
GraphQL: You have created too many repositories, too quickly. Please try again later. (createRepository)","2026-10-02T16:16:38.1149345+05:30"
"1443","math-visualization-panel-quiz-mode","OpenMakerProjects/math-visualization-panel-quiz-mode","public","failed","False","https://github.com/OpenMakerProjects/math-visualization-panel-quiz-mode","Could not create OpenMakerProjects/math-visualization-panel-quiz-mode
GraphQL: You have created too many repositories, too quickly. Please try again later. (createRepository)","2026-10-02T16:16:40.9933784+05:30"
"1444","math-visualization-panel-teacher-dashboard","OpenMakerProjects/math-visualization-panel-teacher-dashboard","public","failed","False","https://github.com/OpenMakerProjects/math-visualization-panel-teacher-dashboard","Could not create OpenMakerProjects/math-visualization-panel-teacher-dashboard
GraphQL: You have created too many repositories, too quickly. Please try again later. (createRepository)","2026-10-02T16:16:43.9536854+05:30"
"1445","math-visualization-panel-fault-injection","OpenMakerProjects/math-visualization-panel-fault-injection","public","failed","False","https://github.com/OpenMakerProjects/math-visualization-panel-fault-injection","Could not create OpenMakerProjects/math-visualization-panel-fault-injection
GraphQL: You have created too many repositories, too quickly. Please try again later. (createRepository)","2026-10-02T16:16:46.8298029+05:30"
"1446","math-visualization-panel-data-plotting","OpenMakerProjects/math-visualization-panel-data-plotting","public","failed","False","https://github.com/OpenMakerProjects/math-visualization-panel-data-plotting","Could not create OpenMakerProjects/math-visualization-panel-data-plotting
GraphQL: You have created too many repositories, too quickly. Please try again later. (createRepository)","2026-10-02T16:16:49.5551696+05:30"
"1447","math-visualization-panel-collaborative-challenges","OpenMakerProjects/math-visualization-panel-collaborative-challenges","public","failed","False","https://github.com/OpenMakerProjects/math-visualization-panel-collaborative-challenges","Could not create OpenMakerProjects/math-visualization-panel-collaborative-challenges
GraphQL: You have created too many repositories, too quickly. Please try again later. (createRepository)","2026-10-02T16:16:52.2061831+05:30"
"1448","math-visualization-panel-component-identification","OpenMakerProjects/math-visualization-panel-component-identification","public","failed","False","https://github.com/OpenMakerProjects/math-visualization-panel-component-identification","Could not create OpenMakerProjects/math-visualization-panel-component-identification
GraphQL: You have created too many repositories, too quickly. Please try again later. (createRepository)","2026-10-02T16:16:55.0675333+05:30"
"1449","math-visualization-panel-progress-saving","OpenMakerProjects/math-visualization-panel-progress-saving","public","failed","False","https://github.com/OpenMakerProjects/math-visualization-panel-progress-saving","Could not create OpenMakerProjects/math-visualization-panel-progress-saving
GraphQL: You have created too many repositories, too quickly. Please try again later. (createRepository)","2026-10-02T16:16:57.9250527+05:30"
"1450","math-visualization-panel-open-lesson-authoring","OpenMakerProjects/math-visualization-panel-open-lesson-authoring","public","failed","False","https://github.com/OpenMakerProjects/math-visualization-panel-open-lesson-authoring","Could not create OpenMakerProjects/math-visualization-panel-open-lesson-authoring
GraphQL: You have created too many repositories, too quickly. Please try again later. (createRepository)","2026-10-02T16:17:00.7439534+05:30"
"1451","renewable-energy-trainer-guided-lessons","OpenMakerProjects/renewable-energy-trainer-guided-lessons","public","published","True","https://github.com/OpenMakerProjects/renewable-energy-trainer-guided-lessons","","2026-10-02T16:17:08.6425000+05:30"
"1452","renewable-energy-trainer-automatic-measurement","OpenMakerProjects/renewable-energy-trainer-automatic-measurement","public","published","True","https://github.com/OpenMakerProjects/renewable-energy-trainer-automatic-measurement","","2026-10-02T16:17:26.3659313+05:30"
"1453","renewable-energy-trainer-quiz-mode","OpenMakerProjects/renewable-energy-trainer-quiz-mode","public","published","True","https://github.com/OpenMakerProjects/renewable-energy-trainer-quiz-mode","","2026-10-02T16:17:44.8925037+05:30"
"1454","renewable-energy-trainer-teacher-dashboard","OpenMakerProjects/renewable-energy-trainer-teacher-dashboard","public","published","True","https://github.com/OpenMakerProjects/renewable-energy-trainer-teacher-dashboard","","2026-10-02T16:18:03.0538014+05:30"
"1455","renewable-energy-trainer-fault-injection","OpenMakerProjects/renewable-energy-trainer-fault-injection","public","published","True","https://github.com/OpenMakerProjects/renewable-energy-trainer-fault-injection","","2026-10-02T16:18:21.2371187+05:30"
"1456","renewable-energy-trainer-data-plotting","OpenMakerProjects/renewable-energy-trainer-data-plotting","public","published","True","https://github.com/OpenMakerProjects/renewable-energy-trainer-data-plotting","","2026-10-02T16:18:39.0746604+05:30"
"1457","renewable-energy-trainer-collaborative-challenges","OpenMakerProjects/renewable-energy-trainer-collaborative-challenges","public","published","True","https://github.com/OpenMakerProjects/renewable-energy-trainer-collaborative-challenges","","2026-10-02T16:18:56.8299148+05:30"
"1458","renewable-energy-trainer-component-identification","OpenMakerProjects/renewable-energy-trainer-component-identification","public","published","True","https://github.com/OpenMakerProjects/renewable-energy-trainer-component-identification","","2026-10-02T16:19:14.0434993+05:30"
"1459","renewable-energy-trainer-progress-saving","OpenMakerProjects/renewable-energy-trainer-progress-saving","public","published","True","https://github.com/OpenMakerProjects/renewable-energy-trainer-progress-saving","","2026-10-02T16:19:32.4595826+05:30"
"1460","renewable-energy-trainer-open-lesson-authoring","OpenMakerProjects/renewable-energy-trainer-open-lesson-authoring","public","published","True","https://github.com/OpenMakerProjects/renewable-energy-trainer-open-lesson-authoring","","2026-10-02T16:19:49.5839968+05:30"
"1461","robotics-classroom-kit-guided-lessons","OpenMakerProjects/robotics-classroom-kit-guided-lessons","public","published","True","https://github.com/OpenMakerProjects/robotics-classroom-kit-guided-lessons","","2026-10-02T16:20:07.8052223+05:30"
"1462","robotics-classroom-kit-automatic-measurement","OpenMakerProjects/robotics-classroom-kit-automatic-measurement","public","published","True","https://github.com/OpenMakerProjects/robotics-classroom-kit-automatic-measurement","","2026-10-02T16:20:26.7889479+05:30"
"1463","robotics-classroom-kit-quiz-mode","OpenMakerProjects/robotics-classroom-kit-quiz-mode","public","failed","False","https://github.com/OpenMakerProjects/robotics-classroom-kit-quiz-mode","Could not create OpenMakerProjects/robotics-classroom-kit-quiz-mode
Get ""https://api.github.com/users/OpenMakerProjects"": net/http: TLS handshake timeout","2026-10-02T16:21:16.5003872+05:30"
"1464","robotics-classroom-kit-teacher-dashboard","OpenMakerProjects/robotics-classroom-kit-teacher-dashboard","public","failed","False","https://github.com/OpenMakerProjects/robotics-classroom-kit-teacher-dashboard","Could not create OpenMakerProjects/robotics-classroom-kit-teacher-dashboard
error connecting to api.github.com
check your internet connection or https://githubstatus.com","2026-10-02T16:21:17.2834950+05:30"
"1465","robotics-classroom-kit-fault-injection","OpenMakerProjects/robotics-classroom-kit-fault-injection","public","failed","False","https://github.com/OpenMakerProjects/robotics-classroom-kit-fault-injection","Could not create OpenMakerProjects/robotics-classroom-kit-fault-injection
error connecting to api.github.com
check your internet connection or https://githubstatus.com","2026-10-02T16:21:18.0426800+05:30"
"1466","robotics-classroom-kit-data-plotting","OpenMakerProjects/robotics-classroom-kit-data-plotting","public","failed","False","https://github.com/OpenMakerProjects/robotics-classroom-kit-data-plotting","Could not create OpenMakerProjects/robotics-classroom-kit-data-plotting
error connecting to api.github.com
check your internet connection or https://githubstatus.com","2026-10-02T16:21:18.6993733+05:30"
"1467","robotics-classroom-kit-collaborative-challenges","OpenMakerProjects/robotics-classroom-kit-collaborative-challenges","public","failed","False","https://github.com/OpenMakerProjects/robotics-classroom-kit-collaborative-challenges","Could not create OpenMakerProjects/robotics-classroom-kit-collaborative-challenges
error connecting to api.github.com
check your internet connection or https://githubstatus.com","2026-10-02T16:21:19.3440016+05:30"
"1468","robotics-classroom-kit-component-identification","OpenMakerProjects/robotics-classroom-kit-component-identification","public","failed","False","https://github.com/OpenMakerProjects/robotics-classroom-kit-component-identification","Could not create OpenMakerProjects/robotics-classroom-kit-component-identification
error connecting to api.github.com
check your internet connection or https://githubstatus.com","2026-10-02T16:21:19.9584934+05:30"
"1469","robotics-classroom-kit-progress-saving","OpenMakerProjects/robotics-classroom-kit-progress-saving","public","failed","False","https://github.com/OpenMakerProjects/robotics-classroom-kit-progress-saving","Could not create OpenMakerProjects/robotics-classroom-kit-progress-saving
error connecting to api.github.com
check your internet connection or https://githubstatus.com","2026-10-02T16:21:20.5786645+05:30"
"1470","robotics-classroom-kit-open-lesson-authoring","OpenMakerProjects/robotics-classroom-kit-open-lesson-authoring","public","failed","False","https://github.com/OpenMakerProjects/robotics-classroom-kit-open-lesson-authoring","Could not create OpenMakerProjects/robotics-classroom-kit-open-lesson-authoring
error connecting to api.github.com
check your internet connection or https://githubstatus.com","2026-10-02T16:21:21.2076354+05:30"
"1471","digital-logic-trainer-guided-lessons","OpenMakerProjects/digital-logic-trainer-guided-lessons","public","failed","False","https://github.com/OpenMakerProjects/digital-logic-trainer-guided-lessons","Could not create OpenMakerProjects/digital-logic-trainer-guided-lessons
error connecting to api.github.com
check your internet connection or https://githubstatus.com","2026-10-02T16:21:21.8547173+05:30"
"1472","digital-logic-trainer-automatic-measurement","OpenMakerProjects/digital-logic-trainer-automatic-measurement","public","failed","False","https://github.com/OpenMakerProjects/digital-logic-trainer-automatic-measurement","Could not create OpenMakerProjects/digital-logic-trainer-automatic-measurement
error connecting to api.github.com
check your internet connection or https://githubstatus.com","2026-10-02T16:21:22.4994959+05:30"
"1473","digital-logic-trainer-quiz-mode","OpenMakerProjects/digital-logic-trainer-quiz-mode","public","failed","False","https://github.com/OpenMakerProjects/digital-logic-trainer-quiz-mode","Could not create OpenMakerProjects/digital-logic-trainer-quiz-mode
error connecting to api.github.com
check your internet connection or https://githubstatus.com","2026-10-02T16:21:23.1144618+05:30"
"1474","digital-logic-trainer-teacher-dashboard","OpenMakerProjects/digital-logic-trainer-teacher-dashboard","public","failed","False","https://github.com/OpenMakerProjects/digital-logic-trainer-teacher-dashboard","Could not create OpenMakerProjects/digital-logic-trainer-teacher-dashboard
error connecting to api.github.com
check your internet connection or https://githubstatus.com","2026-10-02T16:21:23.7344761+05:30"
"1475","digital-logic-trainer-fault-injection","OpenMakerProjects/digital-logic-trainer-fault-injection","public","failed","False","https://github.com/OpenMakerProjects/digital-logic-trainer-fault-injection","Could not create OpenMakerProjects/digital-logic-trainer-fault-injection
error connecting to api.github.com
check your internet connection or https://githubstatus.com","2026-10-02T16:21:24.3749923+05:30"
"1476","digital-logic-trainer-data-plotting","OpenMakerProjects/digital-logic-trainer-data-plotting","public","failed","False","https://github.com/OpenMakerProjects/digital-logic-trainer-data-plotting","Could not create OpenMakerProjects/digital-logic-trainer-data-plotting
error connecting to api.github.com
check your internet connection or https://githubstatus.com","2026-10-02T16:21:24.9968186+05:30"
"1477","digital-logic-trainer-collaborative-challenges","OpenMakerProjects/digital-logic-trainer-collaborative-challenges","public","failed","False","https://github.com/OpenMakerProjects/digital-logic-trainer-collaborative-challenges","Could not create OpenMakerProjects/digital-logic-trainer-collaborative-challenges
error connecting to api.github.com
check your internet connection or https://githubstatus.com","2026-10-02T16:21:25.6204587+05:30"
"1478","digital-logic-trainer-component-identification","OpenMakerProjects/digital-logic-trainer-component-identification","public","failed","False","https://github.com/OpenMakerProjects/digital-logic-trainer-component-identification","Could not create OpenMakerProjects/digital-logic-trainer-component-identification
error connecting to api.github.com
check your internet connection or https://githubstatus.com","2026-10-02T16:21:26.2163057+05:30"
"1479","digital-logic-trainer-progress-saving","OpenMakerProjects/digital-logic-trainer-progress-saving","public","failed","False","https://github.com/OpenMakerProjects/digital-logic-trainer-progress-saving","Could not create OpenMakerProjects/digital-logic-trainer-progress-saving
error connecting to api.github.com
check your internet connection or https://githubstatus.com","2026-10-02T16:21:26.8427754+05:30"
"1480","digital-logic-trainer-open-lesson-authoring","OpenMakerProjects/digital-logic-trainer-open-lesson-authoring","public","failed","False","https://github.com/OpenMakerProjects/digital-logic-trainer-open-lesson-authoring","Could not create OpenMakerProjects/digital-logic-trainer-open-lesson-authoring
error connecting to api.github.com
check your internet connection or https://githubstatus.com","2026-10-02T16:21:27.4551682+05:30"
"1481","environmental-science-kit-guided-lessons","OpenMakerProjects/environmental-science-kit-guided-lessons","public","failed","False","https://github.com/OpenMakerProjects/environmental-science-kit-guided-lessons","Could not create OpenMakerProjects/environmental-science-kit-guided-lessons
error connecting to api.github.com
check your internet connection or https://githubstatus.com","2026-10-02T16:21:28.1251994+05:30"
"1482","environmental-science-kit-automatic-measurement","OpenMakerProjects/environmental-science-kit-automatic-measurement","public","failed","False","https://github.com/OpenMakerProjects/environmental-science-kit-automatic-measurement","Could not create OpenMakerProjects/environmental-science-kit-automatic-measurement
error connecting to api.github.com
check your internet connection or https://githubstatus.com","2026-10-02T16:21:28.8075844+05:30"
"1483","environmental-science-kit-quiz-mode","OpenMakerProjects/environmental-science-kit-quiz-mode","public","failed","False","https://github.com/OpenMakerProjects/environmental-science-kit-quiz-mode","Could not create OpenMakerProjects/environmental-science-kit-quiz-mode
error connecting to api.github.com
check your internet connection or https://githubstatus.com","2026-10-02T16:21:29.4575731+05:30"
"1484","environmental-science-kit-teacher-dashboard","OpenMakerProjects/environmental-science-kit-teacher-dashboard","public","failed","False","https://github.com/OpenMakerProjects/environmental-science-kit-teacher-dashboard","Could not create OpenMakerProjects/environmental-science-kit-teacher-dashboard
error connecting to api.github.com
check your internet connection or https://githubstatus.com","2026-10-02T16:21:30.0580988+05:30"
"1485","environmental-science-kit-fault-injection","OpenMakerProjects/environmental-science-kit-fault-injection","public","failed","False","https://github.com/OpenMakerProjects/environmental-science-kit-fault-injection","Could not create OpenMakerProjects/environmental-science-kit-fault-injection
error connecting to api.github.com
check your internet connection or https://githubstatus.com","2026-10-02T16:21:30.6668751+05:30"
"1486","environmental-science-kit-data-plotting","OpenMakerProjects/environmental-science-kit-data-plotting","public","failed","False","https://github.com/OpenMakerProjects/environmental-science-kit-data-plotting","Could not create OpenMakerProjects/environmental-science-kit-data-plotting
error connecting to api.github.com
check your internet connection or https://githubstatus.com","2026-10-02T16:21:31.2763928+05:30"
"1487","environmental-science-kit-collaborative-challenges","OpenMakerProjects/environmental-science-kit-collaborative-challenges","public","failed","False","https://github.com/OpenMakerProjects/environmental-science-kit-collaborative-challenges","Could not create OpenMakerProjects/environmental-science-kit-collaborative-challenges
error connecting to api.github.com
check your internet connection or https://githubstatus.com","2026-10-02T16:21:31.8831510+05:30"
"1488","environmental-science-kit-component-identification","OpenMakerProjects/environmental-science-kit-component-identification","public","failed","False","https://github.com/OpenMakerProjects/environmental-science-kit-component-identification","Could not create OpenMakerProjects/environmental-science-kit-component-identification
error connecting to api.github.com
check your internet connection or https://githubstatus.com","2026-10-02T16:21:32.4925692+05:30"
"1489","environmental-science-kit-progress-saving","OpenMakerProjects/environmental-science-kit-progress-saving","public","failed","False","https://github.com/OpenMakerProjects/environmental-science-kit-progress-saving","Could not create OpenMakerProjects/environmental-science-kit-progress-saving
error connecting to api.github.com
check your internet connection or https://githubstatus.com","2026-10-02T16:21:33.1150845+05:30"
"1490","environmental-science-kit-open-lesson-authoring","OpenMakerProjects/environmental-science-kit-open-lesson-authoring","public","failed","False","https://github.com/OpenMakerProjects/environmental-science-kit-open-lesson-authoring","Could not create OpenMakerProjects/environmental-science-kit-open-lesson-authoring
error connecting to api.github.com
check your internet connection or https://githubstatus.com","2026-10-02T16:21:33.7590976+05:30"
"1491","wireless-communications-lab-guided-lessons","OpenMakerProjects/wireless-communications-lab-guided-lessons","public","failed","False","https://github.com/OpenMakerProjects/wireless-communications-lab-guided-lessons","Could not create OpenMakerProjects/wireless-communications-lab-guided-lessons
error connecting to api.github.com
check your internet connection or https://githubstatus.com","2026-10-02T16:21:34.3730204+05:30"
"1492","wireless-communications-lab-automatic-measurement","OpenMakerProjects/wireless-communications-lab-automatic-measurement","public","failed","False","https://github.com/OpenMakerProjects/wireless-communications-lab-automatic-measurement","Could not create OpenMakerProjects/wireless-communications-lab-automatic-measurement
error connecting to api.github.com
check your internet connection or https://githubstatus.com","2026-10-02T16:21:34.9807265+05:30"
"1493","wireless-communications-lab-quiz-mode","OpenMakerProjects/wireless-communications-lab-quiz-mode","public","failed","False","https://github.com/OpenMakerProjects/wireless-communications-lab-quiz-mode","Could not create OpenMakerProjects/wireless-communications-lab-quiz-mode
error connecting to api.github.com
check your internet connection or https://githubstatus.com","2026-10-02T16:21:35.5816570+05:30"
"1494","wireless-communications-lab-teacher-dashboard","OpenMakerProjects/wireless-communications-lab-teacher-dashboard","public","failed","False","https://github.com/OpenMakerProjects/wireless-communications-lab-teacher-dashboard","Could not create OpenMakerProjects/wireless-communications-lab-teacher-dashboard
error connecting to api.github.com
check your internet connection or https://githubstatus.com","2026-10-02T16:21:36.1873388+05:30"
"1495","wireless-communications-lab-fault-injection","OpenMakerProjects/wireless-communications-lab-fault-injection","public","failed","False","https://github.com/OpenMakerProjects/wireless-communications-lab-fault-injection","Could not create OpenMakerProjects/wireless-communications-lab-fault-injection
error connecting to api.github.com
check your internet connection or https://githubstatus.com","2026-10-02T16:21:36.8803598+05:30"
"1496","wireless-communications-lab-data-plotting","OpenMakerProjects/wireless-communications-lab-data-plotting","public","failed","False","https://github.com/OpenMakerProjects/wireless-communications-lab-data-plotting","Could not create OpenMakerProjects/wireless-communications-lab-data-plotting
error connecting to api.github.com
check your internet connection or https://githubstatus.com","2026-10-02T16:21:37.5233748+05:30"
"1497","wireless-communications-lab-collaborative-challenges","OpenMakerProjects/wireless-communications-lab-collaborative-challenges","public","failed","False","https://github.com/OpenMakerProjects/wireless-communications-lab-collaborative-challenges","Could not create OpenMakerProjects/wireless-communications-lab-collaborative-challenges
error connecting to api.github.com
check your internet connection or https://githubstatus.com","2026-10-02T16:21:38.1959149+05:30"
"1498","wireless-communications-lab-component-identification","OpenMakerProjects/wireless-communications-lab-component-identification","public","failed","False","https://github.com/OpenMakerProjects/wireless-communications-lab-component-identification","Could not create OpenMakerProjects/wireless-communications-lab-component-identification
error connecting to api.github.com
check your internet connection or https://githubstatus.com","2026-10-02T16:21:38.8090084+05:30"
"1499","wireless-communications-lab-progress-saving","OpenMakerProjects/wireless-communications-lab-progress-saving","public","failed","False","https://github.com/OpenMakerProjects/wireless-communications-lab-progress-saving","Could not create OpenMakerProjects/wireless-communications-lab-progress-saving
error connecting to api.github.com
check your internet connection or https://githubstatus.com","2026-10-02T16:21:39.4247430+05:30"
"1500","wireless-communications-lab-open-lesson-authoring","OpenMakerProjects/wireless-communications-lab-open-lesson-authoring","public","failed","False","https://github.com/OpenMakerProjects/wireless-communications-lab-open-lesson-authoring","Could not create OpenMakerProjects/wireless-communications-lab-open-lesson-authoring
error connecting to api.github.com
check your internet connection or https://githubstatus.com","2026-10-02T16:21:40.0287260+05:30"
"1501","cycling-visibility-vest-haptic-alerts","OpenMakerProjects/cycling-visibility-vest-haptic-alerts","public","failed","False","https://github.com/OpenMakerProjects/cycling-visibility-vest-haptic-alerts","Could not create OpenMakerProjects/cycling-visibility-vest-haptic-alerts
error connecting to api.github.com
check your internet connection or https://githubstatus.com","2026-10-02T16:21:40.6299008+05:30"
"1502","cycling-visibility-vest-led-animation","OpenMakerProjects/cycling-visibility-vest-led-animation","public","failed","False","https://github.com/OpenMakerProjects/cycling-visibility-vest-led-animation","Could not create OpenMakerProjects/cycling-visibility-vest-led-animation
error connecting to api.github.com
check your internet connection or https://githubstatus.com","2026-10-02T16:21:41.2258281+05:30"
"1503","cycling-visibility-vest-motion-recognition","OpenMakerProjects/cycling-visibility-vest-motion-recognition","public","failed","False","https://github.com/OpenMakerProjects/cycling-visibility-vest-motion-recognition","Could not create OpenMakerProjects/cycling-visibility-vest-motion-recognition
error connecting to api.github.com
check your internet connection or https://githubstatus.com","2026-10-02T16:21:41.8300921+05:30"
"1504","cycling-visibility-vest-location-sharing","OpenMakerProjects/cycling-visibility-vest-location-sharing","public","failed","False","https://github.com/OpenMakerProjects/cycling-visibility-vest-location-sharing","Could not create OpenMakerProjects/cycling-visibility-vest-location-sharing
error connecting to api.github.com
check your internet connection or https://githubstatus.com","2026-10-02T16:21:42.4494499+05:30"
"1505","cycling-visibility-vest-exposure-logging","OpenMakerProjects/cycling-visibility-vest-exposure-logging","public","failed","False","https://github.com/OpenMakerProjects/cycling-visibility-vest-exposure-logging","Could not create OpenMakerProjects/cycling-visibility-vest-exposure-logging
error connecting to api.github.com
check your internet connection or https://githubstatus.com","2026-10-02T16:21:43.0655268+05:30"
"1506","cycling-visibility-vest-emergency-mode","OpenMakerProjects/cycling-visibility-vest-emergency-mode","public","failed","False","https://github.com/OpenMakerProjects/cycling-visibility-vest-emergency-mode","Could not create OpenMakerProjects/cycling-visibility-vest-emergency-mode
error connecting to api.github.com
check your internet connection or https://githubstatus.com","2026-10-02T16:21:43.6733318+05:30"
"1507","cycling-visibility-vest-battery-coaching","OpenMakerProjects/cycling-visibility-vest-battery-coaching","public","failed","False","https://github.com/OpenMakerProjects/cycling-visibility-vest-battery-coaching","Could not create OpenMakerProjects/cycling-visibility-vest-battery-coaching
error connecting to api.github.com
check your internet connection or https://githubstatus.com","2026-10-02T16:21:44.2714334+05:30"
"1508","cycling-visibility-vest-phone-companion","OpenMakerProjects/cycling-visibility-vest-phone-companion","public","failed","False","https://github.com/OpenMakerProjects/cycling-visibility-vest-phone-companion","Could not create OpenMakerProjects/cycling-visibility-vest-phone-companion
error connecting to api.github.com
check your internet connection or https://githubstatus.com","2026-10-02T16:21:44.8842449+05:30"
"1509","cycling-visibility-vest-offline-operation","OpenMakerProjects/cycling-visibility-vest-offline-operation","public","failed","False","https://github.com/OpenMakerProjects/cycling-visibility-vest-offline-operation","Could not create OpenMakerProjects/cycling-visibility-vest-offline-operation
error connecting to api.github.com
check your internet connection or https://githubstatus.com","2026-10-02T16:21:45.4924810+05:30"
"1510","cycling-visibility-vest-modular-sensors","OpenMakerProjects/cycling-visibility-vest-modular-sensors","public","failed","False","https://github.com/OpenMakerProjects/cycling-visibility-vest-modular-sensors","Could not create OpenMakerProjects/cycling-visibility-vest-modular-sensors
error connecting to api.github.com
check your internet connection or https://githubstatus.com","2026-10-02T16:21:46.1018121+05:30"
"1511","worker-proximity-badge-haptic-alerts","OpenMakerProjects/worker-proximity-badge-haptic-alerts","public","failed","False","https://github.com/OpenMakerProjects/worker-proximity-badge-haptic-alerts","Could not create OpenMakerProjects/worker-proximity-badge-haptic-alerts
error connecting to api.github.com
check your internet connection or https://githubstatus.com","2026-10-02T16:21:46.7100408+05:30"
"1512","worker-proximity-badge-led-animation","OpenMakerProjects/worker-proximity-badge-led-animation","public","failed","False","https://github.com/OpenMakerProjects/worker-proximity-badge-led-animation","Could not create OpenMakerProjects/worker-proximity-badge-led-animation
error connecting to api.github.com
check your internet connection or https://githubstatus.com","2026-10-02T16:21:47.3067938+05:30"
"1513","worker-proximity-badge-motion-recognition","OpenMakerProjects/worker-proximity-badge-motion-recognition","public","failed","False","https://github.com/OpenMakerProjects/worker-proximity-badge-motion-recognition","Could not create OpenMakerProjects/worker-proximity-badge-motion-recognition
error connecting to api.github.com
check your internet connection or https://githubstatus.com","2026-10-02T16:21:47.9365518+05:30"
"1514","worker-proximity-badge-location-sharing","OpenMakerProjects/worker-proximity-badge-location-sharing","public","failed","False","https://github.com/OpenMakerProjects/worker-proximity-badge-location-sharing","Could not create OpenMakerProjects/worker-proximity-badge-location-sharing
error connecting to api.github.com
check your internet connection or https://githubstatus.com","2026-10-02T16:21:48.5430889+05:30"
"1515","worker-proximity-badge-exposure-logging","OpenMakerProjects/worker-proximity-badge-exposure-logging","public","failed","False","https://github.com/OpenMakerProjects/worker-proximity-badge-exposure-logging","Could not create OpenMakerProjects/worker-proximity-badge-exposure-logging
error connecting to api.github.com
check your internet connection or https://githubstatus.com","2026-10-02T16:21:49.1367280+05:30"
"1516","worker-proximity-badge-emergency-mode","OpenMakerProjects/worker-proximity-badge-emergency-mode","public","failed","False","https://github.com/OpenMakerProjects/worker-proximity-badge-emergency-mode","Could not create OpenMakerProjects/worker-proximity-badge-emergency-mode
error connecting to api.github.com
check your internet connection or https://githubstatus.com","2026-10-02T16:21:49.7504259+05:30"
"1517","worker-proximity-badge-battery-coaching","OpenMakerProjects/worker-proximity-badge-battery-coaching","public","failed","False","https://github.com/OpenMakerProjects/worker-proximity-badge-battery-coaching","Could not create OpenMakerProjects/worker-proximity-badge-battery-coaching
error connecting to api.github.com
check your internet connection or https://githubstatus.com","2026-10-02T16:21:50.3995663+05:30"
"1518","worker-proximity-badge-phone-companion","OpenMakerProjects/worker-proximity-badge-phone-companion","public","failed","False","https://github.com/OpenMakerProjects/worker-proximity-badge-phone-companion","Could not create OpenMakerProjects/worker-proximity-badge-phone-companion
error connecting to api.github.com
check your internet connection or https://githubstatus.com","2026-10-02T16:21:51.0062255+05:30"
"1519","worker-proximity-badge-offline-operation","OpenMakerProjects/worker-proximity-badge-offline-operation","public","failed","False","https://github.com/OpenMakerProjects/worker-proximity-badge-offline-operation","Could not create OpenMakerProjects/worker-proximity-badge-offline-operation
error connecting to api.github.com
check your internet connection or https://githubstatus.com","2026-10-02T16:21:51.6088812+05:30"
"1520","worker-proximity-badge-modular-sensors","OpenMakerProjects/worker-proximity-badge-modular-sensors","public","failed","False","https://github.com/OpenMakerProjects/worker-proximity-badge-modular-sensors","Could not create OpenMakerProjects/worker-proximity-badge-modular-sensors
error connecting to api.github.com
check your internet connection or https://githubstatus.com","2026-10-02T16:21:52.2071493+05:30"
"1521","gesture-control-glove-haptic-alerts","OpenMakerProjects/gesture-control-glove-haptic-alerts","public","failed","False","https://github.com/OpenMakerProjects/gesture-control-glove-haptic-alerts","Could not create OpenMakerProjects/gesture-control-glove-haptic-alerts
error connecting to api.github.com
check your internet connection or https://githubstatus.com","2026-10-02T16:21:52.7955969+05:30"
"1522","gesture-control-glove-led-animation","OpenMakerProjects/gesture-control-glove-led-animation","public","failed","False","https://github.com/OpenMakerProjects/gesture-control-glove-led-animation","Could not create OpenMakerProjects/gesture-control-glove-led-animation
error connecting to api.github.com
check your internet connection or https://githubstatus.com","2026-10-02T16:21:53.3937714+05:30"
"1523","gesture-control-glove-motion-recognition","OpenMakerProjects/gesture-control-glove-motion-recognition","public","failed","False","https://github.com/OpenMakerProjects/gesture-control-glove-motion-recognition","Could not create OpenMakerProjects/gesture-control-glove-motion-recognition
error connecting to api.github.com
check your internet connection or https://githubstatus.com","2026-10-02T16:21:53.9777483+05:30"
"1524","gesture-control-glove-location-sharing","OpenMakerProjects/gesture-control-glove-location-sharing","public","failed","False","https://github.com/OpenMakerProjects/gesture-control-glove-location-sharing","Could not create OpenMakerProjects/gesture-control-glove-location-sharing
error connecting to api.github.com
check your internet connection or https://githubstatus.com","2026-10-02T16:21:54.5578497+05:30"
"1525","gesture-control-glove-exposure-logging","OpenMakerProjects/gesture-control-glove-exposure-logging","public","failed","False","https://github.com/OpenMakerProjects/gesture-control-glove-exposure-logging","Could not create OpenMakerProjects/gesture-control-glove-exposure-logging
error connecting to api.github.com
check your internet connection or https://githubstatus.com","2026-10-02T16:21:55.1619335+05:30"
"1526","gesture-control-glove-emergency-mode","OpenMakerProjects/gesture-control-glove-emergency-mode","public","failed","False","https://github.com/OpenMakerProjects/gesture-control-glove-emergency-mode","Could not create OpenMakerProjects/gesture-control-glove-emergency-mode
error connecting to api.github.com
check your internet connection or https://githubstatus.com","2026-10-02T16:21:55.7662801+05:30"
"1527","gesture-control-glove-battery-coaching","OpenMakerProjects/gesture-control-glove-battery-coaching","public","failed","False","https://github.com/OpenMakerProjects/gesture-control-glove-battery-coaching","Could not create OpenMakerProjects/gesture-control-glove-battery-coaching
error connecting to api.github.com
check your internet connection or https://githubstatus.com","2026-10-02T16:21:56.3520369+05:30"
"1528","gesture-control-glove-phone-companion","OpenMakerProjects/gesture-control-glove-phone-companion","public","failed","False","https://github.com/OpenMakerProjects/gesture-control-glove-phone-companion","Could not create OpenMakerProjects/gesture-control-glove-phone-companion
error connecting to api.github.com
check your internet connection or https://githubstatus.com","2026-10-02T16:21:56.9503349+05:30"
"1529","gesture-control-glove-offline-operation","OpenMakerProjects/gesture-control-glove-offline-operation","public","failed","False","https://github.com/OpenMakerProjects/gesture-control-glove-offline-operation","Could not create OpenMakerProjects/gesture-control-glove-offline-operation
error connecting to api.github.com
check your internet connection or https://githubstatus.com","2026-10-02T16:21:57.5447302+05:30"
"1530","gesture-control-glove-modular-sensors","OpenMakerProjects/gesture-control-glove-modular-sensors","public","failed","False","https://github.com/OpenMakerProjects/gesture-control-glove-modular-sensors","Could not create OpenMakerProjects/gesture-control-glove-modular-sensors
error connecting to api.github.com
check your internet connection or https://githubstatus.com","2026-10-02T16:21:58.1486731+05:30"
"1531","hiking-safety-band-haptic-alerts","OpenMakerProjects/hiking-safety-band-haptic-alerts","public","failed","False","https://github.com/OpenMakerProjects/hiking-safety-band-haptic-alerts","Could not create OpenMakerProjects/hiking-safety-band-haptic-alerts
error connecting to api.github.com
check your internet connection or https://githubstatus.com","2026-10-02T16:21:58.7414658+05:30"
"1532","hiking-safety-band-led-animation","OpenMakerProjects/hiking-safety-band-led-animation","public","failed","False","https://github.com/OpenMakerProjects/hiking-safety-band-led-animation","Could not create OpenMakerProjects/hiking-safety-band-led-animation
error connecting to api.github.com
check your internet connection or https://githubstatus.com","2026-10-02T16:21:59.3331027+05:30"
"1533","hiking-safety-band-motion-recognition","OpenMakerProjects/hiking-safety-band-motion-recognition","public","failed","False","https://github.com/OpenMakerProjects/hiking-safety-band-motion-recognition","Could not create OpenMakerProjects/hiking-safety-band-motion-recognition
error connecting to api.github.com
check your internet connection or https://githubstatus.com","2026-10-02T16:21:59.9304076+05:30"
"1534","hiking-safety-band-location-sharing","OpenMakerProjects/hiking-safety-band-location-sharing","public","failed","False","https://github.com/OpenMakerProjects/hiking-safety-band-location-sharing","Could not create OpenMakerProjects/hiking-safety-band-location-sharing
error connecting to api.github.com
check your internet connection or https://githubstatus.com","2026-10-02T16:22:00.5684365+05:30"
"1535","hiking-safety-band-exposure-logging","OpenMakerProjects/hiking-safety-band-exposure-logging","public","failed","False","https://github.com/OpenMakerProjects/hiking-safety-band-exposure-logging","Could not create OpenMakerProjects/hiking-safety-band-exposure-logging
error connecting to api.github.com
check your internet connection or https://githubstatus.com","2026-10-02T16:22:01.1981774+05:30"
"1536","hiking-safety-band-emergency-mode","OpenMakerProjects/hiking-safety-band-emergency-mode","public","failed","False","https://github.com/OpenMakerProjects/hiking-safety-band-emergency-mode","Could not create OpenMakerProjects/hiking-safety-band-emergency-mode
error connecting to api.github.com
check your internet connection or https://githubstatus.com","2026-10-02T16:22:01.8004285+05:30"
"1537","hiking-safety-band-battery-coaching","OpenMakerProjects/hiking-safety-band-battery-coaching","public","failed","False","https://github.com/OpenMakerProjects/hiking-safety-band-battery-coaching","Could not create OpenMakerProjects/hiking-safety-band-battery-coaching
error connecting to api.github.com
check your internet connection or https://githubstatus.com","2026-10-02T16:22:02.4123272+05:30"
"1538","hiking-safety-band-phone-companion","OpenMakerProjects/hiking-safety-band-phone-companion","public","failed","False","https://github.com/OpenMakerProjects/hiking-safety-band-phone-companion","Could not create OpenMakerProjects/hiking-safety-band-phone-companion
error connecting to api.github.com
check your internet connection or https://githubstatus.com","2026-10-02T16:22:03.0185235+05:30"
"1539","hiking-safety-band-offline-operation","OpenMakerProjects/hiking-safety-band-offline-operation","public","failed","False","https://github.com/OpenMakerProjects/hiking-safety-band-offline-operation","Could not create OpenMakerProjects/hiking-safety-band-offline-operation
error connecting to api.github.com
check your internet connection or https://githubstatus.com","2026-10-02T16:22:03.6499792+05:30"
"1540","hiking-safety-band-modular-sensors","OpenMakerProjects/hiking-safety-band-modular-sensors","public","failed","False","https://github.com/OpenMakerProjects/hiking-safety-band-modular-sensors","Could not create OpenMakerProjects/hiking-safety-band-modular-sensors
error connecting to api.github.com
check your internet connection or https://githubstatus.com","2026-10-02T16:22:04.2518519+05:30"
"1541","dance-motion-costume-haptic-alerts","OpenMakerProjects/dance-motion-costume-haptic-alerts","public","failed","False","https://github.com/OpenMakerProjects/dance-motion-costume-haptic-alerts","Could not create OpenMakerProjects/dance-motion-costume-haptic-alerts
error connecting to api.github.com
check your internet connection or https://githubstatus.com","2026-10-02T16:22:04.8539640+05:30"
"1542","dance-motion-costume-led-animation","OpenMakerProjects/dance-motion-costume-led-animation","public","failed","False","https://github.com/OpenMakerProjects/dance-motion-costume-led-animation","Could not create OpenMakerProjects/dance-motion-costume-led-animation
error connecting to api.github.com
check your internet connection or https://githubstatus.com","2026-10-02T16:22:05.4977722+05:30"
"1543","dance-motion-costume-motion-recognition","OpenMakerProjects/dance-motion-costume-motion-recognition","public","failed","False","https://github.com/OpenMakerProjects/dance-motion-costume-motion-recognition","Could not create OpenMakerProjects/dance-motion-costume-motion-recognition
error connecting to api.github.com
check your internet connection or https://githubstatus.com","2026-10-02T16:22:06.1128522+05:30"
"1544","dance-motion-costume-location-sharing","OpenMakerProjects/dance-motion-costume-location-sharing","public","failed","False","https://github.com/OpenMakerProjects/dance-motion-costume-location-sharing","Could not create OpenMakerProjects/dance-motion-costume-location-sharing
error connecting to api.github.com
check your internet connection or https://githubstatus.com","2026-10-02T16:22:06.7142261+05:30"
"1545","dance-motion-costume-exposure-logging","OpenMakerProjects/dance-motion-costume-exposure-logging","public","failed","False","https://github.com/OpenMakerProjects/dance-motion-costume-exposure-logging","Could not create OpenMakerProjects/dance-motion-costume-exposure-logging
error connecting to api.github.com
check your internet connection or https://githubstatus.com","2026-10-02T16:22:07.3043882+05:30"
"1546","dance-motion-costume-emergency-mode","OpenMakerProjects/dance-motion-costume-emergency-mode","public","failed","False","https://github.com/OpenMakerProjects/dance-motion-costume-emergency-mode","Could not create OpenMakerProjects/dance-motion-costume-emergency-mode
error connecting to api.github.com
check your internet connection or https://githubstatus.com","2026-10-02T16:22:07.9333696+05:30"
"1547","dance-motion-costume-battery-coaching","OpenMakerProjects/dance-motion-costume-battery-coaching","public","failed","False","https://github.com/OpenMakerProjects/dance-motion-costume-battery-coaching","Could not create OpenMakerProjects/dance-motion-costume-battery-coaching
error connecting to api.github.com
check your internet connection or https://githubstatus.com","2026-10-02T16:22:08.5385703+05:30"
"1548","dance-motion-costume-phone-companion","OpenMakerProjects/dance-motion-costume-phone-companion","public","failed","False","https://github.com/OpenMakerProjects/dance-motion-costume-phone-companion","Could not create OpenMakerProjects/dance-motion-costume-phone-companion
error connecting to api.github.com
check your internet connection or https://githubstatus.com","2026-10-02T16:22:09.1359885+05:30"
"1549","dance-motion-costume-offline-operation","OpenMakerProjects/dance-motion-costume-offline-operation","public","failed","False","https://github.com/OpenMakerProjects/dance-motion-costume-offline-operation","Could not create OpenMakerProjects/dance-motion-costume-offline-operation
error connecting to api.github.com
check your internet connection or https://githubstatus.com","2026-10-02T16:22:09.7180646+05:30"
"1550","dance-motion-costume-modular-sensors","OpenMakerProjects/dance-motion-costume-modular-sensors","public","failed","False","https://github.com/OpenMakerProjects/dance-motion-costume-modular-sensors","Could not create OpenMakerProjects/dance-motion-costume-modular-sensors
error connecting to api.github.com
check your internet connection or https://githubstatus.com","2026-10-02T16:22:10.3314933+05:30"
"1551","temperature-comfort-patch-haptic-alerts","OpenMakerProjects/temperature-comfort-patch-haptic-alerts","public","failed","False","https://github.com/OpenMakerProjects/temperature-comfort-patch-haptic-alerts","Could not create OpenMakerProjects/temperature-comfort-patch-haptic-alerts
error connecting to api.github.com
check your internet connection or https://githubstatus.com","2026-10-02T16:22:10.9397487+05:30"
"1552","temperature-comfort-patch-led-animation","OpenMakerProjects/temperature-comfort-patch-led-animation","public","failed","False","https://github.com/OpenMakerProjects/temperature-comfort-patch-led-animation","Could not create OpenMakerProjects/temperature-comfort-patch-led-animation
error connecting to api.github.com
check your internet connection or https://githubstatus.com","2026-10-02T16:22:11.5606056+05:30"
"1553","temperature-comfort-patch-motion-recognition","OpenMakerProjects/temperature-comfort-patch-motion-recognition","public","failed","False","https://github.com/OpenMakerProjects/temperature-comfort-patch-motion-recognition","Could not create OpenMakerProjects/temperature-comfort-patch-motion-recognition
error connecting to api.github.com
check your internet connection or https://githubstatus.com","2026-10-02T16:22:12.1742614+05:30"
"1554","temperature-comfort-patch-location-sharing","OpenMakerProjects/temperature-comfort-patch-location-sharing","public","failed","False","https://github.com/OpenMakerProjects/temperature-comfort-patch-location-sharing","Could not create OpenMakerProjects/temperature-comfort-patch-location-sharing
error connecting to api.github.com
check your internet connection or https://githubstatus.com","2026-10-02T16:22:12.7685089+05:30"
"1555","temperature-comfort-patch-exposure-logging","OpenMakerProjects/temperature-comfort-patch-exposure-logging","public","failed","False","https://github.com/OpenMakerProjects/temperature-comfort-patch-exposure-logging","Could not create OpenMakerProjects/temperature-comfort-patch-exposure-logging
error connecting to api.github.com
check your internet connection or https://githubstatus.com","2026-10-02T16:22:13.3797531+05:30"
"1556","temperature-comfort-patch-emergency-mode","OpenMakerProjects/temperature-comfort-patch-emergency-mode","public","failed","False","https://github.com/OpenMakerProjects/temperature-comfort-patch-emergency-mode","Could not create OpenMakerProjects/temperature-comfort-patch-emergency-mode
error connecting to api.github.com
check your internet connection or https://githubstatus.com","2026-10-02T16:22:13.9998908+05:30"
"1557","temperature-comfort-patch-battery-coaching","OpenMakerProjects/temperature-comfort-patch-battery-coaching","public","failed","False","https://github.com/OpenMakerProjects/temperature-comfort-patch-battery-coaching","Could not create OpenMakerProjects/temperature-comfort-patch-battery-coaching
error connecting to api.github.com
check your internet connection or https://githubstatus.com","2026-10-02T16:22:14.6208536+05:30"
"1558","temperature-comfort-patch-phone-companion","OpenMakerProjects/temperature-comfort-patch-phone-companion","public","failed","False","https://github.com/OpenMakerProjects/temperature-comfort-patch-phone-companion","Could not create OpenMakerProjects/temperature-comfort-patch-phone-companion
error connecting to api.github.com
check your internet connection or https://githubstatus.com","2026-10-02T16:22:15.2358055+05:30"
"1559","temperature-comfort-patch-offline-operation","OpenMakerProjects/temperature-comfort-patch-offline-operation","public","failed","False","https://github.com/OpenMakerProjects/temperature-comfort-patch-offline-operation","Could not create OpenMakerProjects/temperature-comfort-patch-offline-operation
error connecting to api.github.com
check your internet connection or https://githubstatus.com","2026-10-02T16:22:15.8354219+05:30"
"1560","temperature-comfort-patch-modular-sensors","OpenMakerProjects/temperature-comfort-patch-modular-sensors","public","failed","False","https://github.com/OpenMakerProjects/temperature-comfort-patch-modular-sensors","Could not create OpenMakerProjects/temperature-comfort-patch-modular-sensors
error connecting to api.github.com
check your internet connection or https://githubstatus.com","2026-10-02T16:22:16.4436830+05:30"
"1561","uv-exposure-clip-haptic-alerts","OpenMakerProjects/uv-exposure-clip-haptic-alerts","public","failed","False","https://github.com/OpenMakerProjects/uv-exposure-clip-haptic-alerts","Could not create OpenMakerProjects/uv-exposure-clip-haptic-alerts
error connecting to api.github.com
check your internet connection or https://githubstatus.com","2026-10-02T16:22:17.0432405+05:30"
"1562","uv-exposure-clip-led-animation","OpenMakerProjects/uv-exposure-clip-led-animation","public","failed","False","https://github.com/OpenMakerProjects/uv-exposure-clip-led-animation","Could not create OpenMakerProjects/uv-exposure-clip-led-animation
error connecting to api.github.com
check your internet connection or https://githubstatus.com","2026-10-02T16:22:17.6530079+05:30"
"1563","uv-exposure-clip-motion-recognition","OpenMakerProjects/uv-exposure-clip-motion-recognition","public","failed","False","https://github.com/OpenMakerProjects/uv-exposure-clip-motion-recognition","Could not create OpenMakerProjects/uv-exposure-clip-motion-recognition
error connecting to api.github.com
check your internet connection or https://githubstatus.com","2026-10-02T16:22:18.3014081+05:30"
"1564","uv-exposure-clip-location-sharing","OpenMakerProjects/uv-exposure-clip-location-sharing","public","failed","False","https://github.com/OpenMakerProjects/uv-exposure-clip-location-sharing","Could not create OpenMakerProjects/uv-exposure-clip-location-sharing
error connecting to api.github.com
check your internet connection or https://githubstatus.com","2026-10-02T16:22:18.9183796+05:30"
"1565","uv-exposure-clip-exposure-logging","OpenMakerProjects/uv-exposure-clip-exposure-logging","public","failed","False","https://github.com/OpenMakerProjects/uv-exposure-clip-exposure-logging","Could not create OpenMakerProjects/uv-exposure-clip-exposure-logging
error connecting to api.github.com
check your internet connection or https://githubstatus.com","2026-10-02T16:22:19.5423445+05:30"
"1566","uv-exposure-clip-emergency-mode","OpenMakerProjects/uv-exposure-clip-emergency-mode","public","failed","False","https://github.com/OpenMakerProjects/uv-exposure-clip-emergency-mode","Could not create OpenMakerProjects/uv-exposure-clip-emergency-mode
error connecting to api.github.com
check your internet connection or https://githubstatus.com","2026-10-02T16:22:20.1544455+05:30"
"1567","uv-exposure-clip-battery-coaching","OpenMakerProjects/uv-exposure-clip-battery-coaching","public","failed","False","https://github.com/OpenMakerProjects/uv-exposure-clip-battery-coaching","Could not create OpenMakerProjects/uv-exposure-clip-battery-coaching
error connecting to api.github.com
check your internet connection or https://githubstatus.com","2026-10-02T16:22:20.7545214+05:30"
"1568","uv-exposure-clip-phone-companion","OpenMakerProjects/uv-exposure-clip-phone-companion","public","failed","False","https://github.com/OpenMakerProjects/uv-exposure-clip-phone-companion","Could not create OpenMakerProjects/uv-exposure-clip-phone-companion
error connecting to api.github.com
check your internet connection or https://githubstatus.com","2026-10-02T16:22:21.3690826+05:30"
"1569","uv-exposure-clip-offline-operation","OpenMakerProjects/uv-exposure-clip-offline-operation","public","failed","False","https://github.com/OpenMakerProjects/uv-exposure-clip-offline-operation","Could not create OpenMakerProjects/uv-exposure-clip-offline-operation
error connecting to api.github.com
check your internet connection or https://githubstatus.com","2026-10-02T16:22:21.9822970+05:30"
"1570","uv-exposure-clip-modular-sensors","OpenMakerProjects/uv-exposure-clip-modular-sensors","public","failed","False","https://github.com/OpenMakerProjects/uv-exposure-clip-modular-sensors","Could not create OpenMakerProjects/uv-exposure-clip-modular-sensors
error connecting to api.github.com
check your internet connection or https://githubstatus.com","2026-10-02T16:22:22.5881724+05:30"
"1571","smart-name-badge-haptic-alerts","OpenMakerProjects/smart-name-badge-haptic-alerts","public","failed","False","https://github.com/OpenMakerProjects/smart-name-badge-haptic-alerts","Could not create OpenMakerProjects/smart-name-badge-haptic-alerts
error connecting to api.github.com
check your internet connection or https://githubstatus.com","2026-10-02T16:22:23.1979798+05:30"
"1572","smart-name-badge-led-animation","OpenMakerProjects/smart-name-badge-led-animation","public","failed","False","https://github.com/OpenMakerProjects/smart-name-badge-led-animation","Could not create OpenMakerProjects/smart-name-badge-led-animation
error connecting to api.github.com
check your internet connection or https://githubstatus.com","2026-10-02T16:22:23.7872373+05:30"
"1573","smart-name-badge-motion-recognition","OpenMakerProjects/smart-name-badge-motion-recognition","public","failed","False","https://github.com/OpenMakerProjects/smart-name-badge-motion-recognition","Could not create OpenMakerProjects/smart-name-badge-motion-recognition
error connecting to api.github.com
check your internet connection or https://githubstatus.com","2026-10-02T16:22:24.3847226+05:30"
"1574","smart-name-badge-location-sharing","OpenMakerProjects/smart-name-badge-location-sharing","public","failed","False","https://github.com/OpenMakerProjects/smart-name-badge-location-sharing","Could not create OpenMakerProjects/smart-name-badge-location-sharing
error connecting to api.github.com
check your internet connection or https://githubstatus.com","2026-10-02T16:22:24.9853406+05:30"
"1575","smart-name-badge-exposure-logging","OpenMakerProjects/smart-name-badge-exposure-logging","public","failed","False","https://github.com/OpenMakerProjects/smart-name-badge-exposure-logging","Could not create OpenMakerProjects/smart-name-badge-exposure-logging
error connecting to api.github.com
check your internet connection or https://githubstatus.com","2026-10-02T16:22:25.5854638+05:30"
"1576","smart-name-badge-emergency-mode","OpenMakerProjects/smart-name-badge-emergency-mode","public","failed","False","https://github.com/OpenMakerProjects/smart-name-badge-emergency-mode","Could not create OpenMakerProjects/smart-name-badge-emergency-mode
error connecting to api.github.com
check your internet connection or https://githubstatus.com","2026-10-02T16:22:26.1646937+05:30"
"1577","smart-name-badge-battery-coaching","OpenMakerProjects/smart-name-badge-battery-coaching","public","failed","False","https://github.com/OpenMakerProjects/smart-name-badge-battery-coaching","Could not create OpenMakerProjects/smart-name-badge-battery-coaching
error connecting to api.github.com
check your internet connection or https://githubstatus.com","2026-10-02T16:22:26.7605078+05:30"
"1578","smart-name-badge-phone-companion","OpenMakerProjects/smart-name-badge-phone-companion","public","failed","False","https://github.com/OpenMakerProjects/smart-name-badge-phone-companion","Could not create OpenMakerProjects/smart-name-badge-phone-companion
error connecting to api.github.com
check your internet connection or https://githubstatus.com","2026-10-02T16:22:27.3680969+05:30"
"1579","smart-name-badge-offline-operation","OpenMakerProjects/smart-name-badge-offline-operation","public","failed","False","https://github.com/OpenMakerProjects/smart-name-badge-offline-operation","Could not create OpenMakerProjects/smart-name-badge-offline-operation
error connecting to api.github.com
check your internet connection or https://githubstatus.com","2026-10-02T16:22:27.9740551+05:30"
"1580","smart-name-badge-modular-sensors","OpenMakerProjects/smart-name-badge-modular-sensors","public","failed","False","https://github.com/OpenMakerProjects/smart-name-badge-modular-sensors","Could not create OpenMakerProjects/smart-name-badge-modular-sensors
error connecting to api.github.com
check your internet connection or https://githubstatus.com","2026-10-02T16:22:28.5703317+05:30"
"1581","runner-pace-band-haptic-alerts","OpenMakerProjects/runner-pace-band-haptic-alerts","public","failed","False","https://github.com/OpenMakerProjects/runner-pace-band-haptic-alerts","Could not create OpenMakerProjects/runner-pace-band-haptic-alerts
error connecting to api.github.com
check your internet connection or https://githubstatus.com","2026-10-02T16:22:29.1713734+05:30"
"1582","runner-pace-band-led-animation","OpenMakerProjects/runner-pace-band-led-animation","public","failed","False","https://github.com/OpenMakerProjects/runner-pace-band-led-animation","Could not create OpenMakerProjects/runner-pace-band-led-animation
error connecting to api.github.com
check your internet connection or https://githubstatus.com","2026-10-02T16:22:29.7614707+05:30"
"1583","runner-pace-band-motion-recognition","OpenMakerProjects/runner-pace-band-motion-recognition","public","failed","False","https://github.com/OpenMakerProjects/runner-pace-band-motion-recognition","Could not create OpenMakerProjects/runner-pace-band-motion-recognition
error connecting to api.github.com
check your internet connection or https://githubstatus.com","2026-10-02T16:22:30.3503360+05:30"
"1584","runner-pace-band-location-sharing","OpenMakerProjects/runner-pace-band-location-sharing","public","failed","False","https://github.com/OpenMakerProjects/runner-pace-band-location-sharing","Could not create OpenMakerProjects/runner-pace-band-location-sharing
error connecting to api.github.com
check your internet connection or https://githubstatus.com","2026-10-02T16:22:30.9479182+05:30"
"1585","runner-pace-band-exposure-logging","OpenMakerProjects/runner-pace-band-exposure-logging","public","failed","False","https://github.com/OpenMakerProjects/runner-pace-band-exposure-logging","Could not create OpenMakerProjects/runner-pace-band-exposure-logging
error connecting to api.github.com
check your internet connection or https://githubstatus.com","2026-10-02T16:22:31.5447795+05:30"
"1586","runner-pace-band-emergency-mode","OpenMakerProjects/runner-pace-band-emergency-mode","public","failed","False","https://github.com/OpenMakerProjects/runner-pace-band-emergency-mode","Could not create OpenMakerProjects/runner-pace-band-emergency-mode
error connecting to api.github.com
check your internet connection or https://githubstatus.com","2026-10-02T16:22:32.1335114+05:30"
"1587","runner-pace-band-battery-coaching","OpenMakerProjects/runner-pace-band-battery-coaching","public","failed","False","https://github.com/OpenMakerProjects/runner-pace-band-battery-coaching","Could not create OpenMakerProjects/runner-pace-band-battery-coaching
error connecting to api.github.com
check your internet connection or https://githubstatus.com","2026-10-02T16:22:32.7448708+05:30"
"1588","runner-pace-band-phone-companion","OpenMakerProjects/runner-pace-band-phone-companion","public","failed","False","https://github.com/OpenMakerProjects/runner-pace-band-phone-companion","Could not create OpenMakerProjects/runner-pace-band-phone-companion
error connecting to api.github.com
check your internet connection or https://githubstatus.com","2026-10-02T16:22:33.3544913+05:30"
"1589","runner-pace-band-offline-operation","OpenMakerProjects/runner-pace-band-offline-operation","public","failed","False","https://github.com/OpenMakerProjects/runner-pace-band-offline-operation","Could not create OpenMakerProjects/runner-pace-band-offline-operation
error connecting to api.github.com
check your internet connection or https://githubstatus.com","2026-10-02T16:22:33.9442407+05:30"
"1590","runner-pace-band-modular-sensors","OpenMakerProjects/runner-pace-band-modular-sensors","public","failed","False","https://github.com/OpenMakerProjects/runner-pace-band-modular-sensors","Could not create OpenMakerProjects/runner-pace-band-modular-sensors
error connecting to api.github.com
check your internet connection or https://githubstatus.com","2026-10-02T16:22:34.5794495+05:30"
"1591","personal-air-quality-wearable-haptic-alerts","OpenMakerProjects/personal-air-quality-wearable-haptic-alerts","public","failed","False","https://github.com/OpenMakerProjects/personal-air-quality-wearable-haptic-alerts","Could not create OpenMakerProjects/personal-air-quality-wearable-haptic-alerts
error connecting to api.github.com
check your internet connection or https://githubstatus.com","2026-10-02T16:22:35.2239031+05:30"
"1592","personal-air-quality-wearable-led-animation","OpenMakerProjects/personal-air-quality-wearable-led-animation","public","failed","False","https://github.com/OpenMakerProjects/personal-air-quality-wearable-led-animation","Could not create OpenMakerProjects/personal-air-quality-wearable-led-animation
error connecting to api.github.com
check your internet connection or https://githubstatus.com","2026-10-02T16:22:35.8382101+05:30"
"1593","personal-air-quality-wearable-motion-recognition","OpenMakerProjects/personal-air-quality-wearable-motion-recognition","public","failed","False","https://github.com/OpenMakerProjects/personal-air-quality-wearable-motion-recognition","Could not create OpenMakerProjects/personal-air-quality-wearable-motion-recognition
error connecting to api.github.com
check your internet connection or https://githubstatus.com","2026-10-02T16:22:36.4280126+05:30"
"1594","personal-air-quality-wearable-location-sharing","OpenMakerProjects/personal-air-quality-wearable-location-sharing","public","failed","False","https://github.com/OpenMakerProjects/personal-air-quality-wearable-location-sharing","Could not create OpenMakerProjects/personal-air-quality-wearable-location-sharing
error connecting to api.github.com
check your internet connection or https://githubstatus.com","2026-10-02T16:22:37.0542480+05:30"
"1595","personal-air-quality-wearable-exposure-logging","OpenMakerProjects/personal-air-quality-wearable-exposure-logging","public","failed","False","https://github.com/OpenMakerProjects/personal-air-quality-wearable-exposure-logging","Could not create OpenMakerProjects/personal-air-quality-wearable-exposure-logging
error connecting to api.github.com
check your internet connection or https://githubstatus.com","2026-10-02T16:22:37.6671371+05:30"
"1596","personal-air-quality-wearable-emergency-mode","OpenMakerProjects/personal-air-quality-wearable-emergency-mode","public","failed","False","https://github.com/OpenMakerProjects/personal-air-quality-wearable-emergency-mode","Could not create OpenMakerProjects/personal-air-quality-wearable-emergency-mode
error connecting to api.github.com
check your internet connection or https://githubstatus.com","2026-10-02T16:22:38.3647645+05:30"
"1597","personal-air-quality-wearable-battery-coaching","OpenMakerProjects/personal-air-quality-wearable-battery-coaching","public","failed","False","https://github.com/OpenMakerProjects/personal-air-quality-wearable-battery-coaching","Could not create OpenMakerProjects/personal-air-quality-wearable-battery-coaching
error connecting to api.github.com
check your internet connection or https://githubstatus.com","2026-10-02T16:22:38.9948882+05:30"
"1598","personal-air-quality-wearable-phone-companion","OpenMakerProjects/personal-air-quality-wearable-phone-companion","public","failed","False","https://github.com/OpenMakerProjects/personal-air-quality-wearable-phone-companion","Could not create OpenMakerProjects/personal-air-quality-wearable-phone-companion
error connecting to api.github.com
check your internet connection or https://githubstatus.com","2026-10-02T16:22:39.5847208+05:30"
"1599","personal-air-quality-wearable-offline-operation","OpenMakerProjects/personal-air-quality-wearable-offline-operation","public","failed","False","https://github.com/OpenMakerProjects/personal-air-quality-wearable-offline-operation","Could not create OpenMakerProjects/personal-air-quality-wearable-offline-operation
error connecting to api.github.com
check your internet connection or https://githubstatus.com","2026-10-02T16:22:40.2061514+05:30"
"1600","personal-air-quality-wearable-modular-sensors","OpenMakerProjects/personal-air-quality-wearable-modular-sensors","public","failed","False","https://github.com/OpenMakerProjects/personal-air-quality-wearable-modular-sensors","Could not create OpenMakerProjects/personal-air-quality-wearable-modular-sensors
error connecting to api.github.com
check your internet connection or https://githubstatus.com","2026-10-02T16:22:40.8046095+05:30"
"1601","digital-drum-pad-midi-control","OpenMakerProjects/digital-drum-pad-midi-control","public","failed","False","https://github.com/OpenMakerProjects/digital-drum-pad-midi-control","Could not create OpenMakerProjects/digital-drum-pad-midi-control
error connecting to api.github.com
check your internet connection or https://githubstatus.com","2026-10-02T16:22:41.3879369+05:30"
"1602","digital-drum-pad-audio-reactive-lighting","OpenMakerProjects/digital-drum-pad-audio-reactive-lighting","public","failed","False","https://github.com/OpenMakerProjects/digital-drum-pad-audio-reactive-lighting","Could not create OpenMakerProjects/digital-drum-pad-audio-reactive-lighting
error connecting to api.github.com
check your internet connection or https://githubstatus.com","2026-10-02T16:22:41.9804994+05:30"
"1603","digital-drum-pad-pitch-detection","OpenMakerProjects/digital-drum-pad-pitch-detection","public","failed","False","https://github.com/OpenMakerProjects/digital-drum-pad-pitch-detection","Could not create OpenMakerProjects/digital-drum-pad-pitch-detection
error connecting to api.github.com
check your internet connection or https://githubstatus.com","2026-10-02T16:22:42.5774750+05:30"
"1604","digital-drum-pad-rhythm-training","OpenMakerProjects/digital-drum-pad-rhythm-training","public","failed","False","https://github.com/OpenMakerProjects/digital-drum-pad-rhythm-training","Could not create OpenMakerProjects/digital-drum-pad-rhythm-training
error connecting to api.github.com
check your internet connection or https://githubstatus.com","2026-10-02T16:22:43.1794742+05:30"
"1605","digital-drum-pad-sample-playback","OpenMakerProjects/digital-drum-pad-sample-playback","public","failed","False","https://github.com/OpenMakerProjects/digital-drum-pad-sample-playback","Could not create OpenMakerProjects/digital-drum-pad-sample-playback
error connecting to api.github.com
check your internet connection or https://githubstatus.com","2026-10-02T16:22:43.7764699+05:30"
"1606","digital-drum-pad-wireless-performance","OpenMakerProjects/digital-drum-pad-wireless-performance","public","failed","False","https://github.com/OpenMakerProjects/digital-drum-pad-wireless-performance","Could not create OpenMakerProjects/digital-drum-pad-wireless-performance
error connecting to api.github.com
check your internet connection or https://githubstatus.com","2026-10-02T16:22:44.4004900+05:30"
"1607","digital-drum-pad-preset-storage","OpenMakerProjects/digital-drum-pad-preset-storage","public","failed","False","https://github.com/OpenMakerProjects/digital-drum-pad-preset-storage","Could not create OpenMakerProjects/digital-drum-pad-preset-storage
error connecting to api.github.com
check your internet connection or https://githubstatus.com","2026-10-02T16:22:45.0163654+05:30"
"1608","digital-drum-pad-multi-track-logging","OpenMakerProjects/digital-drum-pad-multi-track-logging","public","failed","False","https://github.com/OpenMakerProjects/digital-drum-pad-multi-track-logging","Could not create OpenMakerProjects/digital-drum-pad-multi-track-logging
error connecting to api.github.com
check your internet connection or https://githubstatus.com","2026-10-02T16:22:45.6207897+05:30"
"1609","digital-drum-pad-touch-interface","OpenMakerProjects/digital-drum-pad-touch-interface","public","failed","False","https://github.com/OpenMakerProjects/digital-drum-pad-touch-interface","Could not create OpenMakerProjects/digital-drum-pad-touch-interface
error connecting to api.github.com
check your internet connection or https://githubstatus.com","2026-10-02T16:22:46.2105393+05:30"
"1610","digital-drum-pad-collaborative-jam-mode","OpenMakerProjects/digital-drum-pad-collaborative-jam-mode","public","failed","False","https://github.com/OpenMakerProjects/digital-drum-pad-collaborative-jam-mode","Could not create OpenMakerProjects/digital-drum-pad-collaborative-jam-mode
error connecting to api.github.com
check your internet connection or https://githubstatus.com","2026-10-02T16:22:46.7915512+05:30"
"1611","midi-foot-controller-midi-control","OpenMakerProjects/midi-foot-controller-midi-control","public","failed","False","https://github.com/OpenMakerProjects/midi-foot-controller-midi-control","Could not create OpenMakerProjects/midi-foot-controller-midi-control
error connecting to api.github.com
check your internet connection or https://githubstatus.com","2026-10-02T16:22:47.3922910+05:30"
"1612","midi-foot-controller-audio-reactive-lighting","OpenMakerProjects/midi-foot-controller-audio-reactive-lighting","public","failed","False","https://github.com/OpenMakerProjects/midi-foot-controller-audio-reactive-lighting","Could not create OpenMakerProjects/midi-foot-controller-audio-reactive-lighting
error connecting to api.github.com
check your internet connection or https://githubstatus.com","2026-10-02T16:22:47.9850531+05:30"
"1613","midi-foot-controller-pitch-detection","OpenMakerProjects/midi-foot-controller-pitch-detection","public","failed","False","https://github.com/OpenMakerProjects/midi-foot-controller-pitch-detection","Could not create OpenMakerProjects/midi-foot-controller-pitch-detection
error connecting to api.github.com
check your internet connection or https://githubstatus.com","2026-10-02T16:22:48.5831924+05:30"
"1614","midi-foot-controller-rhythm-training","OpenMakerProjects/midi-foot-controller-rhythm-training","public","failed","False","https://github.com/OpenMakerProjects/midi-foot-controller-rhythm-training","Could not create OpenMakerProjects/midi-foot-controller-rhythm-training
error connecting to api.github.com
check your internet connection or https://githubstatus.com","2026-10-02T16:22:49.1949721+05:30"
"1615","midi-foot-controller-sample-playback","OpenMakerProjects/midi-foot-controller-sample-playback","public","failed","False","https://github.com/OpenMakerProjects/midi-foot-controller-sample-playback","Could not create OpenMakerProjects/midi-foot-controller-sample-playback
error connecting to api.github.com
check your internet connection or https://githubstatus.com","2026-10-02T16:22:49.7946412+05:30"
"1616","midi-foot-controller-wireless-performance","OpenMakerProjects/midi-foot-controller-wireless-performance","public","failed","False","https://github.com/OpenMakerProjects/midi-foot-controller-wireless-performance","Could not create OpenMakerProjects/midi-foot-controller-wireless-performance
error connecting to api.github.com
check your internet connection or https://githubstatus.com","2026-10-02T16:22:50.4000531+05:30"
"1617","midi-foot-controller-preset-storage","OpenMakerProjects/midi-foot-controller-preset-storage","public","failed","False","https://github.com/OpenMakerProjects/midi-foot-controller-preset-storage","Could not create OpenMakerProjects/midi-foot-controller-preset-storage
error connecting to api.github.com
check your internet connection or https://githubstatus.com","2026-10-02T16:22:51.0004576+05:30"
"1618","midi-foot-controller-multi-track-logging","OpenMakerProjects/midi-foot-controller-multi-track-logging","public","failed","False","https://github.com/OpenMakerProjects/midi-foot-controller-multi-track-logging","Could not create OpenMakerProjects/midi-foot-controller-multi-track-logging
error connecting to api.github.com
check your internet connection or https://githubstatus.com","2026-10-02T16:22:51.6045130+05:30"
"1619","midi-foot-controller-touch-interface","OpenMakerProjects/midi-foot-controller-touch-interface","public","failed","False","https://github.com/OpenMakerProjects/midi-foot-controller-touch-interface","Could not create OpenMakerProjects/midi-foot-controller-touch-interface
error connecting to api.github.com
check your internet connection or https://githubstatus.com","2026-10-02T16:22:52.2315724+05:30"
"1620","midi-foot-controller-collaborative-jam-mode","OpenMakerProjects/midi-foot-controller-collaborative-jam-mode","public","failed","False","https://github.com/OpenMakerProjects/midi-foot-controller-collaborative-jam-mode","Could not create OpenMakerProjects/midi-foot-controller-collaborative-jam-mode
error connecting to api.github.com
check your internet connection or https://githubstatus.com","2026-10-02T16:22:52.8966155+05:30"
"1621","gesture-synthesizer-midi-control","OpenMakerProjects/gesture-synthesizer-midi-control","public","failed","False","https://github.com/OpenMakerProjects/gesture-synthesizer-midi-control","Could not create OpenMakerProjects/gesture-synthesizer-midi-control
error connecting to api.github.com
check your internet connection or https://githubstatus.com","2026-10-02T16:22:53.4894456+05:30"
"1622","gesture-synthesizer-audio-reactive-lighting","OpenMakerProjects/gesture-synthesizer-audio-reactive-lighting","public","failed","False","https://github.com/OpenMakerProjects/gesture-synthesizer-audio-reactive-lighting","Could not create OpenMakerProjects/gesture-synthesizer-audio-reactive-lighting
error connecting to api.github.com
check your internet connection or https://githubstatus.com","2026-10-02T16:22:54.0906940+05:30"
"1623","gesture-synthesizer-pitch-detection","OpenMakerProjects/gesture-synthesizer-pitch-detection","public","failed","False","https://github.com/OpenMakerProjects/gesture-synthesizer-pitch-detection","Could not create OpenMakerProjects/gesture-synthesizer-pitch-detection
error connecting to api.github.com
check your internet connection or https://githubstatus.com","2026-10-02T16:22:54.6828580+05:30"
"1624","gesture-synthesizer-rhythm-training","OpenMakerProjects/gesture-synthesizer-rhythm-training","public","failed","False","https://github.com/OpenMakerProjects/gesture-synthesizer-rhythm-training","Could not create OpenMakerProjects/gesture-synthesizer-rhythm-training
error connecting to api.github.com
check your internet connection or https://githubstatus.com","2026-10-02T16:22:55.2947624+05:30"
"1625","gesture-synthesizer-sample-playback","OpenMakerProjects/gesture-synthesizer-sample-playback","public","failed","False","https://github.com/OpenMakerProjects/gesture-synthesizer-sample-playback","Could not create OpenMakerProjects/gesture-synthesizer-sample-playback
error connecting to api.github.com
check your internet connection or https://githubstatus.com","2026-10-02T16:22:55.8835007+05:30"
"1626","gesture-synthesizer-wireless-performance","OpenMakerProjects/gesture-synthesizer-wireless-performance","public","failed","False","https://github.com/OpenMakerProjects/gesture-synthesizer-wireless-performance","Could not create OpenMakerProjects/gesture-synthesizer-wireless-performance
error connecting to api.github.com
check your internet connection or https://githubstatus.com","2026-10-02T16:22:56.4841234+05:30"
"1627","gesture-synthesizer-preset-storage","OpenMakerProjects/gesture-synthesizer-preset-storage","public","failed","False","https://github.com/OpenMakerProjects/gesture-synthesizer-preset-storage","Could not create OpenMakerProjects/gesture-synthesizer-preset-storage
error connecting to api.github.com
check your internet connection or https://githubstatus.com","2026-10-02T16:22:57.0744451+05:30"
"1628","gesture-synthesizer-multi-track-logging","OpenMakerProjects/gesture-synthesizer-multi-track-logging","public","failed","False","https://github.com/OpenMakerProjects/gesture-synthesizer-multi-track-logging","Could not create OpenMakerProjects/gesture-synthesizer-multi-track-logging
error connecting to api.github.com
check your internet connection or https://githubstatus.com","2026-10-02T16:22:57.6782038+05:30"
"1629","gesture-synthesizer-touch-interface","OpenMakerProjects/gesture-synthesizer-touch-interface","public","failed","False","https://github.com/OpenMakerProjects/gesture-synthesizer-touch-interface","Could not create OpenMakerProjects/gesture-synthesizer-touch-interface
error connecting to api.github.com
check your internet connection or https://githubstatus.com","2026-10-02T16:22:58.2904647+05:30"
"1630","gesture-synthesizer-collaborative-jam-mode","OpenMakerProjects/gesture-synthesizer-collaborative-jam-mode","public","failed","False","https://github.com/OpenMakerProjects/gesture-synthesizer-collaborative-jam-mode","Could not create OpenMakerProjects/gesture-synthesizer-collaborative-jam-mode
error connecting to api.github.com
check your internet connection or https://githubstatus.com","2026-10-02T16:22:58.8843110+05:30"
"1631","automatic-guitar-tuner-midi-control","OpenMakerProjects/automatic-guitar-tuner-midi-control","public","failed","False","https://github.com/OpenMakerProjects/automatic-guitar-tuner-midi-control","Could not create OpenMakerProjects/automatic-guitar-tuner-midi-control
error connecting to api.github.com
check your internet connection or https://githubstatus.com","2026-10-02T16:22:59.4941909+05:30"
"1632","automatic-guitar-tuner-audio-reactive-lighting","OpenMakerProjects/automatic-guitar-tuner-audio-reactive-lighting","public","failed","False","https://github.com/OpenMakerProjects/automatic-guitar-tuner-audio-reactive-lighting","Could not create OpenMakerProjects/automatic-guitar-tuner-audio-reactive-lighting
error connecting to api.github.com
check your internet connection or https://githubstatus.com","2026-10-02T16:23:00.0788245+05:30"
"1633","automatic-guitar-tuner-pitch-detection","OpenMakerProjects/automatic-guitar-tuner-pitch-detection","public","failed","False","https://github.com/OpenMakerProjects/automatic-guitar-tuner-pitch-detection","Could not create OpenMakerProjects/automatic-guitar-tuner-pitch-detection
error connecting to api.github.com
check your internet connection or https://githubstatus.com","2026-10-02T16:23:00.6911282+05:30"
"1634","automatic-guitar-tuner-rhythm-training","OpenMakerProjects/automatic-guitar-tuner-rhythm-training","public","failed","False","https://github.com/OpenMakerProjects/automatic-guitar-tuner-rhythm-training","Could not create OpenMakerProjects/automatic-guitar-tuner-rhythm-training
error connecting to api.github.com
check your internet connection or https://githubstatus.com","2026-10-02T16:23:01.3271001+05:30"
"1635","automatic-guitar-tuner-sample-playback","OpenMakerProjects/automatic-guitar-tuner-sample-playback","public","failed","False","https://github.com/OpenMakerProjects/automatic-guitar-tuner-sample-playback","Could not create OpenMakerProjects/automatic-guitar-tuner-sample-playback
error connecting to api.github.com
check your internet connection or https://githubstatus.com","2026-10-02T16:23:01.9368766+05:30"
"1636","automatic-guitar-tuner-wireless-performance","OpenMakerProjects/automatic-guitar-tuner-wireless-performance","public","failed","False","https://github.com/OpenMakerProjects/automatic-guitar-tuner-wireless-performance","Could not create OpenMakerProjects/automatic-guitar-tuner-wireless-performance
error connecting to api.github.com
check your internet connection or https://githubstatus.com","2026-10-02T16:23:02.5334885+05:30"
"1637","automatic-guitar-tuner-preset-storage","OpenMakerProjects/automatic-guitar-tuner-preset-storage","public","failed","False","https://github.com/OpenMakerProjects/automatic-guitar-tuner-preset-storage","Could not create OpenMakerProjects/automatic-guitar-tuner-preset-storage
error connecting to api.github.com
check your internet connection or https://githubstatus.com","2026-10-02T16:23:03.1333101+05:30"
"1638","automatic-guitar-tuner-multi-track-logging","OpenMakerProjects/automatic-guitar-tuner-multi-track-logging","public","failed","False","https://github.com/OpenMakerProjects/automatic-guitar-tuner-multi-track-logging","Could not create OpenMakerProjects/automatic-guitar-tuner-multi-track-logging
error connecting to api.github.com
check your internet connection or https://githubstatus.com","2026-10-02T16:23:03.7414151+05:30"
"1639","automatic-guitar-tuner-touch-interface","OpenMakerProjects/automatic-guitar-tuner-touch-interface","public","failed","False","https://github.com/OpenMakerProjects/automatic-guitar-tuner-touch-interface","Could not create OpenMakerProjects/automatic-guitar-tuner-touch-interface
error connecting to api.github.com
check your internet connection or https://githubstatus.com","2026-10-02T16:23:04.3250426+05:30"
"1640","automatic-guitar-tuner-collaborative-jam-mode","OpenMakerProjects/automatic-guitar-tuner-collaborative-jam-mode","public","failed","False","https://github.com/OpenMakerProjects/automatic-guitar-tuner-collaborative-jam-mode","Could not create OpenMakerProjects/automatic-guitar-tuner-collaborative-jam-mode
error connecting to api.github.com
check your internet connection or https://githubstatus.com","2026-10-02T16:23:04.9104168+05:30"
"1641","room-acoustic-meter-midi-control","OpenMakerProjects/room-acoustic-meter-midi-control","public","failed","False","https://github.com/OpenMakerProjects/room-acoustic-meter-midi-control","Could not create OpenMakerProjects/room-acoustic-meter-midi-control
error connecting to api.github.com
check your internet connection or https://githubstatus.com","2026-10-02T16:23:05.5111426+05:30"
"1642","room-acoustic-meter-audio-reactive-lighting","OpenMakerProjects/room-acoustic-meter-audio-reactive-lighting","public","failed","False","https://github.com/OpenMakerProjects/room-acoustic-meter-audio-reactive-lighting","Could not create OpenMakerProjects/room-acoustic-meter-audio-reactive-lighting
error connecting to api.github.com
check your internet connection or https://githubstatus.com","2026-10-02T16:23:06.1161635+05:30"
"1643","room-acoustic-meter-pitch-detection","OpenMakerProjects/room-acoustic-meter-pitch-detection","public","failed","False","https://github.com/OpenMakerProjects/room-acoustic-meter-pitch-detection","Could not create OpenMakerProjects/room-acoustic-meter-pitch-detection
error connecting to api.github.com
check your internet connection or https://githubstatus.com","2026-10-02T16:23:06.7134189+05:30"
"1644","room-acoustic-meter-rhythm-training","OpenMakerProjects/room-acoustic-meter-rhythm-training","public","failed","False","https://github.com/OpenMakerProjects/room-acoustic-meter-rhythm-training","Could not create OpenMakerProjects/room-acoustic-meter-rhythm-training
error connecting to api.github.com
check your internet connection or https://githubstatus.com","2026-10-02T16:23:07.3025320+05:30"
"1645","room-acoustic-meter-sample-playback","OpenMakerProjects/room-acoustic-meter-sample-playback","public","failed","False","https://github.com/OpenMakerProjects/room-acoustic-meter-sample-playback","Could not create OpenMakerProjects/room-acoustic-meter-sample-playback
error connecting to api.github.com
check your internet connection or https://githubstatus.com","2026-10-02T16:23:07.9188503+05:30"
"1646","room-acoustic-meter-wireless-performance","OpenMakerProjects/room-acoustic-meter-wireless-performance","public","failed","False","https://github.com/OpenMakerProjects/room-acoustic-meter-wireless-performance","Could not create OpenMakerProjects/room-acoustic-meter-wireless-performance
error connecting to api.github.com
check your internet connection or https://githubstatus.com","2026-10-02T16:23:08.5159785+05:30"
"1647","room-acoustic-meter-preset-storage","OpenMakerProjects/room-acoustic-meter-preset-storage","public","failed","False","https://github.com/OpenMakerProjects/room-acoustic-meter-preset-storage","Could not create OpenMakerProjects/room-acoustic-meter-preset-storage
error connecting to api.github.com
check your internet connection or https://githubstatus.com","2026-10-02T16:23:09.1170999+05:30"
"1648","room-acoustic-meter-multi-track-logging","OpenMakerProjects/room-acoustic-meter-multi-track-logging","public","failed","False","https://github.com/OpenMakerProjects/room-acoustic-meter-multi-track-logging","Could not create OpenMakerProjects/room-acoustic-meter-multi-track-logging
error connecting to api.github.com
check your internet connection or https://githubstatus.com","2026-10-02T16:23:09.7242592+05:30"
"1649","room-acoustic-meter-touch-interface","OpenMakerProjects/room-acoustic-meter-touch-interface","public","failed","False","https://github.com/OpenMakerProjects/room-acoustic-meter-touch-interface","Could not create OpenMakerProjects/room-acoustic-meter-touch-interface
error connecting to api.github.com
check your internet connection or https://githubstatus.com","2026-10-02T16:23:10.3669515+05:30"
"1650","room-acoustic-meter-collaborative-jam-mode","OpenMakerProjects/room-acoustic-meter-collaborative-jam-mode","public","failed","False","https://github.com/OpenMakerProjects/room-acoustic-meter-collaborative-jam-mode","Could not create OpenMakerProjects/room-acoustic-meter-collaborative-jam-mode
error connecting to api.github.com
check your internet connection or https://githubstatus.com","2026-10-02T16:23:10.9966386+05:30"
"1651","interactive-music-wall-midi-control","OpenMakerProjects/interactive-music-wall-midi-control","public","failed","False","https://github.com/OpenMakerProjects/interactive-music-wall-midi-control","Could not create OpenMakerProjects/interactive-music-wall-midi-control
error connecting to api.github.com
check your internet connection or https://githubstatus.com","2026-10-02T16:23:11.6351749+05:30"
"1652","interactive-music-wall-audio-reactive-lighting","OpenMakerProjects/interactive-music-wall-audio-reactive-lighting","public","failed","False","https://github.com/OpenMakerProjects/interactive-music-wall-audio-reactive-lighting","Could not create OpenMakerProjects/interactive-music-wall-audio-reactive-lighting
error connecting to api.github.com
check your internet connection or https://githubstatus.com","2026-10-02T16:23:12.2392144+05:30"
"1653","interactive-music-wall-pitch-detection","OpenMakerProjects/interactive-music-wall-pitch-detection","public","failed","False","https://github.com/OpenMakerProjects/interactive-music-wall-pitch-detection","Could not create OpenMakerProjects/interactive-music-wall-pitch-detection
error connecting to api.github.com
check your internet connection or https://githubstatus.com","2026-10-02T16:23:12.8685729+05:30"
"1654","interactive-music-wall-rhythm-training","OpenMakerProjects/interactive-music-wall-rhythm-training","public","failed","False","https://github.com/OpenMakerProjects/interactive-music-wall-rhythm-training","Could not create OpenMakerProjects/interactive-music-wall-rhythm-training
error connecting to api.github.com
check your internet connection or https://githubstatus.com","2026-10-02T16:23:13.4770589+05:30"
"1655","interactive-music-wall-sample-playback","OpenMakerProjects/interactive-music-wall-sample-playback","public","failed","False","https://github.com/OpenMakerProjects/interactive-music-wall-sample-playback","Could not create OpenMakerProjects/interactive-music-wall-sample-playback
error connecting to api.github.com
check your internet connection or https://githubstatus.com","2026-10-02T16:23:14.0723863+05:30"
"1656","interactive-music-wall-wireless-performance","OpenMakerProjects/interactive-music-wall-wireless-performance","public","failed","False","https://github.com/OpenMakerProjects/interactive-music-wall-wireless-performance","Could not create OpenMakerProjects/interactive-music-wall-wireless-performance
error connecting to api.github.com
check your internet connection or https://githubstatus.com","2026-10-02T16:23:14.6695255+05:30"
"1657","interactive-music-wall-preset-storage","OpenMakerProjects/interactive-music-wall-preset-storage","public","failed","False","https://github.com/OpenMakerProjects/interactive-music-wall-preset-storage","Could not create OpenMakerProjects/interactive-music-wall-preset-storage
error connecting to api.github.com
check your internet connection or https://githubstatus.com","2026-10-02T16:23:15.2742533+05:30"
"1658","interactive-music-wall-multi-track-logging","OpenMakerProjects/interactive-music-wall-multi-track-logging","public","failed","False","https://github.com/OpenMakerProjects/interactive-music-wall-multi-track-logging","Could not create OpenMakerProjects/interactive-music-wall-multi-track-logging
error connecting to api.github.com
check your internet connection or https://githubstatus.com","2026-10-02T16:23:15.8942950+05:30"
"1659","interactive-music-wall-touch-interface","OpenMakerProjects/interactive-music-wall-touch-interface","public","failed","False","https://github.com/OpenMakerProjects/interactive-music-wall-touch-interface","Could not create OpenMakerProjects/interactive-music-wall-touch-interface
error connecting to api.github.com
check your internet connection or https://githubstatus.com","2026-10-02T16:23:16.5112574+05:30"
"1660","interactive-music-wall-collaborative-jam-mode","OpenMakerProjects/interactive-music-wall-collaborative-jam-mode","public","failed","False","https://github.com/OpenMakerProjects/interactive-music-wall-collaborative-jam-mode","Could not create OpenMakerProjects/interactive-music-wall-collaborative-jam-mode
error connecting to api.github.com
check your internet connection or https://githubstatus.com","2026-10-02T16:23:17.1262608+05:30"
"1661","portable-loop-station-midi-control","OpenMakerProjects/portable-loop-station-midi-control","public","failed","False","https://github.com/OpenMakerProjects/portable-loop-station-midi-control","Could not create OpenMakerProjects/portable-loop-station-midi-control
error connecting to api.github.com
check your internet connection or https://githubstatus.com","2026-10-02T16:23:17.7799825+05:30"
"1662","portable-loop-station-audio-reactive-lighting","OpenMakerProjects/portable-loop-station-audio-reactive-lighting","public","failed","False","https://github.com/OpenMakerProjects/portable-loop-station-audio-reactive-lighting","Could not create OpenMakerProjects/portable-loop-station-audio-reactive-lighting
error connecting to api.github.com
check your internet connection or https://githubstatus.com","2026-10-02T16:23:18.3927401+05:30"
"1663","portable-loop-station-pitch-detection","OpenMakerProjects/portable-loop-station-pitch-detection","public","failed","False","https://github.com/OpenMakerProjects/portable-loop-station-pitch-detection","Could not create OpenMakerProjects/portable-loop-station-pitch-detection
error connecting to api.github.com
check your internet connection or https://githubstatus.com","2026-10-02T16:23:18.9974236+05:30"
"1664","portable-loop-station-rhythm-training","OpenMakerProjects/portable-loop-station-rhythm-training","public","failed","False","https://github.com/OpenMakerProjects/portable-loop-station-rhythm-training","Could not create OpenMakerProjects/portable-loop-station-rhythm-training
error connecting to api.github.com
check your internet connection or https://githubstatus.com","2026-10-02T16:23:19.6084422+05:30"
"1665","portable-loop-station-sample-playback","OpenMakerProjects/portable-loop-station-sample-playback","public","failed","False","https://github.com/OpenMakerProjects/portable-loop-station-sample-playback","Could not create OpenMakerProjects/portable-loop-station-sample-playback
error connecting to api.github.com
check your internet connection or https://githubstatus.com","2026-10-02T16:23:20.2083771+05:30"
"1666","portable-loop-station-wireless-performance","OpenMakerProjects/portable-loop-station-wireless-performance","public","failed","False","https://github.com/OpenMakerProjects/portable-loop-station-wireless-performance","Could not create OpenMakerProjects/portable-loop-station-wireless-performance
error connecting to api.github.com
check your internet connection or https://githubstatus.com","2026-10-02T16:23:20.8199362+05:30"
"1667","portable-loop-station-preset-storage","OpenMakerProjects/portable-loop-station-preset-storage","public","failed","False","https://github.com/OpenMakerProjects/portable-loop-station-preset-storage","Could not create OpenMakerProjects/portable-loop-station-preset-storage
error connecting to api.github.com
check your internet connection or https://githubstatus.com","2026-10-02T16:23:21.4194555+05:30"
"1668","portable-loop-station-multi-track-logging","OpenMakerProjects/portable-loop-station-multi-track-logging","public","failed","False","https://github.com/OpenMakerProjects/portable-loop-station-multi-track-logging","Could not create OpenMakerProjects/portable-loop-station-multi-track-logging
error connecting to api.github.com
check your internet connection or https://githubstatus.com","2026-10-02T16:23:22.0039181+05:30"
"1669","portable-loop-station-touch-interface","OpenMakerProjects/portable-loop-station-touch-interface","public","failed","False","https://github.com/OpenMakerProjects/portable-loop-station-touch-interface","Could not create OpenMakerProjects/portable-loop-station-touch-interface
error connecting to api.github.com
check your internet connection or https://githubstatus.com","2026-10-02T16:23:22.6165418+05:30"
"1670","portable-loop-station-collaborative-jam-mode","OpenMakerProjects/portable-loop-station-collaborative-jam-mode","public","failed","False","https://github.com/OpenMakerProjects/portable-loop-station-collaborative-jam-mode","Could not create OpenMakerProjects/portable-loop-station-collaborative-jam-mode
error connecting to api.github.com
check your internet connection or https://githubstatus.com","2026-10-02T16:23:23.2275973+05:30"
"1671","led-music-visualizer-midi-control","OpenMakerProjects/led-music-visualizer-midi-control","public","failed","False","https://github.com/OpenMakerProjects/led-music-visualizer-midi-control","Could not create OpenMakerProjects/led-music-visualizer-midi-control
error connecting to api.github.com
check your internet connection or https://githubstatus.com","2026-10-02T16:23:23.8585755+05:30"
"1672","led-music-visualizer-audio-reactive-lighting","OpenMakerProjects/led-music-visualizer-audio-reactive-lighting","public","failed","False","https://github.com/OpenMakerProjects/led-music-visualizer-audio-reactive-lighting","Could not create OpenMakerProjects/led-music-visualizer-audio-reactive-lighting
error connecting to api.github.com
check your internet connection or https://githubstatus.com","2026-10-02T16:23:24.4631152+05:30"
"1673","led-music-visualizer-pitch-detection","OpenMakerProjects/led-music-visualizer-pitch-detection","public","failed","False","https://github.com/OpenMakerProjects/led-music-visualizer-pitch-detection","Could not create OpenMakerProjects/led-music-visualizer-pitch-detection
error connecting to api.github.com
check your internet connection or https://githubstatus.com","2026-10-02T16:23:25.0576303+05:30"
"1674","led-music-visualizer-rhythm-training","OpenMakerProjects/led-music-visualizer-rhythm-training","public","failed","False","https://github.com/OpenMakerProjects/led-music-visualizer-rhythm-training","Could not create OpenMakerProjects/led-music-visualizer-rhythm-training
error connecting to api.github.com
check your internet connection or https://githubstatus.com","2026-10-02T16:23:25.6769719+05:30"
"1675","led-music-visualizer-sample-playback","OpenMakerProjects/led-music-visualizer-sample-playback","public","failed","False","https://github.com/OpenMakerProjects/led-music-visualizer-sample-playback","Could not create OpenMakerProjects/led-music-visualizer-sample-playback
error connecting to api.github.com
check your internet connection or https://githubstatus.com","2026-10-02T16:23:26.2648695+05:30"
"1676","led-music-visualizer-wireless-performance","OpenMakerProjects/led-music-visualizer-wireless-performance","public","failed","False","https://github.com/OpenMakerProjects/led-music-visualizer-wireless-performance","Could not create OpenMakerProjects/led-music-visualizer-wireless-performance
error connecting to api.github.com
check your internet connection or https://githubstatus.com","2026-10-02T16:23:26.8652393+05:30"
"1677","led-music-visualizer-preset-storage","OpenMakerProjects/led-music-visualizer-preset-storage","public","failed","False","https://github.com/OpenMakerProjects/led-music-visualizer-preset-storage","Could not create OpenMakerProjects/led-music-visualizer-preset-storage
error connecting to api.github.com
check your internet connection or https://githubstatus.com","2026-10-02T16:23:27.4402617+05:30"
"1678","led-music-visualizer-multi-track-logging","OpenMakerProjects/led-music-visualizer-multi-track-logging","public","failed","False","https://github.com/OpenMakerProjects/led-music-visualizer-multi-track-logging","Could not create OpenMakerProjects/led-music-visualizer-multi-track-logging
error connecting to api.github.com
check your internet connection or https://githubstatus.com","2026-10-02T16:23:28.0399694+05:30"
"1679","led-music-visualizer-touch-interface","OpenMakerProjects/led-music-visualizer-touch-interface","public","failed","False","https://github.com/OpenMakerProjects/led-music-visualizer-touch-interface","Could not create OpenMakerProjects/led-music-visualizer-touch-interface
error connecting to api.github.com
check your internet connection or https://githubstatus.com","2026-10-02T16:23:28.6426590+05:30"
"1680","led-music-visualizer-collaborative-jam-mode","OpenMakerProjects/led-music-visualizer-collaborative-jam-mode","public","failed","False","https://github.com/OpenMakerProjects/led-music-visualizer-collaborative-jam-mode","Could not create OpenMakerProjects/led-music-visualizer-collaborative-jam-mode
error connecting to api.github.com
check your internet connection or https://githubstatus.com","2026-10-02T16:23:29.2436963+05:30"
"1681","voice-effects-console-midi-control","OpenMakerProjects/voice-effects-console-midi-control","public","failed","False","https://github.com/OpenMakerProjects/voice-effects-console-midi-control","Could not create OpenMakerProjects/voice-effects-console-midi-control
error connecting to api.github.com
check your internet connection or https://githubstatus.com","2026-10-02T16:23:29.8495460+05:30"
"1682","voice-effects-console-audio-reactive-lighting","OpenMakerProjects/voice-effects-console-audio-reactive-lighting","public","failed","False","https://github.com/OpenMakerProjects/voice-effects-console-audio-reactive-lighting","Could not create OpenMakerProjects/voice-effects-console-audio-reactive-lighting
error connecting to api.github.com
check your internet connection or https://githubstatus.com","2026-10-02T16:23:30.4561362+05:30"
"1683","voice-effects-console-pitch-detection","OpenMakerProjects/voice-effects-console-pitch-detection","public","failed","False","https://github.com/OpenMakerProjects/voice-effects-console-pitch-detection","Could not create OpenMakerProjects/voice-effects-console-pitch-detection
error connecting to api.github.com
check your internet connection or https://githubstatus.com","2026-10-02T16:23:31.0476112+05:30"
"1684","voice-effects-console-rhythm-training","OpenMakerProjects/voice-effects-console-rhythm-training","public","failed","False","https://github.com/OpenMakerProjects/voice-effects-console-rhythm-training","Could not create OpenMakerProjects/voice-effects-console-rhythm-training
error connecting to api.github.com
check your internet connection or https://githubstatus.com","2026-10-02T16:23:31.6480758+05:30"
"1685","voice-effects-console-sample-playback","OpenMakerProjects/voice-effects-console-sample-playback","public","failed","False","https://github.com/OpenMakerProjects/voice-effects-console-sample-playback","Could not create OpenMakerProjects/voice-effects-console-sample-playback
error connecting to api.github.com
check your internet connection or https://githubstatus.com","2026-10-02T16:23:32.2449670+05:30"
"1686","voice-effects-console-wireless-performance","OpenMakerProjects/voice-effects-console-wireless-performance","public","failed","False","https://github.com/OpenMakerProjects/voice-effects-console-wireless-performance","Could not create OpenMakerProjects/voice-effects-console-wireless-performance
error connecting to api.github.com
check your internet connection or https://githubstatus.com","2026-10-02T16:23:32.8506604+05:30"
"1687","voice-effects-console-preset-storage","OpenMakerProjects/voice-effects-console-preset-storage","public","failed","False","https://github.com/OpenMakerProjects/voice-effects-console-preset-storage","Could not create OpenMakerProjects/voice-effects-console-preset-storage
error connecting to api.github.com
check your internet connection or https://githubstatus.com","2026-10-02T16:23:33.4409313+05:30"
"1688","voice-effects-console-multi-track-logging","OpenMakerProjects/voice-effects-console-multi-track-logging","public","failed","False","https://github.com/OpenMakerProjects/voice-effects-console-multi-track-logging","Could not create OpenMakerProjects/voice-effects-console-multi-track-logging
error connecting to api.github.com
check your internet connection or https://githubstatus.com","2026-10-02T16:23:34.0433548+05:30"
"1689","voice-effects-console-touch-interface","OpenMakerProjects/voice-effects-console-touch-interface","public","failed","False","https://github.com/OpenMakerProjects/voice-effects-console-touch-interface","Could not create OpenMakerProjects/voice-effects-console-touch-interface
error connecting to api.github.com
check your internet connection or https://githubstatus.com","2026-10-02T16:23:34.6505973+05:30"
"1690","voice-effects-console-collaborative-jam-mode","OpenMakerProjects/voice-effects-console-collaborative-jam-mode","public","failed","False","https://github.com/OpenMakerProjects/voice-effects-console-collaborative-jam-mode","Could not create OpenMakerProjects/voice-effects-console-collaborative-jam-mode
error connecting to api.github.com
check your internet connection or https://githubstatus.com","2026-10-02T16:23:35.2415142+05:30"
"1691","adaptive-metronome-midi-control","OpenMakerProjects/adaptive-metronome-midi-control","public","failed","False","https://github.com/OpenMakerProjects/adaptive-metronome-midi-control","Could not create OpenMakerProjects/adaptive-metronome-midi-control
error connecting to api.github.com
check your internet connection or https://githubstatus.com","2026-10-02T16:23:35.8446789+05:30"
"1692","adaptive-metronome-audio-reactive-lighting","OpenMakerProjects/adaptive-metronome-audio-reactive-lighting","public","failed","False","https://github.com/OpenMakerProjects/adaptive-metronome-audio-reactive-lighting","Could not create OpenMakerProjects/adaptive-metronome-audio-reactive-lighting
error connecting to api.github.com
check your internet connection or https://githubstatus.com","2026-10-02T16:23:36.4440636+05:30"
"1693","adaptive-metronome-pitch-detection","OpenMakerProjects/adaptive-metronome-pitch-detection","public","failed","False","https://github.com/OpenMakerProjects/adaptive-metronome-pitch-detection","Could not create OpenMakerProjects/adaptive-metronome-pitch-detection
error connecting to api.github.com
check your internet connection or https://githubstatus.com","2026-10-02T16:23:37.0394324+05:30"
"1694","adaptive-metronome-rhythm-training","OpenMakerProjects/adaptive-metronome-rhythm-training","public","failed","False","https://github.com/OpenMakerProjects/adaptive-metronome-rhythm-training","Could not create OpenMakerProjects/adaptive-metronome-rhythm-training
error connecting to api.github.com
check your internet connection or https://githubstatus.com","2026-10-02T16:23:37.6463394+05:30"
"1695","adaptive-metronome-sample-playback","OpenMakerProjects/adaptive-metronome-sample-playback","public","failed","False","https://github.com/OpenMakerProjects/adaptive-metronome-sample-playback","Could not create OpenMakerProjects/adaptive-metronome-sample-playback
error connecting to api.github.com
check your internet connection or https://githubstatus.com","2026-10-02T16:23:38.2777010+05:30"
"1696","adaptive-metronome-wireless-performance","OpenMakerProjects/adaptive-metronome-wireless-performance","public","failed","False","https://github.com/OpenMakerProjects/adaptive-metronome-wireless-performance","Could not create OpenMakerProjects/adaptive-metronome-wireless-performance
error connecting to api.github.com
check your internet connection or https://githubstatus.com","2026-10-02T16:23:38.8903908+05:30"
"1697","adaptive-metronome-preset-storage","OpenMakerProjects/adaptive-metronome-preset-storage","public","failed","False","https://github.com/OpenMakerProjects/adaptive-metronome-preset-storage","Could not create OpenMakerProjects/adaptive-metronome-preset-storage
error connecting to api.github.com
check your internet connection or https://githubstatus.com","2026-10-02T16:23:39.5248605+05:30"
"1698","adaptive-metronome-multi-track-logging","OpenMakerProjects/adaptive-metronome-multi-track-logging","public","failed","False","https://github.com/OpenMakerProjects/adaptive-metronome-multi-track-logging","Could not create OpenMakerProjects/adaptive-metronome-multi-track-logging
error connecting to api.github.com
check your internet connection or https://githubstatus.com","2026-10-02T16:23:40.1186368+05:30"
"1699","adaptive-metronome-touch-interface","OpenMakerProjects/adaptive-metronome-touch-interface","public","failed","False","https://github.com/OpenMakerProjects/adaptive-metronome-touch-interface","Could not create OpenMakerProjects/adaptive-metronome-touch-interface
error connecting to api.github.com
check your internet connection or https://githubstatus.com","2026-10-02T16:23:40.7229026+05:30"
"1700","adaptive-metronome-collaborative-jam-mode","OpenMakerProjects/adaptive-metronome-collaborative-jam-mode","public","failed","False","https://github.com/OpenMakerProjects/adaptive-metronome-collaborative-jam-mode","Could not create OpenMakerProjects/adaptive-metronome-collaborative-jam-mode
error connecting to api.github.com
check your internet connection or https://githubstatus.com","2026-10-02T16:23:41.3370716+05:30"
"1701","led-matrix-arcade-multiplayer-mode","OpenMakerProjects/led-matrix-arcade-multiplayer-mode","public","failed","False","https://github.com/OpenMakerProjects/led-matrix-arcade-multiplayer-mode","Could not create OpenMakerProjects/led-matrix-arcade-multiplayer-mode
error connecting to api.github.com
check your internet connection or https://githubstatus.com","2026-10-02T16:23:42.0830847+05:30"
"1702","led-matrix-arcade-wireless-scores","OpenMakerProjects/led-matrix-arcade-wireless-scores","public","failed","False","https://github.com/OpenMakerProjects/led-matrix-arcade-wireless-scores","Could not create OpenMakerProjects/led-matrix-arcade-wireless-scores
error connecting to api.github.com
check your internet connection or https://githubstatus.com","2026-10-02T16:23:42.7453495+05:30"
"1703","led-matrix-arcade-custom-level-editor","OpenMakerProjects/led-matrix-arcade-custom-level-editor","public","failed","False","https://github.com/OpenMakerProjects/led-matrix-arcade-custom-level-editor","Could not create OpenMakerProjects/led-matrix-arcade-custom-level-editor
error connecting to api.github.com
check your internet connection or https://githubstatus.com","2026-10-02T16:23:43.3786010+05:30"
"1704","led-matrix-arcade-adaptive-difficulty","OpenMakerProjects/led-matrix-arcade-adaptive-difficulty","public","failed","False","https://github.com/OpenMakerProjects/led-matrix-arcade-adaptive-difficulty","Could not create OpenMakerProjects/led-matrix-arcade-adaptive-difficulty
error connecting to api.github.com
check your internet connection or https://githubstatus.com","2026-10-02T16:23:43.9941407+05:30"
"1705","led-matrix-arcade-sound-and-haptics","OpenMakerProjects/led-matrix-arcade-sound-and-haptics","public","failed","False","https://github.com/OpenMakerProjects/led-matrix-arcade-sound-and-haptics","Could not create OpenMakerProjects/led-matrix-arcade-sound-and-haptics
error connecting to api.github.com
check your internet connection or https://githubstatus.com","2026-10-02T16:23:44.5848629+05:30"
"1706","led-matrix-arcade-persistent-high-scores","OpenMakerProjects/led-matrix-arcade-persistent-high-scores","public","failed","False","https://github.com/OpenMakerProjects/led-matrix-arcade-persistent-high-scores","Could not create OpenMakerProjects/led-matrix-arcade-persistent-high-scores
error connecting to api.github.com
check your internet connection or https://githubstatus.com","2026-10-02T16:23:45.1657498+05:30"
"1707","led-matrix-arcade-motion-controls","OpenMakerProjects/led-matrix-arcade-motion-controls","public","failed","False","https://github.com/OpenMakerProjects/led-matrix-arcade-motion-controls","Could not create OpenMakerProjects/led-matrix-arcade-motion-controls
error connecting to api.github.com
check your internet connection or https://githubstatus.com","2026-10-02T16:23:45.7507553+05:30"
"1708","led-matrix-arcade-accessibility-options","OpenMakerProjects/led-matrix-arcade-accessibility-options","public","failed","False","https://github.com/OpenMakerProjects/led-matrix-arcade-accessibility-options","Could not create OpenMakerProjects/led-matrix-arcade-accessibility-options
error connecting to api.github.com
check your internet connection or https://githubstatus.com","2026-10-02T16:23:46.3504562+05:30"
"1709","led-matrix-arcade-battery-operation","OpenMakerProjects/led-matrix-arcade-battery-operation","public","failed","False","https://github.com/OpenMakerProjects/led-matrix-arcade-battery-operation","Could not create OpenMakerProjects/led-matrix-arcade-battery-operation
error connecting to api.github.com
check your internet connection or https://githubstatus.com","2026-10-02T16:23:46.9860002+05:30"
"1710","led-matrix-arcade-web-content-manager","OpenMakerProjects/led-matrix-arcade-web-content-manager","public","failed","False","https://github.com/OpenMakerProjects/led-matrix-arcade-web-content-manager","Could not create OpenMakerProjects/led-matrix-arcade-web-content-manager
error connecting to api.github.com
check your internet connection or https://githubstatus.com","2026-10-02T16:23:47.5725085+05:30"
"1711","e-paper-puzzle-board-multiplayer-mode","OpenMakerProjects/e-paper-puzzle-board-multiplayer-mode","public","failed","False","https://github.com/OpenMakerProjects/e-paper-puzzle-board-multiplayer-mode","Could not create OpenMakerProjects/e-paper-puzzle-board-multiplayer-mode
error connecting to api.github.com
check your internet connection or https://githubstatus.com","2026-10-02T16:23:48.1381118+05:30"
"1712","e-paper-puzzle-board-wireless-scores","OpenMakerProjects/e-paper-puzzle-board-wireless-scores","public","failed","False","https://github.com/OpenMakerProjects/e-paper-puzzle-board-wireless-scores","Could not create OpenMakerProjects/e-paper-puzzle-board-wireless-scores
error connecting to api.github.com
check your internet connection or https://githubstatus.com","2026-10-02T16:23:48.7430730+05:30"
"1713","e-paper-puzzle-board-custom-level-editor","OpenMakerProjects/e-paper-puzzle-board-custom-level-editor","public","failed","False","https://github.com/OpenMakerProjects/e-paper-puzzle-board-custom-level-editor","Could not create OpenMakerProjects/e-paper-puzzle-board-custom-level-editor
error connecting to api.github.com
check your internet connection or https://githubstatus.com","2026-10-02T16:23:49.3641704+05:30"
"1714","e-paper-puzzle-board-adaptive-difficulty","OpenMakerProjects/e-paper-puzzle-board-adaptive-difficulty","public","failed","False","https://github.com/OpenMakerProjects/e-paper-puzzle-board-adaptive-difficulty","Could not create OpenMakerProjects/e-paper-puzzle-board-adaptive-difficulty
error connecting to api.github.com
check your internet connection or https://githubstatus.com","2026-10-02T16:23:49.9654698+05:30"
"1715","e-paper-puzzle-board-sound-and-haptics","OpenMakerProjects/e-paper-puzzle-board-sound-and-haptics","public","failed","False","https://github.com/OpenMakerProjects/e-paper-puzzle-board-sound-and-haptics","Could not create OpenMakerProjects/e-paper-puzzle-board-sound-and-haptics
error connecting to api.github.com
check your internet connection or https://githubstatus.com","2026-10-02T16:23:50.5709174+05:30"
"1716","e-paper-puzzle-board-persistent-high-scores","OpenMakerProjects/e-paper-puzzle-board-persistent-high-scores","public","failed","False","https://github.com/OpenMakerProjects/e-paper-puzzle-board-persistent-high-scores","Could not create OpenMakerProjects/e-paper-puzzle-board-persistent-high-scores
error connecting to api.github.com
check your internet connection or https://githubstatus.com","2026-10-02T16:23:51.1790121+05:30"
"1717","e-paper-puzzle-board-motion-controls","OpenMakerProjects/e-paper-puzzle-board-motion-controls","public","failed","False","https://github.com/OpenMakerProjects/e-paper-puzzle-board-motion-controls","Could not create OpenMakerProjects/e-paper-puzzle-board-motion-controls
error connecting to api.github.com
check your internet connection or https://githubstatus.com","2026-10-02T16:23:51.8049148+05:30"
"1718","e-paper-puzzle-board-accessibility-options","OpenMakerProjects/e-paper-puzzle-board-accessibility-options","public","failed","False","https://github.com/OpenMakerProjects/e-paper-puzzle-board-accessibility-options","Could not create OpenMakerProjects/e-paper-puzzle-board-accessibility-options
error connecting to api.github.com
check your internet connection or https://githubstatus.com","2026-10-02T16:23:52.4096483+05:30"
"1719","e-paper-puzzle-board-battery-operation","OpenMakerProjects/e-paper-puzzle-board-battery-operation","public","failed","False","https://github.com/OpenMakerProjects/e-paper-puzzle-board-battery-operation","Could not create OpenMakerProjects/e-paper-puzzle-board-battery-operation
error connecting to api.github.com
check your internet connection or https://githubstatus.com","2026-10-02T16:23:53.0542167+05:30"
"1720","e-paper-puzzle-board-web-content-manager","OpenMakerProjects/e-paper-puzzle-board-web-content-manager","public","failed","False","https://github.com/OpenMakerProjects/e-paper-puzzle-board-web-content-manager","Could not create OpenMakerProjects/e-paper-puzzle-board-web-content-manager
error connecting to api.github.com
check your internet connection or https://githubstatus.com","2026-10-02T16:23:53.6521832+05:30"
"1721","portable-reaction-game-multiplayer-mode","OpenMakerProjects/portable-reaction-game-multiplayer-mode","public","failed","False","https://github.com/OpenMakerProjects/portable-reaction-game-multiplayer-mode","Could not create OpenMakerProjects/portable-reaction-game-multiplayer-mode
error connecting to api.github.com
check your internet connection or https://githubstatus.com","2026-10-02T16:23:54.2785679+05:30"
"1722","portable-reaction-game-wireless-scores","OpenMakerProjects/portable-reaction-game-wireless-scores","public","failed","False","https://github.com/OpenMakerProjects/portable-reaction-game-wireless-scores","Could not create OpenMakerProjects/portable-reaction-game-wireless-scores
error connecting to api.github.com
check your internet connection or https://githubstatus.com","2026-10-02T16:23:54.9200585+05:30"
"1723","portable-reaction-game-custom-level-editor","OpenMakerProjects/portable-reaction-game-custom-level-editor","public","failed","False","https://github.com/OpenMakerProjects/portable-reaction-game-custom-level-editor","Could not create OpenMakerProjects/portable-reaction-game-custom-level-editor
error connecting to api.github.com
check your internet connection or https://githubstatus.com","2026-10-02T16:23:55.5788007+05:30"
"1724","portable-reaction-game-adaptive-difficulty","OpenMakerProjects/portable-reaction-game-adaptive-difficulty","public","failed","False","https://github.com/OpenMakerProjects/portable-reaction-game-adaptive-difficulty","Could not create OpenMakerProjects/portable-reaction-game-adaptive-difficulty
error connecting to api.github.com
check your internet connection or https://githubstatus.com","2026-10-02T16:23:56.1831506+05:30"
"1725","portable-reaction-game-sound-and-haptics","OpenMakerProjects/portable-reaction-game-sound-and-haptics","public","failed","False","https://github.com/OpenMakerProjects/portable-reaction-game-sound-and-haptics","Could not create OpenMakerProjects/portable-reaction-game-sound-and-haptics
error connecting to api.github.com
check your internet connection or https://githubstatus.com","2026-10-02T16:23:56.7904087+05:30"
"1726","portable-reaction-game-persistent-high-scores","OpenMakerProjects/portable-reaction-game-persistent-high-scores","public","failed","False","https://github.com/OpenMakerProjects/portable-reaction-game-persistent-high-scores","Could not create OpenMakerProjects/portable-reaction-game-persistent-high-scores
error connecting to api.github.com
check your internet connection or https://githubstatus.com","2026-10-02T16:23:57.3963879+05:30"
"1727","portable-reaction-game-motion-controls","OpenMakerProjects/portable-reaction-game-motion-controls","public","failed","False","https://github.com/OpenMakerProjects/portable-reaction-game-motion-controls","Could not create OpenMakerProjects/portable-reaction-game-motion-controls
error connecting to api.github.com
check your internet connection or https://githubstatus.com","2026-10-02T16:23:58.0087203+05:30"
"1728","portable-reaction-game-accessibility-options","OpenMakerProjects/portable-reaction-game-accessibility-options","public","failed","False","https://github.com/OpenMakerProjects/portable-reaction-game-accessibility-options","Could not create OpenMakerProjects/portable-reaction-game-accessibility-options
error connecting to api.github.com
check your internet connection or https://githubstatus.com","2026-10-02T16:23:58.6190738+05:30"
"1729","portable-reaction-game-battery-operation","OpenMakerProjects/portable-reaction-game-battery-operation","public","failed","False","https://github.com/OpenMakerProjects/portable-reaction-game-battery-operation","Could not create OpenMakerProjects/portable-reaction-game-battery-operation
error connecting to api.github.com
check your internet connection or https://githubstatus.com","2026-10-02T16:23:59.2293220+05:30"
"1730","portable-reaction-game-web-content-manager","OpenMakerProjects/portable-reaction-game-web-content-manager","public","failed","False","https://github.com/OpenMakerProjects/portable-reaction-game-web-content-manager","Could not create OpenMakerProjects/portable-reaction-game-web-content-manager
error connecting to api.github.com
check your internet connection or https://githubstatus.com","2026-10-02T16:23:59.8425986+05:30"
"1731","electronic-board-game-multiplayer-mode","OpenMakerProjects/electronic-board-game-multiplayer-mode","public","failed","False","https://github.com/OpenMakerProjects/electronic-board-game-multiplayer-mode","Could not create OpenMakerProjects/electronic-board-game-multiplayer-mode
error connecting to api.github.com
check your internet connection or https://githubstatus.com","2026-10-02T16:24:00.4589874+05:30"
"1732","electronic-board-game-wireless-scores","OpenMakerProjects/electronic-board-game-wireless-scores","public","failed","False","https://github.com/OpenMakerProjects/electronic-board-game-wireless-scores","Could not create OpenMakerProjects/electronic-board-game-wireless-scores
error connecting to api.github.com
check your internet connection or https://githubstatus.com","2026-10-02T16:24:01.0551075+05:30"
"1733","electronic-board-game-custom-level-editor","OpenMakerProjects/electronic-board-game-custom-level-editor","public","failed","False","https://github.com/OpenMakerProjects/electronic-board-game-custom-level-editor","Could not create OpenMakerProjects/electronic-board-game-custom-level-editor
error connecting to api.github.com
check your internet connection or https://githubstatus.com","2026-10-02T16:24:01.6517613+05:30"
"1734","electronic-board-game-adaptive-difficulty","OpenMakerProjects/electronic-board-game-adaptive-difficulty","public","failed","False","https://github.com/OpenMakerProjects/electronic-board-game-adaptive-difficulty","Could not create OpenMakerProjects/electronic-board-game-adaptive-difficulty
error connecting to api.github.com
check your internet connection or https://githubstatus.com","2026-10-02T16:24:02.2755438+05:30"
"1735","electronic-board-game-sound-and-haptics","OpenMakerProjects/electronic-board-game-sound-and-haptics","public","failed","False","https://github.com/OpenMakerProjects/electronic-board-game-sound-and-haptics","Could not create OpenMakerProjects/electronic-board-game-sound-and-haptics
error connecting to api.github.com
check your internet connection or https://githubstatus.com","2026-10-02T16:24:02.8635442+05:30"
"1736","electronic-board-game-persistent-high-scores","OpenMakerProjects/electronic-board-game-persistent-high-scores","public","failed","False","https://github.com/OpenMakerProjects/electronic-board-game-persistent-high-scores","Could not create OpenMakerProjects/electronic-board-game-persistent-high-scores
error connecting to api.github.com
check your internet connection or https://githubstatus.com","2026-10-02T16:24:03.4795017+05:30"
"1737","electronic-board-game-motion-controls","OpenMakerProjects/electronic-board-game-motion-controls","public","failed","False","https://github.com/OpenMakerProjects/electronic-board-game-motion-controls","Could not create OpenMakerProjects/electronic-board-game-motion-controls
error connecting to api.github.com
check your internet connection or https://githubstatus.com","2026-10-02T16:24:04.0944745+05:30"
"1738","electronic-board-game-accessibility-options","OpenMakerProjects/electronic-board-game-accessibility-options","public","failed","False","https://github.com/OpenMakerProjects/electronic-board-game-accessibility-options","Could not create OpenMakerProjects/electronic-board-game-accessibility-options
error connecting to api.github.com
check your internet connection or https://githubstatus.com","2026-10-02T16:24:04.7121575+05:30"
"1739","electronic-board-game-battery-operation","OpenMakerProjects/electronic-board-game-battery-operation","public","failed","False","https://github.com/OpenMakerProjects/electronic-board-game-battery-operation","Could not create OpenMakerProjects/electronic-board-game-battery-operation
error connecting to api.github.com
check your internet connection or https://githubstatus.com","2026-10-02T16:24:05.3879180+05:30"
"1740","electronic-board-game-web-content-manager","OpenMakerProjects/electronic-board-game-web-content-manager","public","failed","False","https://github.com/OpenMakerProjects/electronic-board-game-web-content-manager","Could not create OpenMakerProjects/electronic-board-game-web-content-manager
error connecting to api.github.com
check your internet connection or https://githubstatus.com","2026-10-02T16:24:06.0261481+05:30"
"1741","retro-handheld-console-multiplayer-mode","OpenMakerProjects/retro-handheld-console-multiplayer-mode","public","failed","False","https://github.com/OpenMakerProjects/retro-handheld-console-multiplayer-mode","Could not create OpenMakerProjects/retro-handheld-console-multiplayer-mode
error connecting to api.github.com
check your internet connection or https://githubstatus.com","2026-10-02T16:24:06.6386300+05:30"
"1742","retro-handheld-console-wireless-scores","OpenMakerProjects/retro-handheld-console-wireless-scores","public","failed","False","https://github.com/OpenMakerProjects/retro-handheld-console-wireless-scores","Could not create OpenMakerProjects/retro-handheld-console-wireless-scores
error connecting to api.github.com
check your internet connection or https://githubstatus.com","2026-10-02T16:24:07.2209662+05:30"
"1743","retro-handheld-console-custom-level-editor","OpenMakerProjects/retro-handheld-console-custom-level-editor","public","failed","False","https://github.com/OpenMakerProjects/retro-handheld-console-custom-level-editor","Could not create OpenMakerProjects/retro-handheld-console-custom-level-editor
error connecting to api.github.com
check your internet connection or https://githubstatus.com","2026-10-02T16:24:07.8186446+05:30"
"1744","retro-handheld-console-adaptive-difficulty","OpenMakerProjects/retro-handheld-console-adaptive-difficulty","public","failed","False","https://github.com/OpenMakerProjects/retro-handheld-console-adaptive-difficulty","Could not create OpenMakerProjects/retro-handheld-console-adaptive-difficulty
error connecting to api.github.com
check your internet connection or https://githubstatus.com","2026-10-02T16:24:08.4090566+05:30"
"1745","retro-handheld-console-sound-and-haptics","OpenMakerProjects/retro-handheld-console-sound-and-haptics","public","failed","False","https://github.com/OpenMakerProjects/retro-handheld-console-sound-and-haptics","Could not create OpenMakerProjects/retro-handheld-console-sound-and-haptics
error connecting to api.github.com
check your internet connection or https://githubstatus.com","2026-10-02T16:24:09.0159550+05:30"
"1746","retro-handheld-console-persistent-high-scores","OpenMakerProjects/retro-handheld-console-persistent-high-scores","public","failed","False","https://github.com/OpenMakerProjects/retro-handheld-console-persistent-high-scores","Could not create OpenMakerProjects/retro-handheld-console-persistent-high-scores
error connecting to api.github.com
check your internet connection or https://githubstatus.com","2026-10-02T16:24:09.6293581+05:30"
"1747","retro-handheld-console-motion-controls","OpenMakerProjects/retro-handheld-console-motion-controls","public","failed","False","https://github.com/OpenMakerProjects/retro-handheld-console-motion-controls","Could not create OpenMakerProjects/retro-handheld-console-motion-controls
error connecting to api.github.com
check your internet connection or https://githubstatus.com","2026-10-02T16:24:10.2578471+05:30"
"1748","retro-handheld-console-accessibility-options","OpenMakerProjects/retro-handheld-console-accessibility-options","public","failed","False","https://github.com/OpenMakerProjects/retro-handheld-console-accessibility-options","Could not create OpenMakerProjects/retro-handheld-console-accessibility-options
error connecting to api.github.com
check your internet connection or https://githubstatus.com","2026-10-02T16:24:10.8555912+05:30"
"1749","retro-handheld-console-battery-operation","OpenMakerProjects/retro-handheld-console-battery-operation","public","failed","False","https://github.com/OpenMakerProjects/retro-handheld-console-battery-operation","Could not create OpenMakerProjects/retro-handheld-console-battery-operation
error connecting to api.github.com
check your internet connection or https://githubstatus.com","2026-10-02T16:24:11.4856203+05:30"
"1750","retro-handheld-console-web-content-manager","OpenMakerProjects/retro-handheld-console-web-content-manager","public","failed","False","https://github.com/OpenMakerProjects/retro-handheld-console-web-content-manager","Could not create OpenMakerProjects/retro-handheld-console-web-content-manager
error connecting to api.github.com
check your internet connection or https://githubstatus.com","2026-10-02T16:24:12.0812532+05:30"
"1751","interactive-scoreboard-multiplayer-mode","OpenMakerProjects/interactive-scoreboard-multiplayer-mode","public","failed","False","https://github.com/OpenMakerProjects/interactive-scoreboard-multiplayer-mode","Could not create OpenMakerProjects/interactive-scoreboard-multiplayer-mode
error connecting to api.github.com
check your internet connection or https://githubstatus.com","2026-10-02T16:24:12.6734599+05:30"
"1752","interactive-scoreboard-wireless-scores","OpenMakerProjects/interactive-scoreboard-wireless-scores","public","failed","False","https://github.com/OpenMakerProjects/interactive-scoreboard-wireless-scores","Could not create OpenMakerProjects/interactive-scoreboard-wireless-scores
error connecting to api.github.com
check your internet connection or https://githubstatus.com","2026-10-02T16:24:13.2810752+05:30"
"1753","interactive-scoreboard-custom-level-editor","OpenMakerProjects/interactive-scoreboard-custom-level-editor","public","failed","False","https://github.com/OpenMakerProjects/interactive-scoreboard-custom-level-editor","Could not create OpenMakerProjects/interactive-scoreboard-custom-level-editor
error connecting to api.github.com
check your internet connection or https://githubstatus.com","2026-10-02T16:24:13.8797245+05:30"
"1754","interactive-scoreboard-adaptive-difficulty","OpenMakerProjects/interactive-scoreboard-adaptive-difficulty","public","failed","False","https://github.com/OpenMakerProjects/interactive-scoreboard-adaptive-difficulty","Could not create OpenMakerProjects/interactive-scoreboard-adaptive-difficulty
error connecting to api.github.com
check your internet connection or https://githubstatus.com","2026-10-02T16:24:14.5023166+05:30"
"1755","interactive-scoreboard-sound-and-haptics","OpenMakerProjects/interactive-scoreboard-sound-and-haptics","public","failed","False","https://github.com/OpenMakerProjects/interactive-scoreboard-sound-and-haptics","Could not create OpenMakerProjects/interactive-scoreboard-sound-and-haptics
error connecting to api.github.com
check your internet connection or https://githubstatus.com","2026-10-02T16:24:15.1069909+05:30"
"1756","interactive-scoreboard-persistent-high-scores","OpenMakerProjects/interactive-scoreboard-persistent-high-scores","public","failed","False","https://github.com/OpenMakerProjects/interactive-scoreboard-persistent-high-scores","Could not create OpenMakerProjects/interactive-scoreboard-persistent-high-scores
error connecting to api.github.com
check your internet connection or https://githubstatus.com","2026-10-02T16:24:15.7204204+05:30"
"1757","interactive-scoreboard-motion-controls","OpenMakerProjects/interactive-scoreboard-motion-controls","public","failed","False","https://github.com/OpenMakerProjects/interactive-scoreboard-motion-controls","Could not create OpenMakerProjects/interactive-scoreboard-motion-controls
error connecting to api.github.com
check your internet connection or https://githubstatus.com","2026-10-02T16:24:16.3268696+05:30"
"1758","interactive-scoreboard-accessibility-options","OpenMakerProjects/interactive-scoreboard-accessibility-options","public","failed","False","https://github.com/OpenMakerProjects/interactive-scoreboard-accessibility-options","Could not create OpenMakerProjects/interactive-scoreboard-accessibility-options
error connecting to api.github.com
check your internet connection or https://githubstatus.com","2026-10-02T16:24:16.9314209+05:30"
"1759","interactive-scoreboard-battery-operation","OpenMakerProjects/interactive-scoreboard-battery-operation","public","failed","False","https://github.com/OpenMakerProjects/interactive-scoreboard-battery-operation","Could not create OpenMakerProjects/interactive-scoreboard-battery-operation
error connecting to api.github.com
check your internet connection or https://githubstatus.com","2026-10-02T16:24:17.5413047+05:30"
"1760","interactive-scoreboard-web-content-manager","OpenMakerProjects/interactive-scoreboard-web-content-manager","public","failed","False","https://github.com/OpenMakerProjects/interactive-scoreboard-web-content-manager","Could not create OpenMakerProjects/interactive-scoreboard-web-content-manager
error connecting to api.github.com
check your internet connection or https://githubstatus.com","2026-10-02T16:24:18.1543008+05:30"
"1761","mechanical-pixel-display-multiplayer-mode","OpenMakerProjects/mechanical-pixel-display-multiplayer-mode","public","failed","False","https://github.com/OpenMakerProjects/mechanical-pixel-display-multiplayer-mode","Could not create OpenMakerProjects/mechanical-pixel-display-multiplayer-mode
error connecting to api.github.com
check your internet connection or https://githubstatus.com","2026-10-02T16:24:18.8151250+05:30"
"1762","mechanical-pixel-display-wireless-scores","OpenMakerProjects/mechanical-pixel-display-wireless-scores","public","failed","False","https://github.com/OpenMakerProjects/mechanical-pixel-display-wireless-scores","Could not create OpenMakerProjects/mechanical-pixel-display-wireless-scores
error connecting to api.github.com
check your internet connection or https://githubstatus.com","2026-10-02T16:24:19.6862119+05:30"
"1763","mechanical-pixel-display-custom-level-editor","OpenMakerProjects/mechanical-pixel-display-custom-level-editor","public","failed","False","https://github.com/OpenMakerProjects/mechanical-pixel-display-custom-level-editor","Could not create OpenMakerProjects/mechanical-pixel-display-custom-level-editor
error connecting to api.github.com
check your internet connection or https://githubstatus.com","2026-10-02T16:24:20.3081488+05:30"
"1764","mechanical-pixel-display-adaptive-difficulty","OpenMakerProjects/mechanical-pixel-display-adaptive-difficulty","public","failed","False","https://github.com/OpenMakerProjects/mechanical-pixel-display-adaptive-difficulty","Could not create OpenMakerProjects/mechanical-pixel-display-adaptive-difficulty
error connecting to api.github.com
check your internet connection or https://githubstatus.com","2026-10-02T16:24:20.9508399+05:30"
"1765","mechanical-pixel-display-sound-and-haptics","OpenMakerProjects/mechanical-pixel-display-sound-and-haptics","public","failed","False","https://github.com/OpenMakerProjects/mechanical-pixel-display-sound-and-haptics","Could not create OpenMakerProjects/mechanical-pixel-display-sound-and-haptics
error connecting to api.github.com
check your internet connection or https://githubstatus.com","2026-10-02T16:24:21.6001539+05:30"
"1766","mechanical-pixel-display-persistent-high-scores","OpenMakerProjects/mechanical-pixel-display-persistent-high-scores","public","failed","False","https://github.com/OpenMakerProjects/mechanical-pixel-display-persistent-high-scores","Could not create OpenMakerProjects/mechanical-pixel-display-persistent-high-scores
error connecting to api.github.com
check your internet connection or https://githubstatus.com","2026-10-02T16:24:22.2075442+05:30"
"1767","mechanical-pixel-display-motion-controls","OpenMakerProjects/mechanical-pixel-display-motion-controls","public","failed","False","https://github.com/OpenMakerProjects/mechanical-pixel-display-motion-controls","Could not create OpenMakerProjects/mechanical-pixel-display-motion-controls
error connecting to api.github.com
check your internet connection or https://githubstatus.com","2026-10-02T16:24:22.8218024+05:30"
"1768","mechanical-pixel-display-accessibility-options","OpenMakerProjects/mechanical-pixel-display-accessibility-options","public","failed","False","https://github.com/OpenMakerProjects/mechanical-pixel-display-accessibility-options","Could not create OpenMakerProjects/mechanical-pixel-display-accessibility-options
error connecting to api.github.com
check your internet connection or https://githubstatus.com","2026-10-02T16:24:23.4479141+05:30"
"1769","mechanical-pixel-display-battery-operation","OpenMakerProjects/mechanical-pixel-display-battery-operation","public","failed","False","https://github.com/OpenMakerProjects/mechanical-pixel-display-battery-operation","Could not create OpenMakerProjects/mechanical-pixel-display-battery-operation
error connecting to api.github.com
check your internet connection or https://githubstatus.com","2026-10-02T16:24:24.1092962+05:30"
"1770","mechanical-pixel-display-web-content-manager","OpenMakerProjects/mechanical-pixel-display-web-content-manager","public","failed","False","https://github.com/OpenMakerProjects/mechanical-pixel-display-web-content-manager","Could not create OpenMakerProjects/mechanical-pixel-display-web-content-manager
error connecting to api.github.com
check your internet connection or https://githubstatus.com","2026-10-02T16:24:24.7064193+05:30"
"1771","educational-quiz-wall-multiplayer-mode","OpenMakerProjects/educational-quiz-wall-multiplayer-mode","public","failed","False","https://github.com/OpenMakerProjects/educational-quiz-wall-multiplayer-mode","Could not create OpenMakerProjects/educational-quiz-wall-multiplayer-mode
error connecting to api.github.com
check your internet connection or https://githubstatus.com","2026-10-02T16:24:25.3673037+05:30"
"1772","educational-quiz-wall-wireless-scores","OpenMakerProjects/educational-quiz-wall-wireless-scores","public","failed","False","https://github.com/OpenMakerProjects/educational-quiz-wall-wireless-scores","Could not create OpenMakerProjects/educational-quiz-wall-wireless-scores
error connecting to api.github.com
check your internet connection or https://githubstatus.com","2026-10-02T16:24:26.2929001+05:30"
"1773","educational-quiz-wall-custom-level-editor","OpenMakerProjects/educational-quiz-wall-custom-level-editor","public","failed","False","https://github.com/OpenMakerProjects/educational-quiz-wall-custom-level-editor","Could not create OpenMakerProjects/educational-quiz-wall-custom-level-editor
error connecting to api.github.com
check your internet connection or https://githubstatus.com","2026-10-02T16:24:26.9023051+05:30"
"1774","educational-quiz-wall-adaptive-difficulty","OpenMakerProjects/educational-quiz-wall-adaptive-difficulty","public","failed","False","https://github.com/OpenMakerProjects/educational-quiz-wall-adaptive-difficulty","Could not create OpenMakerProjects/educational-quiz-wall-adaptive-difficulty
error connecting to api.github.com
check your internet connection or https://githubstatus.com","2026-10-02T16:24:27.5071550+05:30"
"1775","educational-quiz-wall-sound-and-haptics","OpenMakerProjects/educational-quiz-wall-sound-and-haptics","public","failed","False","https://github.com/OpenMakerProjects/educational-quiz-wall-sound-and-haptics","Could not create OpenMakerProjects/educational-quiz-wall-sound-and-haptics
error connecting to api.github.com
check your internet connection or https://githubstatus.com","2026-10-02T16:24:28.1386110+05:30"
"1776","educational-quiz-wall-persistent-high-scores","OpenMakerProjects/educational-quiz-wall-persistent-high-scores","public","failed","False","https://github.com/OpenMakerProjects/educational-quiz-wall-persistent-high-scores","Could not create OpenMakerProjects/educational-quiz-wall-persistent-high-scores
error connecting to api.github.com
check your internet connection or https://githubstatus.com","2026-10-02T16:24:28.7388523+05:30"
"1777","educational-quiz-wall-motion-controls","OpenMakerProjects/educational-quiz-wall-motion-controls","public","failed","False","https://github.com/OpenMakerProjects/educational-quiz-wall-motion-controls","Could not create OpenMakerProjects/educational-quiz-wall-motion-controls
error connecting to api.github.com
check your internet connection or https://githubstatus.com","2026-10-02T16:24:29.3646359+05:30"
"1778","educational-quiz-wall-accessibility-options","OpenMakerProjects/educational-quiz-wall-accessibility-options","public","failed","False","https://github.com/OpenMakerProjects/educational-quiz-wall-accessibility-options","Could not create OpenMakerProjects/educational-quiz-wall-accessibility-options
error connecting to api.github.com
check your internet connection or https://githubstatus.com","2026-10-02T16:24:29.9623183+05:30"
"1779","educational-quiz-wall-battery-operation","OpenMakerProjects/educational-quiz-wall-battery-operation","public","failed","False","https://github.com/OpenMakerProjects/educational-quiz-wall-battery-operation","Could not create OpenMakerProjects/educational-quiz-wall-battery-operation
error connecting to api.github.com
check your internet connection or https://githubstatus.com","2026-10-02T16:24:30.5629227+05:30"
"1780","educational-quiz-wall-web-content-manager","OpenMakerProjects/educational-quiz-wall-web-content-manager","public","failed","False","https://github.com/OpenMakerProjects/educational-quiz-wall-web-content-manager","Could not create OpenMakerProjects/educational-quiz-wall-web-content-manager
error connecting to api.github.com
check your internet connection or https://githubstatus.com","2026-10-02T16:24:31.1625154+05:30"
"1781","tabletop-racing-game-multiplayer-mode","OpenMakerProjects/tabletop-racing-game-multiplayer-mode","public","failed","False","https://github.com/OpenMakerProjects/tabletop-racing-game-multiplayer-mode","Could not create OpenMakerProjects/tabletop-racing-game-multiplayer-mode
error connecting to api.github.com
check your internet connection or https://githubstatus.com","2026-10-02T16:24:31.7594581+05:30"
"1782","tabletop-racing-game-wireless-scores","OpenMakerProjects/tabletop-racing-game-wireless-scores","public","failed","False","https://github.com/OpenMakerProjects/tabletop-racing-game-wireless-scores","Could not create OpenMakerProjects/tabletop-racing-game-wireless-scores
error connecting to api.github.com
check your internet connection or https://githubstatus.com","2026-10-02T16:24:32.3733591+05:30"
"1783","tabletop-racing-game-custom-level-editor","OpenMakerProjects/tabletop-racing-game-custom-level-editor","public","failed","False","https://github.com/OpenMakerProjects/tabletop-racing-game-custom-level-editor","Could not create OpenMakerProjects/tabletop-racing-game-custom-level-editor
error connecting to api.github.com
check your internet connection or https://githubstatus.com","2026-10-02T16:24:32.9792288+05:30"
"1784","tabletop-racing-game-adaptive-difficulty","OpenMakerProjects/tabletop-racing-game-adaptive-difficulty","public","failed","False","https://github.com/OpenMakerProjects/tabletop-racing-game-adaptive-difficulty","Could not create OpenMakerProjects/tabletop-racing-game-adaptive-difficulty
error connecting to api.github.com
check your internet connection or https://githubstatus.com","2026-10-02T16:24:33.5655138+05:30"
"1785","tabletop-racing-game-sound-and-haptics","OpenMakerProjects/tabletop-racing-game-sound-and-haptics","public","failed","False","https://github.com/OpenMakerProjects/tabletop-racing-game-sound-and-haptics","Could not create OpenMakerProjects/tabletop-racing-game-sound-and-haptics
error connecting to api.github.com
check your internet connection or https://githubstatus.com","2026-10-02T16:24:34.1537277+05:30"
"1786","tabletop-racing-game-persistent-high-scores","OpenMakerProjects/tabletop-racing-game-persistent-high-scores","public","failed","False","https://github.com/OpenMakerProjects/tabletop-racing-game-persistent-high-scores","Could not create OpenMakerProjects/tabletop-racing-game-persistent-high-scores
error connecting to api.github.com
check your internet connection or https://githubstatus.com","2026-10-02T16:24:34.7742147+05:30"
"1787","tabletop-racing-game-motion-controls","OpenMakerProjects/tabletop-racing-game-motion-controls","public","failed","False","https://github.com/OpenMakerProjects/tabletop-racing-game-motion-controls","Could not create OpenMakerProjects/tabletop-racing-game-motion-controls
error connecting to api.github.com
check your internet connection or https://githubstatus.com","2026-10-02T16:24:35.3751264+05:30"
"1788","tabletop-racing-game-accessibility-options","OpenMakerProjects/tabletop-racing-game-accessibility-options","public","failed","False","https://github.com/OpenMakerProjects/tabletop-racing-game-accessibility-options","Could not create OpenMakerProjects/tabletop-racing-game-accessibility-options
error connecting to api.github.com
check your internet connection or https://githubstatus.com","2026-10-02T16:24:35.9696756+05:30"
"1789","tabletop-racing-game-battery-operation","OpenMakerProjects/tabletop-racing-game-battery-operation","public","failed","False","https://github.com/OpenMakerProjects/tabletop-racing-game-battery-operation","Could not create OpenMakerProjects/tabletop-racing-game-battery-operation
error connecting to api.github.com
check your internet connection or https://githubstatus.com","2026-10-02T16:24:36.5713810+05:30"
"1790","tabletop-racing-game-web-content-manager","OpenMakerProjects/tabletop-racing-game-web-content-manager","public","failed","False","https://github.com/OpenMakerProjects/tabletop-racing-game-web-content-manager","Could not create OpenMakerProjects/tabletop-racing-game-web-content-manager
error connecting to api.github.com
check your internet connection or https://githubstatus.com","2026-10-02T16:24:37.1734682+05:30"
"1791","ambient-information-frame-multiplayer-mode","OpenMakerProjects/ambient-information-frame-multiplayer-mode","public","failed","False","https://github.com/OpenMakerProjects/ambient-information-frame-multiplayer-mode","Could not create OpenMakerProjects/ambient-information-frame-multiplayer-mode
error connecting to api.github.com
check your internet connection or https://githubstatus.com","2026-10-02T16:24:37.8019954+05:30"
"1792","ambient-information-frame-wireless-scores","OpenMakerProjects/ambient-information-frame-wireless-scores","public","failed","False","https://github.com/OpenMakerProjects/ambient-information-frame-wireless-scores","Could not create OpenMakerProjects/ambient-information-frame-wireless-scores
error connecting to api.github.com
check your internet connection or https://githubstatus.com","2026-10-02T16:24:38.4095973+05:30"
"1793","ambient-information-frame-custom-level-editor","OpenMakerProjects/ambient-information-frame-custom-level-editor","public","failed","False","https://github.com/OpenMakerProjects/ambient-information-frame-custom-level-editor","Could not create OpenMakerProjects/ambient-information-frame-custom-level-editor
error connecting to api.github.com
check your internet connection or https://githubstatus.com","2026-10-02T16:24:39.0048591+05:30"
"1794","ambient-information-frame-adaptive-difficulty","OpenMakerProjects/ambient-information-frame-adaptive-difficulty","public","failed","False","https://github.com/OpenMakerProjects/ambient-information-frame-adaptive-difficulty","Could not create OpenMakerProjects/ambient-information-frame-adaptive-difficulty
error connecting to api.github.com
check your internet connection or https://githubstatus.com","2026-10-02T16:24:39.5886569+05:30"
"1795","ambient-information-frame-sound-and-haptics","OpenMakerProjects/ambient-information-frame-sound-and-haptics","public","failed","False","https://github.com/OpenMakerProjects/ambient-information-frame-sound-and-haptics","Could not create OpenMakerProjects/ambient-information-frame-sound-and-haptics
error connecting to api.github.com
check your internet connection or https://githubstatus.com","2026-10-02T16:24:40.1701272+05:30"
"1796","ambient-information-frame-persistent-high-scores","OpenMakerProjects/ambient-information-frame-persistent-high-scores","public","failed","False","https://github.com/OpenMakerProjects/ambient-information-frame-persistent-high-scores","Could not create OpenMakerProjects/ambient-information-frame-persistent-high-scores
error connecting to api.github.com
check your internet connection or https://githubstatus.com","2026-10-02T16:24:40.7741961+05:30"
"1797","ambient-information-frame-motion-controls","OpenMakerProjects/ambient-information-frame-motion-controls","public","failed","False","https://github.com/OpenMakerProjects/ambient-information-frame-motion-controls","Could not create OpenMakerProjects/ambient-information-frame-motion-controls
error connecting to api.github.com
check your internet connection or https://githubstatus.com","2026-10-02T16:24:41.3883566+05:30"
"1798","ambient-information-frame-accessibility-options","OpenMakerProjects/ambient-information-frame-accessibility-options","public","failed","False","https://github.com/OpenMakerProjects/ambient-information-frame-accessibility-options","Could not create OpenMakerProjects/ambient-information-frame-accessibility-options
error connecting to api.github.com
check your internet connection or https://githubstatus.com","2026-10-02T16:24:41.9867587+05:30"
"1799","ambient-information-frame-battery-operation","OpenMakerProjects/ambient-information-frame-battery-operation","public","failed","False","https://github.com/OpenMakerProjects/ambient-information-frame-battery-operation","Could not create OpenMakerProjects/ambient-information-frame-battery-operation
error connecting to api.github.com
check your internet connection or https://githubstatus.com","2026-10-02T16:24:42.5941453+05:30"
"1800","ambient-information-frame-web-content-manager","OpenMakerProjects/ambient-information-frame-web-content-manager","public","failed","False","https://github.com/OpenMakerProjects/ambient-information-frame-web-content-manager","Could not create OpenMakerProjects/ambient-information-frame-web-content-manager
error connecting to api.github.com
check your internet connection or https://githubstatus.com","2026-10-02T16:24:43.2051412+05:30"
"1801","lora-message-terminal-store-and-forward","OpenMakerProjects/lora-message-terminal-store-and-forward","public","failed","False","https://github.com/OpenMakerProjects/lora-message-terminal-store-and-forward","Could not create OpenMakerProjects/lora-message-terminal-store-and-forward
error connecting to api.github.com
check your internet connection or https://githubstatus.com","2026-10-02T16:24:43.8047793+05:30"
"1802","lora-message-terminal-encrypted-messaging","OpenMakerProjects/lora-message-terminal-encrypted-messaging","public","failed","False","https://github.com/OpenMakerProjects/lora-message-terminal-encrypted-messaging","Could not create OpenMakerProjects/lora-message-terminal-encrypted-messaging
error connecting to api.github.com
check your internet connection or https://githubstatus.com","2026-10-02T16:24:44.4215905+05:30"
"1803","lora-message-terminal-network-health-display","OpenMakerProjects/lora-message-terminal-network-health-display","public","failed","False","https://github.com/OpenMakerProjects/lora-message-terminal-network-health-display","Could not create OpenMakerProjects/lora-message-terminal-network-health-display
error connecting to api.github.com
check your internet connection or https://githubstatus.com","2026-10-02T16:24:45.0195877+05:30"
"1804","lora-message-terminal-automatic-rerouting","OpenMakerProjects/lora-message-terminal-automatic-rerouting","public","failed","False","https://github.com/OpenMakerProjects/lora-message-terminal-automatic-rerouting","Could not create OpenMakerProjects/lora-message-terminal-automatic-rerouting
error connecting to api.github.com
check your internet connection or https://githubstatus.com","2026-10-02T16:24:45.6297592+05:30"
"1805","lora-message-terminal-time-synchronization","OpenMakerProjects/lora-message-terminal-time-synchronization","public","failed","False","https://github.com/OpenMakerProjects/lora-message-terminal-time-synchronization","Could not create OpenMakerProjects/lora-message-terminal-time-synchronization
error connecting to api.github.com
check your internet connection or https://githubstatus.com","2026-10-02T16:24:46.2235465+05:30"
"1806","lora-message-terminal-bandwidth-monitoring","OpenMakerProjects/lora-message-terminal-bandwidth-monitoring","public","failed","False","https://github.com/OpenMakerProjects/lora-message-terminal-bandwidth-monitoring","Could not create OpenMakerProjects/lora-message-terminal-bandwidth-monitoring
error connecting to api.github.com
check your internet connection or https://githubstatus.com","2026-10-02T16:24:46.8327121+05:30"
"1807","lora-message-terminal-provisioning-portal","OpenMakerProjects/lora-message-terminal-provisioning-portal","public","failed","False","https://github.com/OpenMakerProjects/lora-message-terminal-provisioning-portal","Could not create OpenMakerProjects/lora-message-terminal-provisioning-portal
error connecting to api.github.com
check your internet connection or https://githubstatus.com","2026-10-02T16:24:47.4327407+05:30"
"1808","lora-message-terminal-priority-messages","OpenMakerProjects/lora-message-terminal-priority-messages","public","failed","False","https://github.com/OpenMakerProjects/lora-message-terminal-priority-messages","Could not create OpenMakerProjects/lora-message-terminal-priority-messages
error connecting to api.github.com
check your internet connection or https://githubstatus.com","2026-10-02T16:24:48.0316590+05:30"
"1809","lora-message-terminal-protocol-bridge","OpenMakerProjects/lora-message-terminal-protocol-bridge","public","failed","False","https://github.com/OpenMakerProjects/lora-message-terminal-protocol-bridge","Could not create OpenMakerProjects/lora-message-terminal-protocol-bridge
error connecting to api.github.com
check your internet connection or https://githubstatus.com","2026-10-02T16:24:48.6585699+05:30"
"1810","lora-message-terminal-offline-data-export","OpenMakerProjects/lora-message-terminal-offline-data-export","public","failed","False","https://github.com/OpenMakerProjects/lora-message-terminal-offline-data-export","Could not create OpenMakerProjects/lora-message-terminal-offline-data-export
error connecting to api.github.com
check your internet connection or https://githubstatus.com","2026-10-02T16:24:49.2957482+05:30"
"1811","mesh-sensor-gateway-store-and-forward","OpenMakerProjects/mesh-sensor-gateway-store-and-forward","public","failed","False","https://github.com/OpenMakerProjects/mesh-sensor-gateway-store-and-forward","Could not create OpenMakerProjects/mesh-sensor-gateway-store-and-forward
error connecting to api.github.com
check your internet connection or https://githubstatus.com","2026-10-02T16:24:50.0283119+05:30"
"1812","mesh-sensor-gateway-encrypted-messaging","OpenMakerProjects/mesh-sensor-gateway-encrypted-messaging","public","failed","False","https://github.com/OpenMakerProjects/mesh-sensor-gateway-encrypted-messaging","Could not create OpenMakerProjects/mesh-sensor-gateway-encrypted-messaging
error connecting to api.github.com
check your internet connection or https://githubstatus.com","2026-10-02T16:24:50.7079271+05:30"
"1813","mesh-sensor-gateway-network-health-display","OpenMakerProjects/mesh-sensor-gateway-network-health-display","public","failed","False","https://github.com/OpenMakerProjects/mesh-sensor-gateway-network-health-display","Could not create OpenMakerProjects/mesh-sensor-gateway-network-health-display
error connecting to api.github.com
check your internet connection or https://githubstatus.com","2026-10-02T16:24:51.4134151+05:30"
"1814","mesh-sensor-gateway-automatic-rerouting","OpenMakerProjects/mesh-sensor-gateway-automatic-rerouting","public","failed","False","https://github.com/OpenMakerProjects/mesh-sensor-gateway-automatic-rerouting","Could not create OpenMakerProjects/mesh-sensor-gateway-automatic-rerouting
error connecting to api.github.com
check your internet connection or https://githubstatus.com","2026-10-02T16:24:52.1217607+05:30"
"1815","mesh-sensor-gateway-time-synchronization","OpenMakerProjects/mesh-sensor-gateway-time-synchronization","public","failed","False","https://github.com/OpenMakerProjects/mesh-sensor-gateway-time-synchronization","Could not create OpenMakerProjects/mesh-sensor-gateway-time-synchronization
error connecting to api.github.com
check your internet connection or https://githubstatus.com","2026-10-02T16:24:52.8297330+05:30"
"1816","mesh-sensor-gateway-bandwidth-monitoring","OpenMakerProjects/mesh-sensor-gateway-bandwidth-monitoring","public","failed","False","https://github.com/OpenMakerProjects/mesh-sensor-gateway-bandwidth-monitoring","Could not create OpenMakerProjects/mesh-sensor-gateway-bandwidth-monitoring
error connecting to api.github.com
check your internet connection or https://githubstatus.com","2026-10-02T16:24:53.6336227+05:30"
"1817","mesh-sensor-gateway-provisioning-portal","OpenMakerProjects/mesh-sensor-gateway-provisioning-portal","public","failed","False","https://github.com/OpenMakerProjects/mesh-sensor-gateway-provisioning-portal","Could not create OpenMakerProjects/mesh-sensor-gateway-provisioning-portal
error connecting to api.github.com
check your internet connection or https://githubstatus.com","2026-10-02T16:24:54.2857767+05:30"
"1818","mesh-sensor-gateway-priority-messages","OpenMakerProjects/mesh-sensor-gateway-priority-messages","public","failed","False","https://github.com/OpenMakerProjects/mesh-sensor-gateway-priority-messages","Could not create OpenMakerProjects/mesh-sensor-gateway-priority-messages
error connecting to api.github.com
check your internet connection or https://githubstatus.com","2026-10-02T16:24:54.9530281+05:30"
"1819","mesh-sensor-gateway-protocol-bridge","OpenMakerProjects/mesh-sensor-gateway-protocol-bridge","public","failed","False","https://github.com/OpenMakerProjects/mesh-sensor-gateway-protocol-bridge","Could not create OpenMakerProjects/mesh-sensor-gateway-protocol-bridge
error connecting to api.github.com
check your internet connection or https://githubstatus.com","2026-10-02T16:24:55.6066949+05:30"
"1820","mesh-sensor-gateway-offline-data-export","OpenMakerProjects/mesh-sensor-gateway-offline-data-export","public","failed","False","https://github.com/OpenMakerProjects/mesh-sensor-gateway-offline-data-export","Could not create OpenMakerProjects/mesh-sensor-gateway-offline-data-export
error connecting to api.github.com
check your internet connection or https://githubstatus.com","2026-10-02T16:24:56.2923645+05:30"
"1821","offline-community-bulletin-store-and-forward","OpenMakerProjects/offline-community-bulletin-store-and-forward","public","failed","False","https://github.com/OpenMakerProjects/offline-community-bulletin-store-and-forward","Could not create OpenMakerProjects/offline-community-bulletin-store-and-forward
error connecting to api.github.com
check your internet connection or https://githubstatus.com","2026-10-02T16:24:57.0196715+05:30"
"1822","offline-community-bulletin-encrypted-messaging","OpenMakerProjects/offline-community-bulletin-encrypted-messaging","public","failed","False","https://github.com/OpenMakerProjects/offline-community-bulletin-encrypted-messaging","Could not create OpenMakerProjects/offline-community-bulletin-encrypted-messaging
error connecting to api.github.com
check your internet connection or https://githubstatus.com","2026-10-02T16:24:57.7095119+05:30"
"1823","offline-community-bulletin-network-health-display","OpenMakerProjects/offline-community-bulletin-network-health-display","public","failed","False","https://github.com/OpenMakerProjects/offline-community-bulletin-network-health-display","Could not create OpenMakerProjects/offline-community-bulletin-network-health-display
error connecting to api.github.com
check your internet connection or https://githubstatus.com","2026-10-02T16:24:58.3832678+05:30"
"1824","offline-community-bulletin-automatic-rerouting","OpenMakerProjects/offline-community-bulletin-automatic-rerouting","public","failed","False","https://github.com/OpenMakerProjects/offline-community-bulletin-automatic-rerouting","Could not create OpenMakerProjects/offline-community-bulletin-automatic-rerouting
error connecting to api.github.com
check your internet connection or https://githubstatus.com","2026-10-02T16:24:59.0525547+05:30"
"1825","offline-community-bulletin-time-synchronization","OpenMakerProjects/offline-community-bulletin-time-synchronization","public","failed","False","https://github.com/OpenMakerProjects/offline-community-bulletin-time-synchronization","Could not create OpenMakerProjects/offline-community-bulletin-time-synchronization
error connecting to api.github.com
check your internet connection or https://githubstatus.com","2026-10-02T16:24:59.7343812+05:30"
"1826","offline-community-bulletin-bandwidth-monitoring","OpenMakerProjects/offline-community-bulletin-bandwidth-monitoring","public","failed","False","https://github.com/OpenMakerProjects/offline-community-bulletin-bandwidth-monitoring","Could not create OpenMakerProjects/offline-community-bulletin-bandwidth-monitoring
error connecting to api.github.com
check your internet connection or https://githubstatus.com","2026-10-02T16:25:00.4125540+05:30"
"1827","offline-community-bulletin-provisioning-portal","OpenMakerProjects/offline-community-bulletin-provisioning-portal","public","failed","False","https://github.com/OpenMakerProjects/offline-community-bulletin-provisioning-portal","Could not create OpenMakerProjects/offline-community-bulletin-provisioning-portal
error connecting to api.github.com
check your internet connection or https://githubstatus.com","2026-10-02T16:25:01.0653654+05:30"
"1828","offline-community-bulletin-priority-messages","OpenMakerProjects/offline-community-bulletin-priority-messages","public","failed","False","https://github.com/OpenMakerProjects/offline-community-bulletin-priority-messages","Could not create OpenMakerProjects/offline-community-bulletin-priority-messages
error connecting to api.github.com
check your internet connection or https://githubstatus.com","2026-10-02T16:25:01.7339996+05:30"
"1829","offline-community-bulletin-protocol-bridge","OpenMakerProjects/offline-community-bulletin-protocol-bridge","public","failed","False","https://github.com/OpenMakerProjects/offline-community-bulletin-protocol-bridge","Could not create OpenMakerProjects/offline-community-bulletin-protocol-bridge
error connecting to api.github.com
check your internet connection or https://githubstatus.com","2026-10-02T16:25:02.4108474+05:30"
"1830","offline-community-bulletin-offline-data-export","OpenMakerProjects/offline-community-bulletin-offline-data-export","public","failed","False","https://github.com/OpenMakerProjects/offline-community-bulletin-offline-data-export","Could not create OpenMakerProjects/offline-community-bulletin-offline-data-export
error connecting to api.github.com
check your internet connection or https://githubstatus.com","2026-10-02T16:25:03.0505869+05:30"
"1831","emergency-radio-beacon-store-and-forward","OpenMakerProjects/emergency-radio-beacon-store-and-forward","public","failed","False","https://github.com/OpenMakerProjects/emergency-radio-beacon-store-and-forward","Could not create OpenMakerProjects/emergency-radio-beacon-store-and-forward
error connecting to api.github.com
check your internet connection or https://githubstatus.com","2026-10-02T16:25:03.7039790+05:30"
"1832","emergency-radio-beacon-encrypted-messaging","OpenMakerProjects/emergency-radio-beacon-encrypted-messaging","public","failed","False","https://github.com/OpenMakerProjects/emergency-radio-beacon-encrypted-messaging","Could not create OpenMakerProjects/emergency-radio-beacon-encrypted-messaging
error connecting to api.github.com
check your internet connection or https://githubstatus.com","2026-10-02T16:25:04.3764905+05:30"
"1833","emergency-radio-beacon-network-health-display","OpenMakerProjects/emergency-radio-beacon-network-health-display","public","failed","False","https://github.com/OpenMakerProjects/emergency-radio-beacon-network-health-display","Could not create OpenMakerProjects/emergency-radio-beacon-network-health-display
error connecting to api.github.com
check your internet connection or https://githubstatus.com","2026-10-02T16:25:05.0502220+05:30"
"1834","emergency-radio-beacon-automatic-rerouting","OpenMakerProjects/emergency-radio-beacon-automatic-rerouting","public","failed","False","https://github.com/OpenMakerProjects/emergency-radio-beacon-automatic-rerouting","Could not create OpenMakerProjects/emergency-radio-beacon-automatic-rerouting
error connecting to api.github.com
check your internet connection or https://githubstatus.com","2026-10-02T16:25:05.7098387+05:30"
"1835","emergency-radio-beacon-time-synchronization","OpenMakerProjects/emergency-radio-beacon-time-synchronization","public","failed","False","https://github.com/OpenMakerProjects/emergency-radio-beacon-time-synchronization","Could not create OpenMakerProjects/emergency-radio-beacon-time-synchronization
error connecting to api.github.com
check your internet connection or https://githubstatus.com","2026-10-02T16:25:06.7311118+05:30"
"1836","emergency-radio-beacon-bandwidth-monitoring","OpenMakerProjects/emergency-radio-beacon-bandwidth-monitoring","public","failed","False","https://github.com/OpenMakerProjects/emergency-radio-beacon-bandwidth-monitoring","Could not create OpenMakerProjects/emergency-radio-beacon-bandwidth-monitoring
error connecting to api.github.com
check your internet connection or https://githubstatus.com","2026-10-02T16:25:07.4190674+05:30"
"1837","emergency-radio-beacon-provisioning-portal","OpenMakerProjects/emergency-radio-beacon-provisioning-portal","public","failed","False","https://github.com/OpenMakerProjects/emergency-radio-beacon-provisioning-portal","Could not create OpenMakerProjects/emergency-radio-beacon-provisioning-portal
error connecting to api.github.com
check your internet connection or https://githubstatus.com","2026-10-02T16:25:08.0727414+05:30"
"1838","emergency-radio-beacon-priority-messages","OpenMakerProjects/emergency-radio-beacon-priority-messages","public","failed","False","https://github.com/OpenMakerProjects/emergency-radio-beacon-priority-messages","Could not create OpenMakerProjects/emergency-radio-beacon-priority-messages
error connecting to api.github.com
check your internet connection or https://githubstatus.com","2026-10-02T16:25:08.7658153+05:30"
"1839","emergency-radio-beacon-protocol-bridge","OpenMakerProjects/emergency-radio-beacon-protocol-bridge","public","failed","False","https://github.com/OpenMakerProjects/emergency-radio-beacon-protocol-bridge","Could not create OpenMakerProjects/emergency-radio-beacon-protocol-bridge
error connecting to api.github.com
check your internet connection or https://githubstatus.com","2026-10-02T16:25:09.4168379+05:30"
"1840","emergency-radio-beacon-offline-data-export","OpenMakerProjects/emergency-radio-beacon-offline-data-export","public","failed","False","https://github.com/OpenMakerProjects/emergency-radio-beacon-offline-data-export","Could not create OpenMakerProjects/emergency-radio-beacon-offline-data-export
error connecting to api.github.com
check your internet connection or https://githubstatus.com","2026-10-02T16:25:10.0777462+05:30"
"1841","packet-radio-trainer-store-and-forward","OpenMakerProjects/packet-radio-trainer-store-and-forward","public","failed","False","https://github.com/OpenMakerProjects/packet-radio-trainer-store-and-forward","Could not create OpenMakerProjects/packet-radio-trainer-store-and-forward
error connecting to api.github.com
check your internet connection or https://githubstatus.com","2026-10-02T16:25:10.7541116+05:30"
"1842","packet-radio-trainer-encrypted-messaging","OpenMakerProjects/packet-radio-trainer-encrypted-messaging","public","failed","False","https://github.com/OpenMakerProjects/packet-radio-trainer-encrypted-messaging","Could not create OpenMakerProjects/packet-radio-trainer-encrypted-messaging
error connecting to api.github.com
check your internet connection or https://githubstatus.com","2026-10-02T16:25:11.4628443+05:30"
"1843","packet-radio-trainer-network-health-display","OpenMakerProjects/packet-radio-trainer-network-health-display","public","failed","False","https://github.com/OpenMakerProjects/packet-radio-trainer-network-health-display","Could not create OpenMakerProjects/packet-radio-trainer-network-health-display
error connecting to api.github.com
check your internet connection or https://githubstatus.com","2026-10-02T16:25:12.1649139+05:30"
"1844","packet-radio-trainer-automatic-rerouting","OpenMakerProjects/packet-radio-trainer-automatic-rerouting","public","failed","False","https://github.com/OpenMakerProjects/packet-radio-trainer-automatic-rerouting","Could not create OpenMakerProjects/packet-radio-trainer-automatic-rerouting
error connecting to api.github.com
check your internet connection or https://githubstatus.com","2026-10-02T16:25:12.9045121+05:30"
"1845","packet-radio-trainer-time-synchronization","OpenMakerProjects/packet-radio-trainer-time-synchronization","public","failed","False","https://github.com/OpenMakerProjects/packet-radio-trainer-time-synchronization","Could not create OpenMakerProjects/packet-radio-trainer-time-synchronization
error connecting to api.github.com
check your internet connection or https://githubstatus.com","2026-10-02T16:25:13.5827716+05:30"
"1846","packet-radio-trainer-bandwidth-monitoring","OpenMakerProjects/packet-radio-trainer-bandwidth-monitoring","public","failed","False","https://github.com/OpenMakerProjects/packet-radio-trainer-bandwidth-monitoring","Could not create OpenMakerProjects/packet-radio-trainer-bandwidth-monitoring
error connecting to api.github.com
check your internet connection or https://githubstatus.com","2026-10-02T16:25:14.2642322+05:30"
"1847","packet-radio-trainer-provisioning-portal","OpenMakerProjects/packet-radio-trainer-provisioning-portal","public","failed","False","https://github.com/OpenMakerProjects/packet-radio-trainer-provisioning-portal","Could not create OpenMakerProjects/packet-radio-trainer-provisioning-portal
error connecting to api.github.com
check your internet connection or https://githubstatus.com","2026-10-02T16:25:14.9876375+05:30"
"1848","packet-radio-trainer-priority-messages","OpenMakerProjects/packet-radio-trainer-priority-messages","public","failed","False","https://github.com/OpenMakerProjects/packet-radio-trainer-priority-messages","Could not create OpenMakerProjects/packet-radio-trainer-priority-messages
error connecting to api.github.com
check your internet connection or https://githubstatus.com","2026-10-02T16:25:15.6753907+05:30"
"1849","packet-radio-trainer-protocol-bridge","OpenMakerProjects/packet-radio-trainer-protocol-bridge","public","failed","False","https://github.com/OpenMakerProjects/packet-radio-trainer-protocol-bridge","Could not create OpenMakerProjects/packet-radio-trainer-protocol-bridge
error connecting to api.github.com
check your internet connection or https://githubstatus.com","2026-10-02T16:25:16.3706408+05:30"
"1850","packet-radio-trainer-offline-data-export","OpenMakerProjects/packet-radio-trainer-offline-data-export","public","failed","False","https://github.com/OpenMakerProjects/packet-radio-trainer-offline-data-export","Could not create OpenMakerProjects/packet-radio-trainer-offline-data-export
error connecting to api.github.com
check your internet connection or https://githubstatus.com","2026-10-02T16:25:17.1214861+05:30"
"1851","secure-mqtt-gateway-store-and-forward","OpenMakerProjects/secure-mqtt-gateway-store-and-forward","public","failed","False","https://github.com/OpenMakerProjects/secure-mqtt-gateway-store-and-forward","Could not create OpenMakerProjects/secure-mqtt-gateway-store-and-forward
error connecting to api.github.com
check your internet connection or https://githubstatus.com","2026-10-02T16:25:17.8544261+05:30"
"1852","secure-mqtt-gateway-encrypted-messaging","OpenMakerProjects/secure-mqtt-gateway-encrypted-messaging","public","failed","False","https://github.com/OpenMakerProjects/secure-mqtt-gateway-encrypted-messaging","Could not create OpenMakerProjects/secure-mqtt-gateway-encrypted-messaging
error connecting to api.github.com
check your internet connection or https://githubstatus.com","2026-10-02T16:25:18.9224723+05:30"
"1853","secure-mqtt-gateway-network-health-display","OpenMakerProjects/secure-mqtt-gateway-network-health-display","public","failed","False","https://github.com/OpenMakerProjects/secure-mqtt-gateway-network-health-display","Could not create OpenMakerProjects/secure-mqtt-gateway-network-health-display
error connecting to api.github.com
check your internet connection or https://githubstatus.com","2026-10-02T16:25:19.8562353+05:30"
"1854","secure-mqtt-gateway-automatic-rerouting","OpenMakerProjects/secure-mqtt-gateway-automatic-rerouting","public","failed","False","https://github.com/OpenMakerProjects/secure-mqtt-gateway-automatic-rerouting","Could not create OpenMakerProjects/secure-mqtt-gateway-automatic-rerouting
error connecting to api.github.com
check your internet connection or https://githubstatus.com","2026-10-02T16:25:21.0018746+05:30"
"1855","secure-mqtt-gateway-time-synchronization","OpenMakerProjects/secure-mqtt-gateway-time-synchronization","public","failed","False","https://github.com/OpenMakerProjects/secure-mqtt-gateway-time-synchronization","Could not create OpenMakerProjects/secure-mqtt-gateway-time-synchronization
error connecting to api.github.com
check your internet connection or https://githubstatus.com","2026-10-02T16:25:22.1052658+05:30"
"1856","secure-mqtt-gateway-bandwidth-monitoring","OpenMakerProjects/secure-mqtt-gateway-bandwidth-monitoring","public","failed","False","https://github.com/OpenMakerProjects/secure-mqtt-gateway-bandwidth-monitoring","Could not create OpenMakerProjects/secure-mqtt-gateway-bandwidth-monitoring
error connecting to api.github.com
check your internet connection or https://githubstatus.com","2026-10-02T16:25:22.7784269+05:30"
"1857","secure-mqtt-gateway-provisioning-portal","OpenMakerProjects/secure-mqtt-gateway-provisioning-portal","public","failed","False","https://github.com/OpenMakerProjects/secure-mqtt-gateway-provisioning-portal","Could not create OpenMakerProjects/secure-mqtt-gateway-provisioning-portal
error connecting to api.github.com
check your internet connection or https://githubstatus.com","2026-10-02T16:25:23.4434590+05:30"
"1858","secure-mqtt-gateway-priority-messages","OpenMakerProjects/secure-mqtt-gateway-priority-messages","public","failed","False","https://github.com/OpenMakerProjects/secure-mqtt-gateway-priority-messages","Could not create OpenMakerProjects/secure-mqtt-gateway-priority-messages
error connecting to api.github.com
check your internet connection or https://githubstatus.com","2026-10-02T16:25:24.1000817+05:30"
"1859","secure-mqtt-gateway-protocol-bridge","OpenMakerProjects/secure-mqtt-gateway-protocol-bridge","public","failed","False","https://github.com/OpenMakerProjects/secure-mqtt-gateway-protocol-bridge","Could not create OpenMakerProjects/secure-mqtt-gateway-protocol-bridge
error connecting to api.github.com
check your internet connection or https://githubstatus.com","2026-10-02T16:25:24.8241818+05:30"
"1860","secure-mqtt-gateway-offline-data-export","OpenMakerProjects/secure-mqtt-gateway-offline-data-export","public","failed","False","https://github.com/OpenMakerProjects/secure-mqtt-gateway-offline-data-export","Could not create OpenMakerProjects/secure-mqtt-gateway-offline-data-export
error connecting to api.github.com
check your internet connection or https://githubstatus.com","2026-10-02T16:25:25.5447194+05:30"
"1861","ble-device-scanner-store-and-forward","OpenMakerProjects/ble-device-scanner-store-and-forward","public","failed","False","https://github.com/OpenMakerProjects/ble-device-scanner-store-and-forward","Could not create OpenMakerProjects/ble-device-scanner-store-and-forward
error connecting to api.github.com
check your internet connection or https://githubstatus.com","2026-10-02T16:25:26.2721001+05:30"
"1862","ble-device-scanner-encrypted-messaging","OpenMakerProjects/ble-device-scanner-encrypted-messaging","public","failed","False","https://github.com/OpenMakerProjects/ble-device-scanner-encrypted-messaging","Could not create OpenMakerProjects/ble-device-scanner-encrypted-messaging
error connecting to api.github.com
check your internet connection or https://githubstatus.com","2026-10-02T16:25:26.9918986+05:30"
"1863","ble-device-scanner-network-health-display","OpenMakerProjects/ble-device-scanner-network-health-display","public","failed","False","https://github.com/OpenMakerProjects/ble-device-scanner-network-health-display","Could not create OpenMakerProjects/ble-device-scanner-network-health-display
error connecting to api.github.com
check your internet connection or https://githubstatus.com","2026-10-02T16:25:27.7393162+05:30"
"1864","ble-device-scanner-automatic-rerouting","OpenMakerProjects/ble-device-scanner-automatic-rerouting","public","failed","False","https://github.com/OpenMakerProjects/ble-device-scanner-automatic-rerouting","Could not create OpenMakerProjects/ble-device-scanner-automatic-rerouting
error connecting to api.github.com
check your internet connection or https://githubstatus.com","2026-10-02T16:25:28.4623544+05:30"
"1865","ble-device-scanner-time-synchronization","OpenMakerProjects/ble-device-scanner-time-synchronization","public","failed","False","https://github.com/OpenMakerProjects/ble-device-scanner-time-synchronization","Could not create OpenMakerProjects/ble-device-scanner-time-synchronization
error connecting to api.github.com
check your internet connection or https://githubstatus.com","2026-10-02T16:25:29.1714641+05:30"
"1866","ble-device-scanner-bandwidth-monitoring","OpenMakerProjects/ble-device-scanner-bandwidth-monitoring","public","failed","False","https://github.com/OpenMakerProjects/ble-device-scanner-bandwidth-monitoring","Could not create OpenMakerProjects/ble-device-scanner-bandwidth-monitoring
error connecting to api.github.com
check your internet connection or https://githubstatus.com","2026-10-02T16:25:29.8468552+05:30"
"1867","ble-device-scanner-provisioning-portal","OpenMakerProjects/ble-device-scanner-provisioning-portal","public","failed","False","https://github.com/OpenMakerProjects/ble-device-scanner-provisioning-portal","Could not create OpenMakerProjects/ble-device-scanner-provisioning-portal
error connecting to api.github.com
check your internet connection or https://githubstatus.com","2026-10-02T16:25:30.5051089+05:30"
"1868","ble-device-scanner-priority-messages","OpenMakerProjects/ble-device-scanner-priority-messages","public","failed","False","https://github.com/OpenMakerProjects/ble-device-scanner-priority-messages","Could not create OpenMakerProjects/ble-device-scanner-priority-messages
error connecting to api.github.com
check your internet connection or https://githubstatus.com","2026-10-02T16:25:31.1574673+05:30"
"1869","ble-device-scanner-protocol-bridge","OpenMakerProjects/ble-device-scanner-protocol-bridge","public","failed","False","https://github.com/OpenMakerProjects/ble-device-scanner-protocol-bridge","Could not create OpenMakerProjects/ble-device-scanner-protocol-bridge
error connecting to api.github.com
check your internet connection or https://githubstatus.com","2026-10-02T16:25:31.8254260+05:30"
"1870","ble-device-scanner-offline-data-export","OpenMakerProjects/ble-device-scanner-offline-data-export","public","failed","False","https://github.com/OpenMakerProjects/ble-device-scanner-offline-data-export","Could not create OpenMakerProjects/ble-device-scanner-offline-data-export
error connecting to api.github.com
check your internet connection or https://githubstatus.com","2026-10-02T16:25:32.4944750+05:30"
"1871","wi-fi-coverage-mapper-store-and-forward","OpenMakerProjects/wi-fi-coverage-mapper-store-and-forward","public","failed","False","https://github.com/OpenMakerProjects/wi-fi-coverage-mapper-store-and-forward","Could not create OpenMakerProjects/wi-fi-coverage-mapper-store-and-forward
error connecting to api.github.com
check your internet connection or https://githubstatus.com","2026-10-02T16:25:33.1506442+05:30"
"1872","wi-fi-coverage-mapper-encrypted-messaging","OpenMakerProjects/wi-fi-coverage-mapper-encrypted-messaging","public","failed","False","https://github.com/OpenMakerProjects/wi-fi-coverage-mapper-encrypted-messaging","Could not create OpenMakerProjects/wi-fi-coverage-mapper-encrypted-messaging
error connecting to api.github.com
check your internet connection or https://githubstatus.com","2026-10-02T16:25:33.8116622+05:30"
"1873","wi-fi-coverage-mapper-network-health-display","OpenMakerProjects/wi-fi-coverage-mapper-network-health-display","public","failed","False","https://github.com/OpenMakerProjects/wi-fi-coverage-mapper-network-health-display","Could not create OpenMakerProjects/wi-fi-coverage-mapper-network-health-display
error connecting to api.github.com
check your internet connection or https://githubstatus.com","2026-10-02T16:25:34.5220395+05:30"
"1874","wi-fi-coverage-mapper-automatic-rerouting","OpenMakerProjects/wi-fi-coverage-mapper-automatic-rerouting","public","failed","False","https://github.com/OpenMakerProjects/wi-fi-coverage-mapper-automatic-rerouting","Could not create OpenMakerProjects/wi-fi-coverage-mapper-automatic-rerouting
error connecting to api.github.com
check your internet connection or https://githubstatus.com","2026-10-02T16:25:35.2276058+05:30"
"1875","wi-fi-coverage-mapper-time-synchronization","OpenMakerProjects/wi-fi-coverage-mapper-time-synchronization","public","failed","False","https://github.com/OpenMakerProjects/wi-fi-coverage-mapper-time-synchronization","Could not create OpenMakerProjects/wi-fi-coverage-mapper-time-synchronization
error connecting to api.github.com
check your internet connection or https://githubstatus.com","2026-10-02T16:25:35.8732470+05:30"
"1876","wi-fi-coverage-mapper-bandwidth-monitoring","OpenMakerProjects/wi-fi-coverage-mapper-bandwidth-monitoring","public","failed","False","https://github.com/OpenMakerProjects/wi-fi-coverage-mapper-bandwidth-monitoring","Could not create OpenMakerProjects/wi-fi-coverage-mapper-bandwidth-monitoring
error connecting to api.github.com
check your internet connection or https://githubstatus.com","2026-10-02T16:25:36.5179316+05:30"
"1877","wi-fi-coverage-mapper-provisioning-portal","OpenMakerProjects/wi-fi-coverage-mapper-provisioning-portal","public","failed","False","https://github.com/OpenMakerProjects/wi-fi-coverage-mapper-provisioning-portal","Could not create OpenMakerProjects/wi-fi-coverage-mapper-provisioning-portal
error connecting to api.github.com
check your internet connection or https://githubstatus.com","2026-10-02T16:25:37.1778043+05:30"
"1878","wi-fi-coverage-mapper-priority-messages","OpenMakerProjects/wi-fi-coverage-mapper-priority-messages","public","failed","False","https://github.com/OpenMakerProjects/wi-fi-coverage-mapper-priority-messages","Could not create OpenMakerProjects/wi-fi-coverage-mapper-priority-messages
error connecting to api.github.com
check your internet connection or https://githubstatus.com","2026-10-02T16:25:37.8889674+05:30"
"1879","wi-fi-coverage-mapper-protocol-bridge","OpenMakerProjects/wi-fi-coverage-mapper-protocol-bridge","public","failed","False","https://github.com/OpenMakerProjects/wi-fi-coverage-mapper-protocol-bridge","Could not create OpenMakerProjects/wi-fi-coverage-mapper-protocol-bridge
error connecting to api.github.com
check your internet connection or https://githubstatus.com","2026-10-02T16:25:38.5520250+05:30"
"1880","wi-fi-coverage-mapper-offline-data-export","OpenMakerProjects/wi-fi-coverage-mapper-offline-data-export","public","failed","False","https://github.com/OpenMakerProjects/wi-fi-coverage-mapper-offline-data-export","Could not create OpenMakerProjects/wi-fi-coverage-mapper-offline-data-export
error connecting to api.github.com
check your internet connection or https://githubstatus.com","2026-10-02T16:25:39.2164707+05:30"
"1881","satellite-status-terminal-store-and-forward","OpenMakerProjects/satellite-status-terminal-store-and-forward","public","failed","False","https://github.com/OpenMakerProjects/satellite-status-terminal-store-and-forward","Could not create OpenMakerProjects/satellite-status-terminal-store-and-forward
error connecting to api.github.com
check your internet connection or https://githubstatus.com","2026-10-02T16:25:39.8675972+05:30"
"1882","satellite-status-terminal-encrypted-messaging","OpenMakerProjects/satellite-status-terminal-encrypted-messaging","public","failed","False","https://github.com/OpenMakerProjects/satellite-status-terminal-encrypted-messaging","Could not create OpenMakerProjects/satellite-status-terminal-encrypted-messaging
error connecting to api.github.com
check your internet connection or https://githubstatus.com","2026-10-02T16:25:40.5211394+05:30"
"1883","satellite-status-terminal-network-health-display","OpenMakerProjects/satellite-status-terminal-network-health-display","public","failed","False","https://github.com/OpenMakerProjects/satellite-status-terminal-network-health-display","Could not create OpenMakerProjects/satellite-status-terminal-network-health-display
error connecting to api.github.com
check your internet connection or https://githubstatus.com","2026-10-02T16:25:41.1749636+05:30"
"1884","satellite-status-terminal-automatic-rerouting","OpenMakerProjects/satellite-status-terminal-automatic-rerouting","public","failed","False","https://github.com/OpenMakerProjects/satellite-status-terminal-automatic-rerouting","Could not create OpenMakerProjects/satellite-status-terminal-automatic-rerouting
error connecting to api.github.com
check your internet connection or https://githubstatus.com","2026-10-02T16:25:41.8332877+05:30"
"1885","satellite-status-terminal-time-synchronization","OpenMakerProjects/satellite-status-terminal-time-synchronization","public","failed","False","https://github.com/OpenMakerProjects/satellite-status-terminal-time-synchronization","Could not create OpenMakerProjects/satellite-status-terminal-time-synchronization
error connecting to api.github.com
check your internet connection or https://githubstatus.com","2026-10-02T16:25:42.4644690+05:30"
"1886","satellite-status-terminal-bandwidth-monitoring","OpenMakerProjects/satellite-status-terminal-bandwidth-monitoring","public","failed","False","https://github.com/OpenMakerProjects/satellite-status-terminal-bandwidth-monitoring","Could not create OpenMakerProjects/satellite-status-terminal-bandwidth-monitoring
error connecting to api.github.com
check your internet connection or https://githubstatus.com","2026-10-02T16:25:43.1322889+05:30"
"1887","satellite-status-terminal-provisioning-portal","OpenMakerProjects/satellite-status-terminal-provisioning-portal","public","failed","False","https://github.com/OpenMakerProjects/satellite-status-terminal-provisioning-portal","Could not create OpenMakerProjects/satellite-status-terminal-provisioning-portal
error connecting to api.github.com
check your internet connection or https://githubstatus.com","2026-10-02T16:25:43.7532864+05:30"
"1888","satellite-status-terminal-priority-messages","OpenMakerProjects/satellite-status-terminal-priority-messages","public","failed","False","https://github.com/OpenMakerProjects/satellite-status-terminal-priority-messages","Could not create OpenMakerProjects/satellite-status-terminal-priority-messages
error connecting to api.github.com
check your internet connection or https://githubstatus.com","2026-10-02T16:25:44.4023673+05:30"
"1889","satellite-status-terminal-protocol-bridge","OpenMakerProjects/satellite-status-terminal-protocol-bridge","public","failed","False","https://github.com/OpenMakerProjects/satellite-status-terminal-protocol-bridge","Could not create OpenMakerProjects/satellite-status-terminal-protocol-bridge
error connecting to api.github.com
check your internet connection or https://githubstatus.com","2026-10-02T16:25:45.0578337+05:30"
"1890","satellite-status-terminal-offline-data-export","OpenMakerProjects/satellite-status-terminal-offline-data-export","public","failed","False","https://github.com/OpenMakerProjects/satellite-status-terminal-offline-data-export","Could not create OpenMakerProjects/satellite-status-terminal-offline-data-export
error connecting to api.github.com
check your internet connection or https://githubstatus.com","2026-10-02T16:25:45.7020194+05:30"
"1891","field-data-relay-store-and-forward","OpenMakerProjects/field-data-relay-store-and-forward","public","failed","False","https://github.com/OpenMakerProjects/field-data-relay-store-and-forward","Could not create OpenMakerProjects/field-data-relay-store-and-forward
error connecting to api.github.com
check your internet connection or https://githubstatus.com","2026-10-02T16:25:46.3829741+05:30"
"1892","field-data-relay-encrypted-messaging","OpenMakerProjects/field-data-relay-encrypted-messaging","public","failed","False","https://github.com/OpenMakerProjects/field-data-relay-encrypted-messaging","Could not create OpenMakerProjects/field-data-relay-encrypted-messaging
error connecting to api.github.com
check your internet connection or https://githubstatus.com","2026-10-02T16:25:47.0267411+05:30"
"1893","field-data-relay-network-health-display","OpenMakerProjects/field-data-relay-network-health-display","public","failed","False","https://github.com/OpenMakerProjects/field-data-relay-network-health-display","Could not create OpenMakerProjects/field-data-relay-network-health-display
error connecting to api.github.com
check your internet connection or https://githubstatus.com","2026-10-02T16:25:47.6704542+05:30"
"1894","field-data-relay-automatic-rerouting","OpenMakerProjects/field-data-relay-automatic-rerouting","public","failed","False","https://github.com/OpenMakerProjects/field-data-relay-automatic-rerouting","Could not create OpenMakerProjects/field-data-relay-automatic-rerouting
error connecting to api.github.com
check your internet connection or https://githubstatus.com","2026-10-02T16:25:48.3290016+05:30"
"1895","field-data-relay-time-synchronization","OpenMakerProjects/field-data-relay-time-synchronization","public","failed","False","https://github.com/OpenMakerProjects/field-data-relay-time-synchronization","Could not create OpenMakerProjects/field-data-relay-time-synchronization
error connecting to api.github.com
check your internet connection or https://githubstatus.com","2026-10-02T16:25:48.9782128+05:30"
"1896","field-data-relay-bandwidth-monitoring","OpenMakerProjects/field-data-relay-bandwidth-monitoring","public","failed","False","https://github.com/OpenMakerProjects/field-data-relay-bandwidth-monitoring","Could not create OpenMakerProjects/field-data-relay-bandwidth-monitoring
error connecting to api.github.com
check your internet connection or https://githubstatus.com","2026-10-02T16:25:49.6090894+05:30"
"1897","field-data-relay-provisioning-portal","OpenMakerProjects/field-data-relay-provisioning-portal","public","failed","False","https://github.com/OpenMakerProjects/field-data-relay-provisioning-portal","Could not create OpenMakerProjects/field-data-relay-provisioning-portal
error connecting to api.github.com
check your internet connection or https://githubstatus.com","2026-10-02T16:25:50.2481947+05:30"
"1898","field-data-relay-priority-messages","OpenMakerProjects/field-data-relay-priority-messages","public","failed","False","https://github.com/OpenMakerProjects/field-data-relay-priority-messages","Could not create OpenMakerProjects/field-data-relay-priority-messages
error connecting to api.github.com
check your internet connection or https://githubstatus.com","2026-10-02T16:25:51.0196159+05:30"
"1899","field-data-relay-protocol-bridge","OpenMakerProjects/field-data-relay-protocol-bridge","public","failed","False","https://github.com/OpenMakerProjects/field-data-relay-protocol-bridge","Could not create OpenMakerProjects/field-data-relay-protocol-bridge
error connecting to api.github.com
check your internet connection or https://githubstatus.com","2026-10-02T16:25:51.7272749+05:30"
"1900","field-data-relay-offline-data-export","OpenMakerProjects/field-data-relay-offline-data-export","public","failed","False","https://github.com/OpenMakerProjects/field-data-relay-offline-data-export","Could not create OpenMakerProjects/field-data-relay-offline-data-export
error connecting to api.github.com
check your internet connection or https://githubstatus.com","2026-10-02T16:25:52.4057489+05:30"
"1901","recycling-classifier-on-device-classification","OpenMakerProjects/recycling-classifier-on-device-classification","public","failed","False","https://github.com/OpenMakerProjects/recycling-classifier-on-device-classification","Could not create OpenMakerProjects/recycling-classifier-on-device-classification
error connecting to api.github.com
check your internet connection or https://githubstatus.com","2026-10-02T16:25:53.1748699+05:30"
"1902","recycling-classifier-object-detection","OpenMakerProjects/recycling-classifier-object-detection","public","failed","False","https://github.com/OpenMakerProjects/recycling-classifier-object-detection","Could not create OpenMakerProjects/recycling-classifier-object-detection
error connecting to api.github.com
check your internet connection or https://githubstatus.com","2026-10-02T16:25:53.8403092+05:30"
"1903","recycling-classifier-privacy-masking","OpenMakerProjects/recycling-classifier-privacy-masking","public","failed","False","https://github.com/OpenMakerProjects/recycling-classifier-privacy-masking","Could not create OpenMakerProjects/recycling-classifier-privacy-masking
error connecting to api.github.com
check your internet connection or https://githubstatus.com","2026-10-02T16:25:54.4998625+05:30"
"1904","recycling-classifier-event-recording","OpenMakerProjects/recycling-classifier-event-recording","public","failed","False","https://github.com/OpenMakerProjects/recycling-classifier-event-recording","Could not create OpenMakerProjects/recycling-classifier-event-recording
error connecting to api.github.com
check your internet connection or https://githubstatus.com","2026-10-02T16:25:55.1735759+05:30"
"1905","recycling-classifier-model-update-portal","OpenMakerProjects/recycling-classifier-model-update-portal","public","failed","False","https://github.com/OpenMakerProjects/recycling-classifier-model-update-portal","Could not create OpenMakerProjects/recycling-classifier-model-update-portal
error connecting to api.github.com
check your internet connection or https://githubstatus.com","2026-10-02T16:25:55.8322385+05:30"
"1906","recycling-classifier-confidence-dashboard","OpenMakerProjects/recycling-classifier-confidence-dashboard","public","failed","False","https://github.com/OpenMakerProjects/recycling-classifier-confidence-dashboard","Could not create OpenMakerProjects/recycling-classifier-confidence-dashboard
error connecting to api.github.com
check your internet connection or https://githubstatus.com","2026-10-02T16:25:56.4977313+05:30"
"1907","recycling-classifier-dataset-capture","OpenMakerProjects/recycling-classifier-dataset-capture","public","failed","False","https://github.com/OpenMakerProjects/recycling-classifier-dataset-capture","Could not create OpenMakerProjects/recycling-classifier-dataset-capture
error connecting to api.github.com
check your internet connection or https://githubstatus.com","2026-10-02T16:25:57.2066129+05:30"
"1908","recycling-classifier-low-light-imaging","OpenMakerProjects/recycling-classifier-low-light-imaging","public","failed","False","https://github.com/OpenMakerProjects/recycling-classifier-low-light-imaging","Could not create OpenMakerProjects/recycling-classifier-low-light-imaging
error connecting to api.github.com
check your internet connection or https://githubstatus.com","2026-10-02T16:25:57.8760602+05:30"
"1909","recycling-classifier-edge-alerting","OpenMakerProjects/recycling-classifier-edge-alerting","public","failed","False","https://github.com/OpenMakerProjects/recycling-classifier-edge-alerting","Could not create OpenMakerProjects/recycling-classifier-edge-alerting
error connecting to api.github.com
check your internet connection or https://githubstatus.com","2026-10-02T16:25:58.5526709+05:30"
"1910","recycling-classifier-human-review-queue","OpenMakerProjects/recycling-classifier-human-review-queue","public","failed","False","https://github.com/OpenMakerProjects/recycling-classifier-human-review-queue","Could not create OpenMakerProjects/recycling-classifier-human-review-queue
error connecting to api.github.com
check your internet connection or https://githubstatus.com","2026-10-02T16:25:59.2301905+05:30"
"1911","wildlife-camera-on-device-classification","OpenMakerProjects/wildlife-camera-on-device-classification","public","failed","False","https://github.com/OpenMakerProjects/wildlife-camera-on-device-classification","Could not create OpenMakerProjects/wildlife-camera-on-device-classification
error connecting to api.github.com
check your internet connection or https://githubstatus.com","2026-10-02T16:25:59.8740161+05:30"
"1912","wildlife-camera-object-detection","OpenMakerProjects/wildlife-camera-object-detection","public","failed","False","https://github.com/OpenMakerProjects/wildlife-camera-object-detection","Could not create OpenMakerProjects/wildlife-camera-object-detection
error connecting to api.github.com
check your internet connection or https://githubstatus.com","2026-10-02T16:26:00.5223214+05:30"
"1913","wildlife-camera-privacy-masking","OpenMakerProjects/wildlife-camera-privacy-masking","public","failed","False","https://github.com/OpenMakerProjects/wildlife-camera-privacy-masking","Could not create OpenMakerProjects/wildlife-camera-privacy-masking
error connecting to api.github.com
check your internet connection or https://githubstatus.com","2026-10-02T16:26:01.1980305+05:30"
"1914","wildlife-camera-event-recording","OpenMakerProjects/wildlife-camera-event-recording","public","failed","False","https://github.com/OpenMakerProjects/wildlife-camera-event-recording","Could not create OpenMakerProjects/wildlife-camera-event-recording
error connecting to api.github.com
check your internet connection or https://githubstatus.com","2026-10-02T16:26:01.8658169+05:30"
"1915","wildlife-camera-model-update-portal","OpenMakerProjects/wildlife-camera-model-update-portal","public","failed","False","https://github.com/OpenMakerProjects/wildlife-camera-model-update-portal","Could not create OpenMakerProjects/wildlife-camera-model-update-portal
error connecting to api.github.com
check your internet connection or https://githubstatus.com","2026-10-02T16:26:02.5013596+05:30"
"1916","wildlife-camera-confidence-dashboard","OpenMakerProjects/wildlife-camera-confidence-dashboard","public","failed","False","https://github.com/OpenMakerProjects/wildlife-camera-confidence-dashboard","Could not create OpenMakerProjects/wildlife-camera-confidence-dashboard
error connecting to api.github.com
check your internet connection or https://githubstatus.com","2026-10-02T16:26:03.1746328+05:30"
"1917","wildlife-camera-dataset-capture","OpenMakerProjects/wildlife-camera-dataset-capture","public","failed","False","https://github.com/OpenMakerProjects/wildlife-camera-dataset-capture","Could not create OpenMakerProjects/wildlife-camera-dataset-capture
error connecting to api.github.com
check your internet connection or https://githubstatus.com","2026-10-02T16:26:03.8233682+05:30"
"1918","wildlife-camera-low-light-imaging","OpenMakerProjects/wildlife-camera-low-light-imaging","public","failed","False","https://github.com/OpenMakerProjects/wildlife-camera-low-light-imaging","Could not create OpenMakerProjects/wildlife-camera-low-light-imaging
error connecting to api.github.com
check your internet connection or https://githubstatus.com","2026-10-02T16:26:04.4818933+05:30"
"1919","wildlife-camera-edge-alerting","OpenMakerProjects/wildlife-camera-edge-alerting","public","failed","False","https://github.com/OpenMakerProjects/wildlife-camera-edge-alerting","Could not create OpenMakerProjects/wildlife-camera-edge-alerting
error connecting to api.github.com
check your internet connection or https://githubstatus.com","2026-10-02T16:26:05.1613913+05:30"
"1920","wildlife-camera-human-review-queue","OpenMakerProjects/wildlife-camera-human-review-queue","public","failed","False","https://github.com/OpenMakerProjects/wildlife-camera-human-review-queue","Could not create OpenMakerProjects/wildlife-camera-human-review-queue
error connecting to api.github.com
check your internet connection or https://githubstatus.com","2026-10-02T16:26:05.8050569+05:30"
"1921","parking-occupancy-camera-on-device-classification","OpenMakerProjects/parking-occupancy-camera-on-device-classification","public","failed","False","https://github.com/OpenMakerProjects/parking-occupancy-camera-on-device-classification","Could not create OpenMakerProjects/parking-occupancy-camera-on-device-classification
error connecting to api.github.com
check your internet connection or https://githubstatus.com","2026-10-02T16:26:06.4614537+05:30"
"1922","parking-occupancy-camera-object-detection","OpenMakerProjects/parking-occupancy-camera-object-detection","public","failed","False","https://github.com/OpenMakerProjects/parking-occupancy-camera-object-detection","Could not create OpenMakerProjects/parking-occupancy-camera-object-detection
error connecting to api.github.com
check your internet connection or https://githubstatus.com","2026-10-02T16:26:07.1235927+05:30"
"1923","parking-occupancy-camera-privacy-masking","OpenMakerProjects/parking-occupancy-camera-privacy-masking","public","failed","False","https://github.com/OpenMakerProjects/parking-occupancy-camera-privacy-masking","Could not create OpenMakerProjects/parking-occupancy-camera-privacy-masking
error connecting to api.github.com
check your internet connection or https://githubstatus.com","2026-10-02T16:26:07.7670388+05:30"
"1924","parking-occupancy-camera-event-recording","OpenMakerProjects/parking-occupancy-camera-event-recording","public","failed","False","https://github.com/OpenMakerProjects/parking-occupancy-camera-event-recording","Could not create OpenMakerProjects/parking-occupancy-camera-event-recording
error connecting to api.github.com
check your internet connection or https://githubstatus.com","2026-10-02T16:26:08.4322012+05:30"
"1925","parking-occupancy-camera-model-update-portal","OpenMakerProjects/parking-occupancy-camera-model-update-portal","public","failed","False","https://github.com/OpenMakerProjects/parking-occupancy-camera-model-update-portal","Could not create OpenMakerProjects/parking-occupancy-camera-model-update-portal
error connecting to api.github.com
check your internet connection or https://githubstatus.com","2026-10-02T16:26:09.1157052+05:30"
"1926","parking-occupancy-camera-confidence-dashboard","OpenMakerProjects/parking-occupancy-camera-confidence-dashboard","public","failed","False","https://github.com/OpenMakerProjects/parking-occupancy-camera-confidence-dashboard","Could not create OpenMakerProjects/parking-occupancy-camera-confidence-dashboard
error connecting to api.github.com
check your internet connection or https://githubstatus.com","2026-10-02T16:26:09.7820618+05:30"
"1927","parking-occupancy-camera-dataset-capture","OpenMakerProjects/parking-occupancy-camera-dataset-capture","public","failed","False","https://github.com/OpenMakerProjects/parking-occupancy-camera-dataset-capture","Could not create OpenMakerProjects/parking-occupancy-camera-dataset-capture
error connecting to api.github.com
check your internet connection or https://githubstatus.com","2026-10-02T16:26:10.4351129+05:30"
"1928","parking-occupancy-camera-low-light-imaging","OpenMakerProjects/parking-occupancy-camera-low-light-imaging","public","failed","False","https://github.com/OpenMakerProjects/parking-occupancy-camera-low-light-imaging","Could not create OpenMakerProjects/parking-occupancy-camera-low-light-imaging
error connecting to api.github.com
check your internet connection or https://githubstatus.com","2026-10-02T16:26:11.0923629+05:30"
"1929","parking-occupancy-camera-edge-alerting","OpenMakerProjects/parking-occupancy-camera-edge-alerting","public","failed","False","https://github.com/OpenMakerProjects/parking-occupancy-camera-edge-alerting","Could not create OpenMakerProjects/parking-occupancy-camera-edge-alerting
error connecting to api.github.com
check your internet connection or https://githubstatus.com","2026-10-02T16:26:11.7438119+05:30"
"1930","parking-occupancy-camera-human-review-queue","OpenMakerProjects/parking-occupancy-camera-human-review-queue","public","failed","False","https://github.com/OpenMakerProjects/parking-occupancy-camera-human-review-queue","Could not create OpenMakerProjects/parking-occupancy-camera-human-review-queue
error connecting to api.github.com
check your internet connection or https://githubstatus.com","2026-10-02T16:26:12.3935671+05:30"
"1931","defect-inspection-station-on-device-classification","OpenMakerProjects/defect-inspection-station-on-device-classification","public","failed","False","https://github.com/OpenMakerProjects/defect-inspection-station-on-device-classification","Could not create OpenMakerProjects/defect-inspection-station-on-device-classification
error connecting to api.github.com
check your internet connection or https://githubstatus.com","2026-10-02T16:26:13.0434259+05:30"
"1932","defect-inspection-station-object-detection","OpenMakerProjects/defect-inspection-station-object-detection","public","failed","False","https://github.com/OpenMakerProjects/defect-inspection-station-object-detection","Could not create OpenMakerProjects/defect-inspection-station-object-detection
error connecting to api.github.com
check your internet connection or https://githubstatus.com","2026-10-02T16:26:13.7242987+05:30"
"1933","defect-inspection-station-privacy-masking","OpenMakerProjects/defect-inspection-station-privacy-masking","public","failed","False","https://github.com/OpenMakerProjects/defect-inspection-station-privacy-masking","Could not create OpenMakerProjects/defect-inspection-station-privacy-masking
error connecting to api.github.com
check your internet connection or https://githubstatus.com","2026-10-02T16:26:14.3740920+05:30"
"1934","defect-inspection-station-event-recording","OpenMakerProjects/defect-inspection-station-event-recording","public","failed","False","https://github.com/OpenMakerProjects/defect-inspection-station-event-recording","Could not create OpenMakerProjects/defect-inspection-station-event-recording
error connecting to api.github.com
check your internet connection or https://githubstatus.com","2026-10-02T16:26:15.0121906+05:30"
"1935","defect-inspection-station-model-update-portal","OpenMakerProjects/defect-inspection-station-model-update-portal","public","failed","False","https://github.com/OpenMakerProjects/defect-inspection-station-model-update-portal","Could not create OpenMakerProjects/defect-inspection-station-model-update-portal
error connecting to api.github.com
check your internet connection or https://githubstatus.com","2026-10-02T16:26:15.6659810+05:30"
"1936","defect-inspection-station-confidence-dashboard","OpenMakerProjects/defect-inspection-station-confidence-dashboard","public","failed","False","https://github.com/OpenMakerProjects/defect-inspection-station-confidence-dashboard","Could not create OpenMakerProjects/defect-inspection-station-confidence-dashboard
error connecting to api.github.com
check your internet connection or https://githubstatus.com","2026-10-02T16:26:16.3129895+05:30"
"1937","defect-inspection-station-dataset-capture","OpenMakerProjects/defect-inspection-station-dataset-capture","public","failed","False","https://github.com/OpenMakerProjects/defect-inspection-station-dataset-capture","Could not create OpenMakerProjects/defect-inspection-station-dataset-capture
error connecting to api.github.com
check your internet connection or https://githubstatus.com","2026-10-02T16:26:16.9694796+05:30"
"1938","defect-inspection-station-low-light-imaging","OpenMakerProjects/defect-inspection-station-low-light-imaging","public","failed","False","https://github.com/OpenMakerProjects/defect-inspection-station-low-light-imaging","Could not create OpenMakerProjects/defect-inspection-station-low-light-imaging
error connecting to api.github.com
check your internet connection or https://githubstatus.com","2026-10-02T16:26:17.6430192+05:30"
"1939","defect-inspection-station-edge-alerting","OpenMakerProjects/defect-inspection-station-edge-alerting","public","failed","False","https://github.com/OpenMakerProjects/defect-inspection-station-edge-alerting","Could not create OpenMakerProjects/defect-inspection-station-edge-alerting
error connecting to api.github.com
check your internet connection or https://githubstatus.com","2026-10-02T16:26:18.3255602+05:30"
"1940","defect-inspection-station-human-review-queue","OpenMakerProjects/defect-inspection-station-human-review-queue","public","failed","False","https://github.com/OpenMakerProjects/defect-inspection-station-human-review-queue","Could not create OpenMakerProjects/defect-inspection-station-human-review-queue
error connecting to api.github.com
check your internet connection or https://githubstatus.com","2026-10-02T16:26:19.0235907+05:30"
"1941","people-flow-counter-on-device-classification","OpenMakerProjects/people-flow-counter-on-device-classification","public","failed","False","https://github.com/OpenMakerProjects/people-flow-counter-on-device-classification","Could not create OpenMakerProjects/people-flow-counter-on-device-classification
error connecting to api.github.com
check your internet connection or https://githubstatus.com","2026-10-02T16:26:19.7140832+05:30"
"1942","people-flow-counter-object-detection","OpenMakerProjects/people-flow-counter-object-detection","public","failed","False","https://github.com/OpenMakerProjects/people-flow-counter-object-detection","Could not create OpenMakerProjects/people-flow-counter-object-detection
error connecting to api.github.com
check your internet connection or https://githubstatus.com","2026-10-02T16:26:20.3706009+05:30"
"1943","people-flow-counter-privacy-masking","OpenMakerProjects/people-flow-counter-privacy-masking","public","failed","False","https://github.com/OpenMakerProjects/people-flow-counter-privacy-masking","Could not create OpenMakerProjects/people-flow-counter-privacy-masking
error connecting to api.github.com
check your internet connection or https://githubstatus.com","2026-10-02T16:26:21.0333596+05:30"
"1944","people-flow-counter-event-recording","OpenMakerProjects/people-flow-counter-event-recording","public","failed","False","https://github.com/OpenMakerProjects/people-flow-counter-event-recording","Could not create OpenMakerProjects/people-flow-counter-event-recording
error connecting to api.github.com
check your internet connection or https://githubstatus.com","2026-10-02T16:26:21.6605655+05:30"
"1945","people-flow-counter-model-update-portal","OpenMakerProjects/people-flow-counter-model-update-portal","public","failed","False","https://github.com/OpenMakerProjects/people-flow-counter-model-update-portal","Could not create OpenMakerProjects/people-flow-counter-model-update-portal
error connecting to api.github.com
check your internet connection or https://githubstatus.com","2026-10-02T16:26:22.3187357+05:30"
"1946","people-flow-counter-confidence-dashboard","OpenMakerProjects/people-flow-counter-confidence-dashboard","public","failed","False","https://github.com/OpenMakerProjects/people-flow-counter-confidence-dashboard","Could not create OpenMakerProjects/people-flow-counter-confidence-dashboard
error connecting to api.github.com
check your internet connection or https://githubstatus.com","2026-10-02T16:26:22.9783812+05:30"
"1947","people-flow-counter-dataset-capture","OpenMakerProjects/people-flow-counter-dataset-capture","public","failed","False","https://github.com/OpenMakerProjects/people-flow-counter-dataset-capture","Could not create OpenMakerProjects/people-flow-counter-dataset-capture
error connecting to api.github.com
check your internet connection or https://githubstatus.com","2026-10-02T16:26:23.6843802+05:30"
"1948","people-flow-counter-low-light-imaging","OpenMakerProjects/people-flow-counter-low-light-imaging","public","failed","False","https://github.com/OpenMakerProjects/people-flow-counter-low-light-imaging","Could not create OpenMakerProjects/people-flow-counter-low-light-imaging
error connecting to api.github.com
check your internet connection or https://githubstatus.com","2026-10-02T16:26:24.3725369+05:30"
"1949","people-flow-counter-edge-alerting","OpenMakerProjects/people-flow-counter-edge-alerting","public","failed","False","https://github.com/OpenMakerProjects/people-flow-counter-edge-alerting","Could not create OpenMakerProjects/people-flow-counter-edge-alerting
error connecting to api.github.com
check your internet connection or https://githubstatus.com","2026-10-02T16:26:25.0130162+05:30"
"1950","people-flow-counter-human-review-queue","OpenMakerProjects/people-flow-counter-human-review-queue","public","failed","False","https://github.com/OpenMakerProjects/people-flow-counter-human-review-queue","Could not create OpenMakerProjects/people-flow-counter-human-review-queue
error connecting to api.github.com
check your internet connection or https://githubstatus.com","2026-10-02T16:26:25.6705005+05:30"
"1951","plant-growth-camera-on-device-classification","OpenMakerProjects/plant-growth-camera-on-device-classification","public","failed","False","https://github.com/OpenMakerProjects/plant-growth-camera-on-device-classification","Could not create OpenMakerProjects/plant-growth-camera-on-device-classification
error connecting to api.github.com
check your internet connection or https://githubstatus.com","2026-10-02T16:26:26.3288941+05:30"
"1952","plant-growth-camera-object-detection","OpenMakerProjects/plant-growth-camera-object-detection","public","failed","False","https://github.com/OpenMakerProjects/plant-growth-camera-object-detection","Could not create OpenMakerProjects/plant-growth-camera-object-detection
error connecting to api.github.com
check your internet connection or https://githubstatus.com","2026-10-02T16:26:26.9772720+05:30"
"1953","plant-growth-camera-privacy-masking","OpenMakerProjects/plant-growth-camera-privacy-masking","public","failed","False","https://github.com/OpenMakerProjects/plant-growth-camera-privacy-masking","Could not create OpenMakerProjects/plant-growth-camera-privacy-masking
error connecting to api.github.com
check your internet connection or https://githubstatus.com","2026-10-02T16:26:27.6342074+05:30"
"1954","plant-growth-camera-event-recording","OpenMakerProjects/plant-growth-camera-event-recording","public","failed","False","https://github.com/OpenMakerProjects/plant-growth-camera-event-recording","Could not create OpenMakerProjects/plant-growth-camera-event-recording
error connecting to api.github.com
check your internet connection or https://githubstatus.com","2026-10-02T16:26:28.3215162+05:30"
"1955","plant-growth-camera-model-update-portal","OpenMakerProjects/plant-growth-camera-model-update-portal","public","failed","False","https://github.com/OpenMakerProjects/plant-growth-camera-model-update-portal","Could not create OpenMakerProjects/plant-growth-camera-model-update-portal
error connecting to api.github.com
check your internet connection or https://githubstatus.com","2026-10-02T16:26:28.9830188+05:30"
"1956","plant-growth-camera-confidence-dashboard","OpenMakerProjects/plant-growth-camera-confidence-dashboard","public","failed","False","https://github.com/OpenMakerProjects/plant-growth-camera-confidence-dashboard","Could not create OpenMakerProjects/plant-growth-camera-confidence-dashboard
error connecting to api.github.com
check your internet connection or https://githubstatus.com","2026-10-02T16:26:29.6946238+05:30"
"1957","plant-growth-camera-dataset-capture","OpenMakerProjects/plant-growth-camera-dataset-capture","public","failed","False","https://github.com/OpenMakerProjects/plant-growth-camera-dataset-capture","Could not create OpenMakerProjects/plant-growth-camera-dataset-capture
error connecting to api.github.com
check your internet connection or https://githubstatus.com","2026-10-02T16:26:30.3534578+05:30"
"1958","plant-growth-camera-low-light-imaging","OpenMakerProjects/plant-growth-camera-low-light-imaging","public","failed","False","https://github.com/OpenMakerProjects/plant-growth-camera-low-light-imaging","Could not create OpenMakerProjects/plant-growth-camera-low-light-imaging
error connecting to api.github.com
check your internet connection or https://githubstatus.com","2026-10-02T16:26:31.0011452+05:30"
"1959","plant-growth-camera-edge-alerting","OpenMakerProjects/plant-growth-camera-edge-alerting","public","failed","False","https://github.com/OpenMakerProjects/plant-growth-camera-edge-alerting","Could not create OpenMakerProjects/plant-growth-camera-edge-alerting
error connecting to api.github.com
check your internet connection or https://githubstatus.com","2026-10-02T16:26:31.6444884+05:30"
"1960","plant-growth-camera-human-review-queue","OpenMakerProjects/plant-growth-camera-human-review-queue","public","failed","False","https://github.com/OpenMakerProjects/plant-growth-camera-human-review-queue","Could not create OpenMakerProjects/plant-growth-camera-human-review-queue
error connecting to api.github.com
check your internet connection or https://githubstatus.com","2026-10-02T16:26:32.3102037+05:30"
"1961","package-label-reader-on-device-classification","OpenMakerProjects/package-label-reader-on-device-classification","public","failed","False","https://github.com/OpenMakerProjects/package-label-reader-on-device-classification","Could not create OpenMakerProjects/package-label-reader-on-device-classification
error connecting to api.github.com
check your internet connection or https://githubstatus.com","2026-10-02T16:26:32.9598073+05:30"
"1962","package-label-reader-object-detection","OpenMakerProjects/package-label-reader-object-detection","public","failed","False","https://github.com/OpenMakerProjects/package-label-reader-object-detection","Could not create OpenMakerProjects/package-label-reader-object-detection
error connecting to api.github.com
check your internet connection or https://githubstatus.com","2026-10-02T16:26:33.6061876+05:30"
"1963","package-label-reader-privacy-masking","OpenMakerProjects/package-label-reader-privacy-masking","public","failed","False","https://github.com/OpenMakerProjects/package-label-reader-privacy-masking","Could not create OpenMakerProjects/package-label-reader-privacy-masking
error connecting to api.github.com
check your internet connection or https://githubstatus.com","2026-10-02T16:26:34.2707543+05:30"
"1964","package-label-reader-event-recording","OpenMakerProjects/package-label-reader-event-recording","public","failed","False","https://github.com/OpenMakerProjects/package-label-reader-event-recording","Could not create OpenMakerProjects/package-label-reader-event-recording
error connecting to api.github.com
check your internet connection or https://githubstatus.com","2026-10-02T16:26:34.9390877+05:30"
"1965","package-label-reader-model-update-portal","OpenMakerProjects/package-label-reader-model-update-portal","public","failed","False","https://github.com/OpenMakerProjects/package-label-reader-model-update-portal","Could not create OpenMakerProjects/package-label-reader-model-update-portal
error connecting to api.github.com
check your internet connection or https://githubstatus.com","2026-10-02T16:26:35.6568586+05:30"
"1966","package-label-reader-confidence-dashboard","OpenMakerProjects/package-label-reader-confidence-dashboard","public","failed","False","https://github.com/OpenMakerProjects/package-label-reader-confidence-dashboard","Could not create OpenMakerProjects/package-label-reader-confidence-dashboard
error connecting to api.github.com
check your internet connection or https://githubstatus.com","2026-10-02T16:26:36.3432206+05:30"
"1967","package-label-reader-dataset-capture","OpenMakerProjects/package-label-reader-dataset-capture","public","failed","False","https://github.com/OpenMakerProjects/package-label-reader-dataset-capture","Could not create OpenMakerProjects/package-label-reader-dataset-capture
error connecting to api.github.com
check your internet connection or https://githubstatus.com","2026-10-02T16:26:36.9726488+05:30"
"1968","package-label-reader-low-light-imaging","OpenMakerProjects/package-label-reader-low-light-imaging","public","failed","False","https://github.com/OpenMakerProjects/package-label-reader-low-light-imaging","Could not create OpenMakerProjects/package-label-reader-low-light-imaging
error connecting to api.github.com
check your internet connection or https://githubstatus.com","2026-10-02T16:26:37.6348961+05:30"
"1969","package-label-reader-edge-alerting","OpenMakerProjects/package-label-reader-edge-alerting","public","failed","False","https://github.com/OpenMakerProjects/package-label-reader-edge-alerting","Could not create OpenMakerProjects/package-label-reader-edge-alerting
error connecting to api.github.com
check your internet connection or https://githubstatus.com","2026-10-02T16:26:38.2936139+05:30"
"1970","package-label-reader-human-review-queue","OpenMakerProjects/package-label-reader-human-review-queue","public","failed","False","https://github.com/OpenMakerProjects/package-label-reader-human-review-queue","Could not create OpenMakerProjects/package-label-reader-human-review-queue
error connecting to api.github.com
check your internet connection or https://githubstatus.com","2026-10-02T16:26:38.9556317+05:30"
"1971","safety-gear-detector-on-device-classification","OpenMakerProjects/safety-gear-detector-on-device-classification","public","failed","False","https://github.com/OpenMakerProjects/safety-gear-detector-on-device-classification","Could not create OpenMakerProjects/safety-gear-detector-on-device-classification
error connecting to api.github.com
check your internet connection or https://githubstatus.com","2026-10-02T16:26:39.5928983+05:30"
"1972","safety-gear-detector-object-detection","OpenMakerProjects/safety-gear-detector-object-detection","public","failed","False","https://github.com/OpenMakerProjects/safety-gear-detector-object-detection","Could not create OpenMakerProjects/safety-gear-detector-object-detection
error connecting to api.github.com
check your internet connection or https://githubstatus.com","2026-10-02T16:26:40.2485209+05:30"
"1973","safety-gear-detector-privacy-masking","OpenMakerProjects/safety-gear-detector-privacy-masking","public","failed","False","https://github.com/OpenMakerProjects/safety-gear-detector-privacy-masking","Could not create OpenMakerProjects/safety-gear-detector-privacy-masking
error connecting to api.github.com
check your internet connection or https://githubstatus.com","2026-10-02T16:26:40.9016918+05:30"
"1974","safety-gear-detector-event-recording","OpenMakerProjects/safety-gear-detector-event-recording","public","failed","False","https://github.com/OpenMakerProjects/safety-gear-detector-event-recording","Could not create OpenMakerProjects/safety-gear-detector-event-recording
error connecting to api.github.com
check your internet connection or https://githubstatus.com","2026-10-02T16:26:41.5518622+05:30"
"1975","safety-gear-detector-model-update-portal","OpenMakerProjects/safety-gear-detector-model-update-portal","public","failed","False","https://github.com/OpenMakerProjects/safety-gear-detector-model-update-portal","Could not create OpenMakerProjects/safety-gear-detector-model-update-portal
error connecting to api.github.com
check your internet connection or https://githubstatus.com","2026-10-02T16:26:42.2304742+05:30"
"1976","safety-gear-detector-confidence-dashboard","OpenMakerProjects/safety-gear-detector-confidence-dashboard","public","failed","False","https://github.com/OpenMakerProjects/safety-gear-detector-confidence-dashboard","Could not create OpenMakerProjects/safety-gear-detector-confidence-dashboard
error connecting to api.github.com
check your internet connection or https://githubstatus.com","2026-10-02T16:26:42.8802319+05:30"
"1977","safety-gear-detector-dataset-capture","OpenMakerProjects/safety-gear-detector-dataset-capture","public","failed","False","https://github.com/OpenMakerProjects/safety-gear-detector-dataset-capture","Could not create OpenMakerProjects/safety-gear-detector-dataset-capture
error connecting to api.github.com
check your internet connection or https://githubstatus.com","2026-10-02T16:26:43.5158930+05:30"
"1978","safety-gear-detector-low-light-imaging","OpenMakerProjects/safety-gear-detector-low-light-imaging","public","failed","False","https://github.com/OpenMakerProjects/safety-gear-detector-low-light-imaging","Could not create OpenMakerProjects/safety-gear-detector-low-light-imaging
error connecting to api.github.com
check your internet connection or https://githubstatus.com","2026-10-02T16:26:44.1991093+05:30"
"1979","safety-gear-detector-edge-alerting","OpenMakerProjects/safety-gear-detector-edge-alerting","public","failed","False","https://github.com/OpenMakerProjects/safety-gear-detector-edge-alerting","Could not create OpenMakerProjects/safety-gear-detector-edge-alerting
error connecting to api.github.com
check your internet connection or https://githubstatus.com","2026-10-02T16:26:44.8396960+05:30"
"1980","safety-gear-detector-human-review-queue","OpenMakerProjects/safety-gear-detector-human-review-queue","public","failed","False","https://github.com/OpenMakerProjects/safety-gear-detector-human-review-queue","Could not create OpenMakerProjects/safety-gear-detector-human-review-queue
error connecting to api.github.com
check your internet connection or https://githubstatus.com","2026-10-02T16:26:45.4749452+05:30"
"1981","gesture-recognition-camera-on-device-classification","OpenMakerProjects/gesture-recognition-camera-on-device-classification","public","failed","False","https://github.com/OpenMakerProjects/gesture-recognition-camera-on-device-classification","Could not create OpenMakerProjects/gesture-recognition-camera-on-device-classification
error connecting to api.github.com
check your internet connection or https://githubstatus.com","2026-10-02T16:26:46.1314527+05:30"
"1982","gesture-recognition-camera-object-detection","OpenMakerProjects/gesture-recognition-camera-object-detection","public","failed","False","https://github.com/OpenMakerProjects/gesture-recognition-camera-object-detection","Could not create OpenMakerProjects/gesture-recognition-camera-object-detection
error connecting to api.github.com
check your internet connection or https://githubstatus.com","2026-10-02T16:26:46.7951224+05:30"
"1983","gesture-recognition-camera-privacy-masking","OpenMakerProjects/gesture-recognition-camera-privacy-masking","public","failed","False","https://github.com/OpenMakerProjects/gesture-recognition-camera-privacy-masking","Could not create OpenMakerProjects/gesture-recognition-camera-privacy-masking
error connecting to api.github.com
check your internet connection or https://githubstatus.com","2026-10-02T16:26:47.4475452+05:30"
"1984","gesture-recognition-camera-event-recording","OpenMakerProjects/gesture-recognition-camera-event-recording","public","failed","False","https://github.com/OpenMakerProjects/gesture-recognition-camera-event-recording","Could not create OpenMakerProjects/gesture-recognition-camera-event-recording
error connecting to api.github.com
check your internet connection or https://githubstatus.com","2026-10-02T16:26:48.1379166+05:30"
"1985","gesture-recognition-camera-model-update-portal","OpenMakerProjects/gesture-recognition-camera-model-update-portal","public","failed","False","https://github.com/OpenMakerProjects/gesture-recognition-camera-model-update-portal","Could not create OpenMakerProjects/gesture-recognition-camera-model-update-portal
error connecting to api.github.com
check your internet connection or https://githubstatus.com","2026-10-02T16:26:48.7933055+05:30"
"1986","gesture-recognition-camera-confidence-dashboard","OpenMakerProjects/gesture-recognition-camera-confidence-dashboard","public","failed","False","https://github.com/OpenMakerProjects/gesture-recognition-camera-confidence-dashboard","Could not create OpenMakerProjects/gesture-recognition-camera-confidence-dashboard
error connecting to api.github.com
check your internet connection or https://githubstatus.com","2026-10-02T16:26:49.4421901+05:30"
"1987","gesture-recognition-camera-dataset-capture","OpenMakerProjects/gesture-recognition-camera-dataset-capture","public","failed","False","https://github.com/OpenMakerProjects/gesture-recognition-camera-dataset-capture","Could not create OpenMakerProjects/gesture-recognition-camera-dataset-capture
error connecting to api.github.com
check your internet connection or https://githubstatus.com","2026-10-02T16:26:50.1143508+05:30"
"1988","gesture-recognition-camera-low-light-imaging","OpenMakerProjects/gesture-recognition-camera-low-light-imaging","public","failed","False","https://github.com/OpenMakerProjects/gesture-recognition-camera-low-light-imaging","Could not create OpenMakerProjects/gesture-recognition-camera-low-light-imaging
error connecting to api.github.com
check your internet connection or https://githubstatus.com","2026-10-02T16:26:50.7814433+05:30"
"1989","gesture-recognition-camera-edge-alerting","OpenMakerProjects/gesture-recognition-camera-edge-alerting","public","failed","False","https://github.com/OpenMakerProjects/gesture-recognition-camera-edge-alerting","Could not create OpenMakerProjects/gesture-recognition-camera-edge-alerting
error connecting to api.github.com
check your internet connection or https://githubstatus.com","2026-10-02T16:26:51.4674703+05:30"
"1990","gesture-recognition-camera-human-review-queue","OpenMakerProjects/gesture-recognition-camera-human-review-queue","public","failed","False","https://github.com/OpenMakerProjects/gesture-recognition-camera-human-review-queue","Could not create OpenMakerProjects/gesture-recognition-camera-human-review-queue
error connecting to api.github.com
check your internet connection or https://githubstatus.com","2026-10-02T16:26:52.1050666+05:30"
"1991","tabletop-object-sorter-on-device-classification","OpenMakerProjects/tabletop-object-sorter-on-device-classification","public","failed","False","https://github.com/OpenMakerProjects/tabletop-object-sorter-on-device-classification","Could not create OpenMakerProjects/tabletop-object-sorter-on-device-classification
error connecting to api.github.com
check your internet connection or https://githubstatus.com","2026-10-02T16:26:52.7409250+05:30"
"1992","tabletop-object-sorter-object-detection","OpenMakerProjects/tabletop-object-sorter-object-detection","public","failed","False","https://github.com/OpenMakerProjects/tabletop-object-sorter-object-detection","Could not create OpenMakerProjects/tabletop-object-sorter-object-detection
error connecting to api.github.com
check your internet connection or https://githubstatus.com","2026-10-02T16:26:53.3959639+05:30"
"1993","tabletop-object-sorter-privacy-masking","OpenMakerProjects/tabletop-object-sorter-privacy-masking","public","failed","False","https://github.com/OpenMakerProjects/tabletop-object-sorter-privacy-masking","Could not create OpenMakerProjects/tabletop-object-sorter-privacy-masking
error connecting to api.github.com
check your internet connection or https://githubstatus.com","2026-10-02T16:26:54.0300213+05:30"
"1994","tabletop-object-sorter-event-recording","OpenMakerProjects/tabletop-object-sorter-event-recording","public","failed","False","https://github.com/OpenMakerProjects/tabletop-object-sorter-event-recording","Could not create OpenMakerProjects/tabletop-object-sorter-event-recording
error connecting to api.github.com
check your internet connection or https://githubstatus.com","2026-10-02T16:26:54.6763775+05:30"
"1995","tabletop-object-sorter-model-update-portal","OpenMakerProjects/tabletop-object-sorter-model-update-portal","public","failed","False","https://github.com/OpenMakerProjects/tabletop-object-sorter-model-update-portal","Could not create OpenMakerProjects/tabletop-object-sorter-model-update-portal
error connecting to api.github.com
check your internet connection or https://githubstatus.com","2026-10-02T16:26:55.3186923+05:30"
"1996","tabletop-object-sorter-confidence-dashboard","OpenMakerProjects/tabletop-object-sorter-confidence-dashboard","public","failed","False","https://github.com/OpenMakerProjects/tabletop-object-sorter-confidence-dashboard","Could not create OpenMakerProjects/tabletop-object-sorter-confidence-dashboard
error connecting to api.github.com
check your internet connection or https://githubstatus.com","2026-10-02T16:26:55.9429620+05:30"
"1997","tabletop-object-sorter-dataset-capture","OpenMakerProjects/tabletop-object-sorter-dataset-capture","public","failed","False","https://github.com/OpenMakerProjects/tabletop-object-sorter-dataset-capture","Could not create OpenMakerProjects/tabletop-object-sorter-dataset-capture
error connecting to api.github.com
check your internet connection or https://githubstatus.com","2026-10-02T16:26:56.5777910+05:30"
"1998","tabletop-object-sorter-low-light-imaging","OpenMakerProjects/tabletop-object-sorter-low-light-imaging","public","failed","False","https://github.com/OpenMakerProjects/tabletop-object-sorter-low-light-imaging","Could not create OpenMakerProjects/tabletop-object-sorter-low-light-imaging
error connecting to api.github.com
check your internet connection or https://githubstatus.com","2026-10-02T16:26:57.2200474+05:30"
"1999","tabletop-object-sorter-edge-alerting","OpenMakerProjects/tabletop-object-sorter-edge-alerting","public","failed","False","https://github.com/OpenMakerProjects/tabletop-object-sorter-edge-alerting","Could not create OpenMakerProjects/tabletop-object-sorter-edge-alerting
error connecting to api.github.com
check your internet connection or https://githubstatus.com","2026-10-02T16:26:57.8654722+05:30"
"2000","tabletop-object-sorter-human-review-queue","OpenMakerProjects/tabletop-object-sorter-human-review-queue","public","failed","False","https://github.com/OpenMakerProjects/tabletop-object-sorter-human-review-queue","Could not create OpenMakerProjects/tabletop-object-sorter-human-review-queue
error connecting to api.github.com
check your internet connection or https://githubstatus.com","2026-10-02T16:26:58.5167929+05:30"
"2001","aquarium-control-station-quality-monitoring","OpenMakerProjects/aquarium-control-station-quality-monitoring","public","failed","False","https://github.com/OpenMakerProjects/aquarium-control-station-quality-monitoring","Could not create OpenMakerProjects/aquarium-control-station-quality-monitoring
error connecting to api.github.com
check your internet connection or https://githubstatus.com","2026-10-02T16:26:59.1667665+05:30"
"2002","aquarium-control-station-automatic-dosing","OpenMakerProjects/aquarium-control-station-automatic-dosing","public","failed","False","https://github.com/OpenMakerProjects/aquarium-control-station-automatic-dosing","Could not create OpenMakerProjects/aquarium-control-station-automatic-dosing
error connecting to api.github.com
check your internet connection or https://githubstatus.com","2026-10-02T16:26:59.8371887+05:30"
"2003","aquarium-control-station-leak-alerts","OpenMakerProjects/aquarium-control-station-leak-alerts","public","failed","False","https://github.com/OpenMakerProjects/aquarium-control-station-leak-alerts","Could not create OpenMakerProjects/aquarium-control-station-leak-alerts
error connecting to api.github.com
check your internet connection or https://githubstatus.com","2026-10-02T16:27:00.5022493+05:30"
"2004","aquarium-control-station-level-control","OpenMakerProjects/aquarium-control-station-level-control","public","failed","False","https://github.com/OpenMakerProjects/aquarium-control-station-level-control","Could not create OpenMakerProjects/aquarium-control-station-level-control
error connecting to api.github.com
check your internet connection or https://githubstatus.com","2026-10-02T16:27:01.1878724+05:30"
"2005","aquarium-control-station-pump-protection","OpenMakerProjects/aquarium-control-station-pump-protection","public","failed","False","https://github.com/OpenMakerProjects/aquarium-control-station-pump-protection","Could not create OpenMakerProjects/aquarium-control-station-pump-protection
error connecting to api.github.com
check your internet connection or https://githubstatus.com","2026-10-02T16:27:01.9214797+05:30"
"2006","aquarium-control-station-solar-telemetry","OpenMakerProjects/aquarium-control-station-solar-telemetry","public","failed","False","https://github.com/OpenMakerProjects/aquarium-control-station-solar-telemetry","Could not create OpenMakerProjects/aquarium-control-station-solar-telemetry
error connecting to api.github.com
check your internet connection or https://githubstatus.com","2026-10-02T16:27:02.5973930+05:30"
"2007","aquarium-control-station-consumption-analytics","OpenMakerProjects/aquarium-control-station-consumption-analytics","public","failed","False","https://github.com/OpenMakerProjects/aquarium-control-station-consumption-analytics","Could not create OpenMakerProjects/aquarium-control-station-consumption-analytics
error connecting to api.github.com
check your internet connection or https://githubstatus.com","2026-10-02T16:27:03.2428356+05:30"
"2008","aquarium-control-station-freeze-protection","OpenMakerProjects/aquarium-control-station-freeze-protection","public","failed","False","https://github.com/OpenMakerProjects/aquarium-control-station-freeze-protection","Could not create OpenMakerProjects/aquarium-control-station-freeze-protection
error connecting to api.github.com
check your internet connection or https://githubstatus.com","2026-10-02T16:27:03.8836656+05:30"
"2009","aquarium-control-station-maintenance-reminders","OpenMakerProjects/aquarium-control-station-maintenance-reminders","public","failed","False","https://github.com/OpenMakerProjects/aquarium-control-station-maintenance-reminders","Could not create OpenMakerProjects/aquarium-control-station-maintenance-reminders
error connecting to api.github.com
check your internet connection or https://githubstatus.com","2026-10-02T16:27:04.5033383+05:30"
"2010","aquarium-control-station-public-data-display","OpenMakerProjects/aquarium-control-station-public-data-display","public","failed","False","https://github.com/OpenMakerProjects/aquarium-control-station-public-data-display","Could not create OpenMakerProjects/aquarium-control-station-public-data-display
error connecting to api.github.com
check your internet connection or https://githubstatus.com","2026-10-02T16:27:05.1276485+05:30"
"2011","pond-health-monitor-quality-monitoring","OpenMakerProjects/pond-health-monitor-quality-monitoring","public","failed","False","https://github.com/OpenMakerProjects/pond-health-monitor-quality-monitoring","Could not create OpenMakerProjects/pond-health-monitor-quality-monitoring
error connecting to api.github.com
check your internet connection or https://githubstatus.com","2026-10-02T16:27:05.7632127+05:30"
"2012","pond-health-monitor-automatic-dosing","OpenMakerProjects/pond-health-monitor-automatic-dosing","public","failed","False","https://github.com/OpenMakerProjects/pond-health-monitor-automatic-dosing","Could not create OpenMakerProjects/pond-health-monitor-automatic-dosing
error connecting to api.github.com
check your internet connection or https://githubstatus.com","2026-10-02T16:27:06.4188726+05:30"
"2013","pond-health-monitor-leak-alerts","OpenMakerProjects/pond-health-monitor-leak-alerts","public","failed","False","https://github.com/OpenMakerProjects/pond-health-monitor-leak-alerts","Could not create OpenMakerProjects/pond-health-monitor-leak-alerts
error connecting to api.github.com
check your internet connection or https://githubstatus.com","2026-10-02T16:27:07.0777534+05:30"
"2014","pond-health-monitor-level-control","OpenMakerProjects/pond-health-monitor-level-control","public","failed","False","https://github.com/OpenMakerProjects/pond-health-monitor-level-control","Could not create OpenMakerProjects/pond-health-monitor-level-control
error connecting to api.github.com
check your internet connection or https://githubstatus.com","2026-10-02T16:27:07.7300580+05:30"
"2015","pond-health-monitor-pump-protection","OpenMakerProjects/pond-health-monitor-pump-protection","public","failed","False","https://github.com/OpenMakerProjects/pond-health-monitor-pump-protection","Could not create OpenMakerProjects/pond-health-monitor-pump-protection
error connecting to api.github.com
check your internet connection or https://githubstatus.com","2026-10-02T16:27:08.3579965+05:30"
"2016","pond-health-monitor-solar-telemetry","OpenMakerProjects/pond-health-monitor-solar-telemetry","public","failed","False","https://github.com/OpenMakerProjects/pond-health-monitor-solar-telemetry","Could not create OpenMakerProjects/pond-health-monitor-solar-telemetry
error connecting to api.github.com
check your internet connection or https://githubstatus.com","2026-10-02T16:27:09.0071267+05:30"
"2017","pond-health-monitor-consumption-analytics","OpenMakerProjects/pond-health-monitor-consumption-analytics","public","failed","False","https://github.com/OpenMakerProjects/pond-health-monitor-consumption-analytics","Could not create OpenMakerProjects/pond-health-monitor-consumption-analytics
error connecting to api.github.com
check your internet connection or https://githubstatus.com","2026-10-02T16:27:09.6852246+05:30"
"2018","pond-health-monitor-freeze-protection","OpenMakerProjects/pond-health-monitor-freeze-protection","public","failed","False","https://github.com/OpenMakerProjects/pond-health-monitor-freeze-protection","Could not create OpenMakerProjects/pond-health-monitor-freeze-protection
error connecting to api.github.com
check your internet connection or https://githubstatus.com","2026-10-02T16:27:10.3627397+05:30"
"2019","pond-health-monitor-maintenance-reminders","OpenMakerProjects/pond-health-monitor-maintenance-reminders","public","failed","False","https://github.com/OpenMakerProjects/pond-health-monitor-maintenance-reminders","Could not create OpenMakerProjects/pond-health-monitor-maintenance-reminders
error connecting to api.github.com
check your internet connection or https://githubstatus.com","2026-10-02T16:27:10.9919473+05:30"
"2020","pond-health-monitor-public-data-display","OpenMakerProjects/pond-health-monitor-public-data-display","public","failed","False","https://github.com/OpenMakerProjects/pond-health-monitor-public-data-display","Could not create OpenMakerProjects/pond-health-monitor-public-data-display
error connecting to api.github.com
check your internet connection or https://githubstatus.com","2026-10-02T16:27:11.6212262+05:30"
"2021","rainwater-tank-controller-quality-monitoring","OpenMakerProjects/rainwater-tank-controller-quality-monitoring","public","failed","False","https://github.com/OpenMakerProjects/rainwater-tank-controller-quality-monitoring","Could not create OpenMakerProjects/rainwater-tank-controller-quality-monitoring
error connecting to api.github.com
check your internet connection or https://githubstatus.com","2026-10-02T16:27:12.2537865+05:30"
"2022","rainwater-tank-controller-automatic-dosing","OpenMakerProjects/rainwater-tank-controller-automatic-dosing","public","failed","False","https://github.com/OpenMakerProjects/rainwater-tank-controller-automatic-dosing","Could not create OpenMakerProjects/rainwater-tank-controller-automatic-dosing
error connecting to api.github.com
check your internet connection or https://githubstatus.com","2026-10-02T16:27:12.9036346+05:30"
"2023","rainwater-tank-controller-leak-alerts","OpenMakerProjects/rainwater-tank-controller-leak-alerts","public","failed","False","https://github.com/OpenMakerProjects/rainwater-tank-controller-leak-alerts","Could not create OpenMakerProjects/rainwater-tank-controller-leak-alerts
error connecting to api.github.com
check your internet connection or https://githubstatus.com","2026-10-02T16:27:13.5078964+05:30"
"2024","rainwater-tank-controller-level-control","OpenMakerProjects/rainwater-tank-controller-level-control","public","failed","False","https://github.com/OpenMakerProjects/rainwater-tank-controller-level-control","Could not create OpenMakerProjects/rainwater-tank-controller-level-control
error connecting to api.github.com
check your internet connection or https://githubstatus.com","2026-10-02T16:27:14.1362320+05:30"
"2025","rainwater-tank-controller-pump-protection","OpenMakerProjects/rainwater-tank-controller-pump-protection","public","failed","False","https://github.com/OpenMakerProjects/rainwater-tank-controller-pump-protection","Could not create OpenMakerProjects/rainwater-tank-controller-pump-protection
error connecting to api.github.com
check your internet connection or https://githubstatus.com","2026-10-02T16:27:14.7582718+05:30"
"2026","rainwater-tank-controller-solar-telemetry","OpenMakerProjects/rainwater-tank-controller-solar-telemetry","public","failed","False","https://github.com/OpenMakerProjects/rainwater-tank-controller-solar-telemetry","Could not create OpenMakerProjects/rainwater-tank-controller-solar-telemetry
error connecting to api.github.com
check your internet connection or https://githubstatus.com","2026-10-02T16:27:15.4176819+05:30"
"2027","rainwater-tank-controller-consumption-analytics","OpenMakerProjects/rainwater-tank-controller-consumption-analytics","public","failed","False","https://github.com/OpenMakerProjects/rainwater-tank-controller-consumption-analytics","Could not create OpenMakerProjects/rainwater-tank-controller-consumption-analytics
error connecting to api.github.com
check your internet connection or https://githubstatus.com","2026-10-02T16:27:16.3852150+05:30"
"2028","rainwater-tank-controller-freeze-protection","OpenMakerProjects/rainwater-tank-controller-freeze-protection","public","failed","False","https://github.com/OpenMakerProjects/rainwater-tank-controller-freeze-protection","Could not create OpenMakerProjects/rainwater-tank-controller-freeze-protection
error connecting to api.github.com
check your internet connection or https://githubstatus.com","2026-10-02T16:27:17.2041669+05:30"
"2029","rainwater-tank-controller-maintenance-reminders","OpenMakerProjects/rainwater-tank-controller-maintenance-reminders","public","failed","False","https://github.com/OpenMakerProjects/rainwater-tank-controller-maintenance-reminders","Could not create OpenMakerProjects/rainwater-tank-controller-maintenance-reminders
error connecting to api.github.com
check your internet connection or https://githubstatus.com","2026-10-02T16:27:17.8504084+05:30"
"2030","rainwater-tank-controller-public-data-display","OpenMakerProjects/rainwater-tank-controller-public-data-display","public","failed","False","https://github.com/OpenMakerProjects/rainwater-tank-controller-public-data-display","Could not create OpenMakerProjects/rainwater-tank-controller-public-data-display
error connecting to api.github.com
check your internet connection or https://githubstatus.com","2026-10-02T16:27:18.4713400+05:30"
"2031","leak-localization-network-quality-monitoring","OpenMakerProjects/leak-localization-network-quality-monitoring","public","failed","False","https://github.com/OpenMakerProjects/leak-localization-network-quality-monitoring","Could not create OpenMakerProjects/leak-localization-network-quality-monitoring
error connecting to api.github.com
check your internet connection or https://githubstatus.com","2026-10-02T16:27:19.1045230+05:30"
"2032","leak-localization-network-automatic-dosing","OpenMakerProjects/leak-localization-network-automatic-dosing","public","failed","False","https://github.com/OpenMakerProjects/leak-localization-network-automatic-dosing","Could not create OpenMakerProjects/leak-localization-network-automatic-dosing
error connecting to api.github.com
check your internet connection or https://githubstatus.com","2026-10-02T16:27:19.7246950+05:30"
"2033","leak-localization-network-leak-alerts","OpenMakerProjects/leak-localization-network-leak-alerts","public","failed","False","https://github.com/OpenMakerProjects/leak-localization-network-leak-alerts","Could not create OpenMakerProjects/leak-localization-network-leak-alerts
error connecting to api.github.com
check your internet connection or https://githubstatus.com","2026-10-02T16:27:20.3805304+05:30"
"2034","leak-localization-network-level-control","OpenMakerProjects/leak-localization-network-level-control","public","failed","False","https://github.com/OpenMakerProjects/leak-localization-network-level-control","Could not create OpenMakerProjects/leak-localization-network-level-control
error connecting to api.github.com
check your internet connection or https://githubstatus.com","2026-10-02T16:27:20.9957488+05:30"
"2035","leak-localization-network-pump-protection","OpenMakerProjects/leak-localization-network-pump-protection","public","failed","False","https://github.com/OpenMakerProjects/leak-localization-network-pump-protection","Could not create OpenMakerProjects/leak-localization-network-pump-protection
error connecting to api.github.com
check your internet connection or https://githubstatus.com","2026-10-02T16:27:21.6258276+05:30"
"2036","leak-localization-network-solar-telemetry","OpenMakerProjects/leak-localization-network-solar-telemetry","public","failed","False","https://github.com/OpenMakerProjects/leak-localization-network-solar-telemetry","Could not create OpenMakerProjects/leak-localization-network-solar-telemetry
error connecting to api.github.com
check your internet connection or https://githubstatus.com","2026-10-02T16:27:22.2905096+05:30"
"2037","leak-localization-network-consumption-analytics","OpenMakerProjects/leak-localization-network-consumption-analytics","public","failed","False","https://github.com/OpenMakerProjects/leak-localization-network-consumption-analytics","Could not create OpenMakerProjects/leak-localization-network-consumption-analytics
error connecting to api.github.com
check your internet connection or https://githubstatus.com","2026-10-02T16:27:22.9294085+05:30"
"2038","leak-localization-network-freeze-protection","OpenMakerProjects/leak-localization-network-freeze-protection","public","failed","False","https://github.com/OpenMakerProjects/leak-localization-network-freeze-protection","Could not create OpenMakerProjects/leak-localization-network-freeze-protection
error connecting to api.github.com
check your internet connection or https://githubstatus.com","2026-10-02T16:27:23.5352655+05:30"
"2039","leak-localization-network-maintenance-reminders","OpenMakerProjects/leak-localization-network-maintenance-reminders","public","failed","False","https://github.com/OpenMakerProjects/leak-localization-network-maintenance-reminders","Could not create OpenMakerProjects/leak-localization-network-maintenance-reminders
error connecting to api.github.com
check your internet connection or https://githubstatus.com","2026-10-02T16:27:24.1636084+05:30"
"2040","leak-localization-network-public-data-display","OpenMakerProjects/leak-localization-network-public-data-display","public","failed","False","https://github.com/OpenMakerProjects/leak-localization-network-public-data-display","Could not create OpenMakerProjects/leak-localization-network-public-data-display
error connecting to api.github.com
check your internet connection or https://githubstatus.com","2026-10-02T16:27:24.8509004+05:30"
"2041","boat-bilge-guardian-quality-monitoring","OpenMakerProjects/boat-bilge-guardian-quality-monitoring","public","failed","False","https://github.com/OpenMakerProjects/boat-bilge-guardian-quality-monitoring","Could not create OpenMakerProjects/boat-bilge-guardian-quality-monitoring
error connecting to api.github.com
check your internet connection or https://githubstatus.com","2026-10-02T16:27:25.4873705+05:30"
"2042","boat-bilge-guardian-automatic-dosing","OpenMakerProjects/boat-bilge-guardian-automatic-dosing","public","failed","False","https://github.com/OpenMakerProjects/boat-bilge-guardian-automatic-dosing","Could not create OpenMakerProjects/boat-bilge-guardian-automatic-dosing
error connecting to api.github.com
check your internet connection or https://githubstatus.com","2026-10-02T16:27:26.1088512+05:30"
"2043","boat-bilge-guardian-leak-alerts","OpenMakerProjects/boat-bilge-guardian-leak-alerts","public","failed","False","https://github.com/OpenMakerProjects/boat-bilge-guardian-leak-alerts","Could not create OpenMakerProjects/boat-bilge-guardian-leak-alerts
error connecting to api.github.com
check your internet connection or https://githubstatus.com","2026-10-02T16:27:26.7333485+05:30"
"2044","boat-bilge-guardian-level-control","OpenMakerProjects/boat-bilge-guardian-level-control","public","failed","False","https://github.com/OpenMakerProjects/boat-bilge-guardian-level-control","Could not create OpenMakerProjects/boat-bilge-guardian-level-control
error connecting to api.github.com
check your internet connection or https://githubstatus.com","2026-10-02T16:27:27.3513524+05:30"
"2045","boat-bilge-guardian-pump-protection","OpenMakerProjects/boat-bilge-guardian-pump-protection","public","failed","False","https://github.com/OpenMakerProjects/boat-bilge-guardian-pump-protection","Could not create OpenMakerProjects/boat-bilge-guardian-pump-protection
error connecting to api.github.com
check your internet connection or https://githubstatus.com","2026-10-02T16:27:27.9965672+05:30"
"2046","boat-bilge-guardian-solar-telemetry","OpenMakerProjects/boat-bilge-guardian-solar-telemetry","public","failed","False","https://github.com/OpenMakerProjects/boat-bilge-guardian-solar-telemetry","Could not create OpenMakerProjects/boat-bilge-guardian-solar-telemetry
error connecting to api.github.com
check your internet connection or https://githubstatus.com","2026-10-02T16:27:28.6084006+05:30"
"2047","boat-bilge-guardian-consumption-analytics","OpenMakerProjects/boat-bilge-guardian-consumption-analytics","public","failed","False","https://github.com/OpenMakerProjects/boat-bilge-guardian-consumption-analytics","Could not create OpenMakerProjects/boat-bilge-guardian-consumption-analytics
error connecting to api.github.com
check your internet connection or https://githubstatus.com","2026-10-02T16:27:29.2497792+05:30"
"2048","boat-bilge-guardian-freeze-protection","OpenMakerProjects/boat-bilge-guardian-freeze-protection","public","failed","False","https://github.com/OpenMakerProjects/boat-bilge-guardian-freeze-protection","Could not create OpenMakerProjects/boat-bilge-guardian-freeze-protection
error connecting to api.github.com
check your internet connection or https://githubstatus.com","2026-10-02T16:27:29.8742348+05:30"
"2049","boat-bilge-guardian-maintenance-reminders","OpenMakerProjects/boat-bilge-guardian-maintenance-reminders","public","failed","False","https://github.com/OpenMakerProjects/boat-bilge-guardian-maintenance-reminders","Could not create OpenMakerProjects/boat-bilge-guardian-maintenance-reminders
error connecting to api.github.com
check your internet connection or https://githubstatus.com","2026-10-02T16:27:30.4949312+05:30"
"2050","boat-bilge-guardian-public-data-display","OpenMakerProjects/boat-bilge-guardian-public-data-display","public","failed","False","https://github.com/OpenMakerProjects/boat-bilge-guardian-public-data-display","Could not create OpenMakerProjects/boat-bilge-guardian-public-data-display
error connecting to api.github.com
check your internet connection or https://githubstatus.com","2026-10-02T16:27:31.2138625+05:30"
"2051","pool-chemistry-logger-quality-monitoring","OpenMakerProjects/pool-chemistry-logger-quality-monitoring","public","failed","False","https://github.com/OpenMakerProjects/pool-chemistry-logger-quality-monitoring","Could not create OpenMakerProjects/pool-chemistry-logger-quality-monitoring
error connecting to api.github.com
check your internet connection or https://githubstatus.com","2026-10-02T16:27:31.9502132+05:30"
"2052","pool-chemistry-logger-automatic-dosing","OpenMakerProjects/pool-chemistry-logger-automatic-dosing","public","failed","False","https://github.com/OpenMakerProjects/pool-chemistry-logger-automatic-dosing","Could not create OpenMakerProjects/pool-chemistry-logger-automatic-dosing
error connecting to api.github.com
check your internet connection or https://githubstatus.com","2026-10-02T16:27:32.6037132+05:30"
"2053","pool-chemistry-logger-leak-alerts","OpenMakerProjects/pool-chemistry-logger-leak-alerts","public","failed","False","https://github.com/OpenMakerProjects/pool-chemistry-logger-leak-alerts","Could not create OpenMakerProjects/pool-chemistry-logger-leak-alerts
error connecting to api.github.com
check your internet connection or https://githubstatus.com","2026-10-02T16:27:33.2568920+05:30"
"2054","pool-chemistry-logger-level-control","OpenMakerProjects/pool-chemistry-logger-level-control","public","failed","False","https://github.com/OpenMakerProjects/pool-chemistry-logger-level-control","Could not create OpenMakerProjects/pool-chemistry-logger-level-control
error connecting to api.github.com
check your internet connection or https://githubstatus.com","2026-10-02T16:27:33.8847362+05:30"
"2055","pool-chemistry-logger-pump-protection","OpenMakerProjects/pool-chemistry-logger-pump-protection","public","failed","False","https://github.com/OpenMakerProjects/pool-chemistry-logger-pump-protection","Could not create OpenMakerProjects/pool-chemistry-logger-pump-protection
error connecting to api.github.com
check your internet connection or https://githubstatus.com","2026-10-02T16:27:34.4986979+05:30"
"2056","pool-chemistry-logger-solar-telemetry","OpenMakerProjects/pool-chemistry-logger-solar-telemetry","public","failed","False","https://github.com/OpenMakerProjects/pool-chemistry-logger-solar-telemetry","Could not create OpenMakerProjects/pool-chemistry-logger-solar-telemetry
error connecting to api.github.com
check your internet connection or https://githubstatus.com","2026-10-02T16:27:35.1574793+05:30"
"2057","pool-chemistry-logger-consumption-analytics","OpenMakerProjects/pool-chemistry-logger-consumption-analytics","public","failed","False","https://github.com/OpenMakerProjects/pool-chemistry-logger-consumption-analytics","Could not create OpenMakerProjects/pool-chemistry-logger-consumption-analytics
error connecting to api.github.com
check your internet connection or https://githubstatus.com","2026-10-02T16:27:35.7768516+05:30"
"2058","pool-chemistry-logger-freeze-protection","OpenMakerProjects/pool-chemistry-logger-freeze-protection","public","failed","False","https://github.com/OpenMakerProjects/pool-chemistry-logger-freeze-protection","Could not create OpenMakerProjects/pool-chemistry-logger-freeze-protection
error connecting to api.github.com
check your internet connection or https://githubstatus.com","2026-10-02T16:27:36.4087739+05:30"
"2059","pool-chemistry-logger-maintenance-reminders","OpenMakerProjects/pool-chemistry-logger-maintenance-reminders","public","failed","False","https://github.com/OpenMakerProjects/pool-chemistry-logger-maintenance-reminders","Could not create OpenMakerProjects/pool-chemistry-logger-maintenance-reminders
error connecting to api.github.com
check your internet connection or https://githubstatus.com","2026-10-02T16:27:37.0248406+05:30"
"2060","pool-chemistry-logger-public-data-display","OpenMakerProjects/pool-chemistry-logger-public-data-display","public","failed","False","https://github.com/OpenMakerProjects/pool-chemistry-logger-public-data-display","Could not create OpenMakerProjects/pool-chemistry-logger-public-data-display
error connecting to api.github.com
check your internet connection or https://githubstatus.com","2026-10-02T16:27:37.6910102+05:30"
"2061","smart-water-meter-quality-monitoring","OpenMakerProjects/smart-water-meter-quality-monitoring","public","failed","False","https://github.com/OpenMakerProjects/smart-water-meter-quality-monitoring","Could not create OpenMakerProjects/smart-water-meter-quality-monitoring
error connecting to api.github.com
check your internet connection or https://githubstatus.com","2026-10-02T16:27:38.3763133+05:30"
"2062","smart-water-meter-automatic-dosing","OpenMakerProjects/smart-water-meter-automatic-dosing","public","failed","False","https://github.com/OpenMakerProjects/smart-water-meter-automatic-dosing","Could not create OpenMakerProjects/smart-water-meter-automatic-dosing
error connecting to api.github.com
check your internet connection or https://githubstatus.com","2026-10-02T16:27:39.0415939+05:30"
"2063","smart-water-meter-leak-alerts","OpenMakerProjects/smart-water-meter-leak-alerts","public","failed","False","https://github.com/OpenMakerProjects/smart-water-meter-leak-alerts","Could not create OpenMakerProjects/smart-water-meter-leak-alerts
error connecting to api.github.com
check your internet connection or https://githubstatus.com","2026-10-02T16:27:39.6800623+05:30"
"2064","smart-water-meter-level-control","OpenMakerProjects/smart-water-meter-level-control","public","failed","False","https://github.com/OpenMakerProjects/smart-water-meter-level-control","Could not create OpenMakerProjects/smart-water-meter-level-control
error connecting to api.github.com
check your internet connection or https://githubstatus.com","2026-10-02T16:27:40.3071280+05:30"
"2065","smart-water-meter-pump-protection","OpenMakerProjects/smart-water-meter-pump-protection","public","failed","False","https://github.com/OpenMakerProjects/smart-water-meter-pump-protection","Could not create OpenMakerProjects/smart-water-meter-pump-protection
error connecting to api.github.com
check your internet connection or https://githubstatus.com","2026-10-02T16:27:40.9408481+05:30"
"2066","smart-water-meter-solar-telemetry","OpenMakerProjects/smart-water-meter-solar-telemetry","public","failed","False","https://github.com/OpenMakerProjects/smart-water-meter-solar-telemetry","Could not create OpenMakerProjects/smart-water-meter-solar-telemetry
error connecting to api.github.com
check your internet connection or https://githubstatus.com","2026-10-02T16:27:41.5610992+05:30"
"2067","smart-water-meter-consumption-analytics","OpenMakerProjects/smart-water-meter-consumption-analytics","public","failed","False","https://github.com/OpenMakerProjects/smart-water-meter-consumption-analytics","Could not create OpenMakerProjects/smart-water-meter-consumption-analytics
error connecting to api.github.com
check your internet connection or https://githubstatus.com","2026-10-02T16:27:42.1934849+05:30"
"2068","smart-water-meter-freeze-protection","OpenMakerProjects/smart-water-meter-freeze-protection","public","failed","False","https://github.com/OpenMakerProjects/smart-water-meter-freeze-protection","Could not create OpenMakerProjects/smart-water-meter-freeze-protection
error connecting to api.github.com
check your internet connection or https://githubstatus.com","2026-10-02T16:27:42.8262571+05:30"
"2069","smart-water-meter-maintenance-reminders","OpenMakerProjects/smart-water-meter-maintenance-reminders","public","failed","False","https://github.com/OpenMakerProjects/smart-water-meter-maintenance-reminders","Could not create OpenMakerProjects/smart-water-meter-maintenance-reminders
error connecting to api.github.com
check your internet connection or https://githubstatus.com","2026-10-02T16:27:43.4461914+05:30"
"2070","smart-water-meter-public-data-display","OpenMakerProjects/smart-water-meter-public-data-display","public","failed","False","https://github.com/OpenMakerProjects/smart-water-meter-public-data-display","Could not create OpenMakerProjects/smart-water-meter-public-data-display
error connecting to api.github.com
check your internet connection or https://githubstatus.com","2026-10-02T16:27:44.0604262+05:30"
"2071","irrigation-canal-node-quality-monitoring","OpenMakerProjects/irrigation-canal-node-quality-monitoring","public","failed","False","https://github.com/OpenMakerProjects/irrigation-canal-node-quality-monitoring","Could not create OpenMakerProjects/irrigation-canal-node-quality-monitoring
error connecting to api.github.com
check your internet connection or https://githubstatus.com","2026-10-02T16:27:44.6921362+05:30"
"2072","irrigation-canal-node-automatic-dosing","OpenMakerProjects/irrigation-canal-node-automatic-dosing","public","failed","False","https://github.com/OpenMakerProjects/irrigation-canal-node-automatic-dosing","Could not create OpenMakerProjects/irrigation-canal-node-automatic-dosing
error connecting to api.github.com
check your internet connection or https://githubstatus.com","2026-10-02T16:27:45.3010555+05:30"
"2073","irrigation-canal-node-leak-alerts","OpenMakerProjects/irrigation-canal-node-leak-alerts","public","failed","False","https://github.com/OpenMakerProjects/irrigation-canal-node-leak-alerts","Could not create OpenMakerProjects/irrigation-canal-node-leak-alerts
error connecting to api.github.com
check your internet connection or https://githubstatus.com","2026-10-02T16:27:45.9381094+05:30"
"2074","irrigation-canal-node-level-control","OpenMakerProjects/irrigation-canal-node-level-control","public","failed","False","https://github.com/OpenMakerProjects/irrigation-canal-node-level-control","Could not create OpenMakerProjects/irrigation-canal-node-level-control
error connecting to api.github.com
check your internet connection or https://githubstatus.com","2026-10-02T16:27:46.5647734+05:30"
"2075","irrigation-canal-node-pump-protection","OpenMakerProjects/irrigation-canal-node-pump-protection","public","failed","False","https://github.com/OpenMakerProjects/irrigation-canal-node-pump-protection","Could not create OpenMakerProjects/irrigation-canal-node-pump-protection
error connecting to api.github.com
check your internet connection or https://githubstatus.com","2026-10-02T16:27:47.1951575+05:30"
"2076","irrigation-canal-node-solar-telemetry","OpenMakerProjects/irrigation-canal-node-solar-telemetry","public","failed","False","https://github.com/OpenMakerProjects/irrigation-canal-node-solar-telemetry","Could not create OpenMakerProjects/irrigation-canal-node-solar-telemetry
error connecting to api.github.com
check your internet connection or https://githubstatus.com","2026-10-02T16:27:47.8070049+05:30"
"2077","irrigation-canal-node-consumption-analytics","OpenMakerProjects/irrigation-canal-node-consumption-analytics","public","failed","False","https://github.com/OpenMakerProjects/irrigation-canal-node-consumption-analytics","Could not create OpenMakerProjects/irrigation-canal-node-consumption-analytics
error connecting to api.github.com
check your internet connection or https://githubstatus.com","2026-10-02T16:27:48.4211436+05:30"
"2078","irrigation-canal-node-freeze-protection","OpenMakerProjects/irrigation-canal-node-freeze-protection","public","failed","False","https://github.com/OpenMakerProjects/irrigation-canal-node-freeze-protection","Could not create OpenMakerProjects/irrigation-canal-node-freeze-protection
error connecting to api.github.com
check your internet connection or https://githubstatus.com","2026-10-02T16:27:49.0382911+05:30"
"2079","irrigation-canal-node-maintenance-reminders","OpenMakerProjects/irrigation-canal-node-maintenance-reminders","public","failed","False","https://github.com/OpenMakerProjects/irrigation-canal-node-maintenance-reminders","Could not create OpenMakerProjects/irrigation-canal-node-maintenance-reminders
error connecting to api.github.com
check your internet connection or https://githubstatus.com","2026-10-02T16:27:49.6491163+05:30"
"2080","irrigation-canal-node-public-data-display","OpenMakerProjects/irrigation-canal-node-public-data-display","public","failed","False","https://github.com/OpenMakerProjects/irrigation-canal-node-public-data-display","Could not create OpenMakerProjects/irrigation-canal-node-public-data-display
error connecting to api.github.com
check your internet connection or https://githubstatus.com","2026-10-02T16:27:50.2616096+05:30"
"2081","buoy-telemetry-station-quality-monitoring","OpenMakerProjects/buoy-telemetry-station-quality-monitoring","public","failed","False","https://github.com/OpenMakerProjects/buoy-telemetry-station-quality-monitoring","Could not create OpenMakerProjects/buoy-telemetry-station-quality-monitoring
error connecting to api.github.com
check your internet connection or https://githubstatus.com","2026-10-02T16:27:50.8911506+05:30"
"2082","buoy-telemetry-station-automatic-dosing","OpenMakerProjects/buoy-telemetry-station-automatic-dosing","public","failed","False","https://github.com/OpenMakerProjects/buoy-telemetry-station-automatic-dosing","Could not create OpenMakerProjects/buoy-telemetry-station-automatic-dosing
error connecting to api.github.com
check your internet connection or https://githubstatus.com","2026-10-02T16:27:51.5586412+05:30"
"2083","buoy-telemetry-station-leak-alerts","OpenMakerProjects/buoy-telemetry-station-leak-alerts","public","failed","False","https://github.com/OpenMakerProjects/buoy-telemetry-station-leak-alerts","Could not create OpenMakerProjects/buoy-telemetry-station-leak-alerts
error connecting to api.github.com
check your internet connection or https://githubstatus.com","2026-10-02T16:27:52.1724218+05:30"
"2084","buoy-telemetry-station-level-control","OpenMakerProjects/buoy-telemetry-station-level-control","public","failed","False","https://github.com/OpenMakerProjects/buoy-telemetry-station-level-control","Could not create OpenMakerProjects/buoy-telemetry-station-level-control
error connecting to api.github.com
check your internet connection or https://githubstatus.com","2026-10-02T16:27:52.8132733+05:30"
"2085","buoy-telemetry-station-pump-protection","OpenMakerProjects/buoy-telemetry-station-pump-protection","public","failed","False","https://github.com/OpenMakerProjects/buoy-telemetry-station-pump-protection","Could not create OpenMakerProjects/buoy-telemetry-station-pump-protection
error connecting to api.github.com
check your internet connection or https://githubstatus.com","2026-10-02T16:27:53.4250191+05:30"
"2086","buoy-telemetry-station-solar-telemetry","OpenMakerProjects/buoy-telemetry-station-solar-telemetry","public","failed","False","https://github.com/OpenMakerProjects/buoy-telemetry-station-solar-telemetry","Could not create OpenMakerProjects/buoy-telemetry-station-solar-telemetry
error connecting to api.github.com
check your internet connection or https://githubstatus.com","2026-10-02T16:27:54.0531069+05:30"
"2087","buoy-telemetry-station-consumption-analytics","OpenMakerProjects/buoy-telemetry-station-consumption-analytics","public","failed","False","https://github.com/OpenMakerProjects/buoy-telemetry-station-consumption-analytics","Could not create OpenMakerProjects/buoy-telemetry-station-consumption-analytics
error connecting to api.github.com
check your internet connection or https://githubstatus.com","2026-10-02T16:27:54.6865581+05:30"
"2088","buoy-telemetry-station-freeze-protection","OpenMakerProjects/buoy-telemetry-station-freeze-protection","public","failed","False","https://github.com/OpenMakerProjects/buoy-telemetry-station-freeze-protection","Could not create OpenMakerProjects/buoy-telemetry-station-freeze-protection
error connecting to api.github.com
check your internet connection or https://githubstatus.com","2026-10-02T16:27:55.3092180+05:30"
"2089","buoy-telemetry-station-maintenance-reminders","OpenMakerProjects/buoy-telemetry-station-maintenance-reminders","public","failed","False","https://github.com/OpenMakerProjects/buoy-telemetry-station-maintenance-reminders","Could not create OpenMakerProjects/buoy-telemetry-station-maintenance-reminders
error connecting to api.github.com
check your internet connection or https://githubstatus.com","2026-10-02T16:27:55.9299004+05:30"
"2090","buoy-telemetry-station-public-data-display","OpenMakerProjects/buoy-telemetry-station-public-data-display","public","failed","False","https://github.com/OpenMakerProjects/buoy-telemetry-station-public-data-display","Could not create OpenMakerProjects/buoy-telemetry-station-public-data-display
error connecting to api.github.com
check your internet connection or https://githubstatus.com","2026-10-02T16:27:56.5394032+05:30"
"2091","greywater-reuse-controller-quality-monitoring","OpenMakerProjects/greywater-reuse-controller-quality-monitoring","public","failed","False","https://github.com/OpenMakerProjects/greywater-reuse-controller-quality-monitoring","Could not create OpenMakerProjects/greywater-reuse-controller-quality-monitoring
error connecting to api.github.com
check your internet connection or https://githubstatus.com","2026-10-02T16:27:57.1716713+05:30"
"2092","greywater-reuse-controller-automatic-dosing","OpenMakerProjects/greywater-reuse-controller-automatic-dosing","public","failed","False","https://github.com/OpenMakerProjects/greywater-reuse-controller-automatic-dosing","Could not create OpenMakerProjects/greywater-reuse-controller-automatic-dosing
error connecting to api.github.com
check your internet connection or https://githubstatus.com","2026-10-02T16:27:57.8113452+05:30"
"2093","greywater-reuse-controller-leak-alerts","OpenMakerProjects/greywater-reuse-controller-leak-alerts","public","failed","False","https://github.com/OpenMakerProjects/greywater-reuse-controller-leak-alerts","Could not create OpenMakerProjects/greywater-reuse-controller-leak-alerts
error connecting to api.github.com
check your internet connection or https://githubstatus.com","2026-10-02T16:27:58.4309038+05:30"
"2094","greywater-reuse-controller-level-control","OpenMakerProjects/greywater-reuse-controller-level-control","public","failed","False","https://github.com/OpenMakerProjects/greywater-reuse-controller-level-control","Could not create OpenMakerProjects/greywater-reuse-controller-level-control
error connecting to api.github.com
check your internet connection or https://githubstatus.com","2026-10-02T16:27:59.0414992+05:30"
"2095","greywater-reuse-controller-pump-protection","OpenMakerProjects/greywater-reuse-controller-pump-protection","public","failed","False","https://github.com/OpenMakerProjects/greywater-reuse-controller-pump-protection","Could not create OpenMakerProjects/greywater-reuse-controller-pump-protection
error connecting to api.github.com
check your internet connection or https://githubstatus.com","2026-10-02T16:27:59.6793569+05:30"
"2096","greywater-reuse-controller-solar-telemetry","OpenMakerProjects/greywater-reuse-controller-solar-telemetry","public","failed","False","https://github.com/OpenMakerProjects/greywater-reuse-controller-solar-telemetry","Could not create OpenMakerProjects/greywater-reuse-controller-solar-telemetry
error connecting to api.github.com
check your internet connection or https://githubstatus.com","2026-10-02T16:28:00.3110757+05:30"
"2097","greywater-reuse-controller-consumption-analytics","OpenMakerProjects/greywater-reuse-controller-consumption-analytics","public","failed","False","https://github.com/OpenMakerProjects/greywater-reuse-controller-consumption-analytics","Could not create OpenMakerProjects/greywater-reuse-controller-consumption-analytics
error connecting to api.github.com
check your internet connection or https://githubstatus.com","2026-10-02T16:28:00.9486408+05:30"
"2098","greywater-reuse-controller-freeze-protection","OpenMakerProjects/greywater-reuse-controller-freeze-protection","public","failed","False","https://github.com/OpenMakerProjects/greywater-reuse-controller-freeze-protection","Could not create OpenMakerProjects/greywater-reuse-controller-freeze-protection
error connecting to api.github.com
check your internet connection or https://githubstatus.com","2026-10-02T16:28:01.6175923+05:30"
"2099","greywater-reuse-controller-maintenance-reminders","OpenMakerProjects/greywater-reuse-controller-maintenance-reminders","public","failed","False","https://github.com/OpenMakerProjects/greywater-reuse-controller-maintenance-reminders","Could not create OpenMakerProjects/greywater-reuse-controller-maintenance-reminders
error connecting to api.github.com
check your internet connection or https://githubstatus.com","2026-10-02T16:28:02.2904786+05:30"
"2100","greywater-reuse-controller-public-data-display","OpenMakerProjects/greywater-reuse-controller-public-data-display","public","failed","False","https://github.com/OpenMakerProjects/greywater-reuse-controller-public-data-display","Could not create OpenMakerProjects/greywater-reuse-controller-public-data-display
error connecting to api.github.com
check your internet connection or https://githubstatus.com","2026-10-02T16:28:02.9755280+05:30"
"2101","cubesat-ground-station-timestamped-data-logging","OpenMakerProjects/cubesat-ground-station-timestamped-data-logging","public","failed","False","https://github.com/OpenMakerProjects/cubesat-ground-station-timestamped-data-logging","Could not create OpenMakerProjects/cubesat-ground-station-timestamped-data-logging
error connecting to api.github.com
check your internet connection or https://githubstatus.com","2026-10-02T16:28:03.6136695+05:30"
"2102","cubesat-ground-station-remote-telemetry","OpenMakerProjects/cubesat-ground-station-remote-telemetry","public","failed","False","https://github.com/OpenMakerProjects/cubesat-ground-station-remote-telemetry","Could not create OpenMakerProjects/cubesat-ground-station-remote-telemetry
error connecting to api.github.com
check your internet connection or https://githubstatus.com","2026-10-02T16:28:04.2654983+05:30"
"2103","cubesat-ground-station-automatic-calibration","OpenMakerProjects/cubesat-ground-station-automatic-calibration","public","failed","False","https://github.com/OpenMakerProjects/cubesat-ground-station-automatic-calibration","Could not create OpenMakerProjects/cubesat-ground-station-automatic-calibration
error connecting to api.github.com
check your internet connection or https://githubstatus.com","2026-10-02T16:28:04.9102243+05:30"
"2104","cubesat-ground-station-event-trigger-capture","OpenMakerProjects/cubesat-ground-station-event-trigger-capture","public","failed","False","https://github.com/OpenMakerProjects/cubesat-ground-station-event-trigger-capture","Could not create OpenMakerProjects/cubesat-ground-station-event-trigger-capture
error connecting to api.github.com
check your internet connection or https://githubstatus.com","2026-10-02T16:28:05.5981651+05:30"
"2105","cubesat-ground-station-position-tracking","OpenMakerProjects/cubesat-ground-station-position-tracking","public","failed","False","https://github.com/OpenMakerProjects/cubesat-ground-station-position-tracking","Could not create OpenMakerProjects/cubesat-ground-station-position-tracking
error connecting to api.github.com
check your internet connection or https://githubstatus.com","2026-10-02T16:28:06.2283876+05:30"
"2106","cubesat-ground-station-instrument-scheduling","OpenMakerProjects/cubesat-ground-station-instrument-scheduling","public","failed","False","https://github.com/OpenMakerProjects/cubesat-ground-station-instrument-scheduling","Could not create OpenMakerProjects/cubesat-ground-station-instrument-scheduling
error connecting to api.github.com
check your internet connection or https://githubstatus.com","2026-10-02T16:28:06.8764818+05:30"
"2107","cubesat-ground-station-open-data-export","OpenMakerProjects/cubesat-ground-station-open-data-export","public","failed","False","https://github.com/OpenMakerProjects/cubesat-ground-station-open-data-export","Could not create OpenMakerProjects/cubesat-ground-station-open-data-export
error connecting to api.github.com
check your internet connection or https://githubstatus.com","2026-10-02T16:28:07.5332225+05:30"
"2108","cubesat-ground-station-health-monitoring","OpenMakerProjects/cubesat-ground-station-health-monitoring","public","failed","False","https://github.com/OpenMakerProjects/cubesat-ground-station-health-monitoring","Could not create OpenMakerProjects/cubesat-ground-station-health-monitoring
error connecting to api.github.com
check your internet connection or https://githubstatus.com","2026-10-02T16:28:08.2099762+05:30"
"2109","cubesat-ground-station-redundant-storage","OpenMakerProjects/cubesat-ground-station-redundant-storage","public","failed","False","https://github.com/OpenMakerProjects/cubesat-ground-station-redundant-storage","Could not create OpenMakerProjects/cubesat-ground-station-redundant-storage
error connecting to api.github.com
check your internet connection or https://githubstatus.com","2026-10-02T16:28:08.8366202+05:30"
"2110","cubesat-ground-station-mission-control-dashboard","OpenMakerProjects/cubesat-ground-station-mission-control-dashboard","public","failed","False","https://github.com/OpenMakerProjects/cubesat-ground-station-mission-control-dashboard","Could not create OpenMakerProjects/cubesat-ground-station-mission-control-dashboard
error connecting to api.github.com
check your internet connection or https://githubstatus.com","2026-10-02T16:28:09.4502364+05:30"
"2111","meteor-observation-camera-timestamped-data-logging","OpenMakerProjects/meteor-observation-camera-timestamped-data-logging","public","failed","False","https://github.com/OpenMakerProjects/meteor-observation-camera-timestamped-data-logging","Could not create OpenMakerProjects/meteor-observation-camera-timestamped-data-logging
error connecting to api.github.com
check your internet connection or https://githubstatus.com","2026-10-02T16:28:10.0988294+05:30"
"2112","meteor-observation-camera-remote-telemetry","OpenMakerProjects/meteor-observation-camera-remote-telemetry","public","failed","False","https://github.com/OpenMakerProjects/meteor-observation-camera-remote-telemetry","Could not create OpenMakerProjects/meteor-observation-camera-remote-telemetry
error connecting to api.github.com
check your internet connection or https://githubstatus.com","2026-10-02T16:28:10.7339723+05:30"
"2113","meteor-observation-camera-automatic-calibration","OpenMakerProjects/meteor-observation-camera-automatic-calibration","public","failed","False","https://github.com/OpenMakerProjects/meteor-observation-camera-automatic-calibration","Could not create OpenMakerProjects/meteor-observation-camera-automatic-calibration
error connecting to api.github.com
check your internet connection or https://githubstatus.com","2026-10-02T16:28:11.3609142+05:30"
"2114","meteor-observation-camera-event-trigger-capture","OpenMakerProjects/meteor-observation-camera-event-trigger-capture","public","failed","False","https://github.com/OpenMakerProjects/meteor-observation-camera-event-trigger-capture","Could not create OpenMakerProjects/meteor-observation-camera-event-trigger-capture
error connecting to api.github.com
check your internet connection or https://githubstatus.com","2026-10-02T16:28:12.0003651+05:30"
"2115","meteor-observation-camera-position-tracking","OpenMakerProjects/meteor-observation-camera-position-tracking","public","failed","False","https://github.com/OpenMakerProjects/meteor-observation-camera-position-tracking","Could not create OpenMakerProjects/meteor-observation-camera-position-tracking
error connecting to api.github.com
check your internet connection or https://githubstatus.com","2026-10-02T16:28:12.6278069+05:30"
"2116","meteor-observation-camera-instrument-scheduling","OpenMakerProjects/meteor-observation-camera-instrument-scheduling","public","failed","False","https://github.com/OpenMakerProjects/meteor-observation-camera-instrument-scheduling","Could not create OpenMakerProjects/meteor-observation-camera-instrument-scheduling
error connecting to api.github.com
check your internet connection or https://githubstatus.com","2026-10-02T16:28:13.2639165+05:30"
"2117","meteor-observation-camera-open-data-export","OpenMakerProjects/meteor-observation-camera-open-data-export","public","failed","False","https://github.com/OpenMakerProjects/meteor-observation-camera-open-data-export","Could not create OpenMakerProjects/meteor-observation-camera-open-data-export
error connecting to api.github.com
check your internet connection or https://githubstatus.com","2026-10-02T16:28:13.8999372+05:30"
"2118","meteor-observation-camera-health-monitoring","OpenMakerProjects/meteor-observation-camera-health-monitoring","public","failed","False","https://github.com/OpenMakerProjects/meteor-observation-camera-health-monitoring","Could not create OpenMakerProjects/meteor-observation-camera-health-monitoring
error connecting to api.github.com
check your internet connection or https://githubstatus.com","2026-10-02T16:28:14.5392881+05:30"
"2119","meteor-observation-camera-redundant-storage","OpenMakerProjects/meteor-observation-camera-redundant-storage","public","failed","False","https://github.com/OpenMakerProjects/meteor-observation-camera-redundant-storage","Could not create OpenMakerProjects/meteor-observation-camera-redundant-storage
error connecting to api.github.com
check your internet connection or https://githubstatus.com","2026-10-02T16:28:15.1909354+05:30"
"2120","meteor-observation-camera-mission-control-dashboard","OpenMakerProjects/meteor-observation-camera-mission-control-dashboard","public","failed","False","https://github.com/OpenMakerProjects/meteor-observation-camera-mission-control-dashboard","Could not create OpenMakerProjects/meteor-observation-camera-mission-control-dashboard
error connecting to api.github.com
check your internet connection or https://githubstatus.com","2026-10-02T16:28:15.8276929+05:30"
"2121","radio-astronomy-logger-timestamped-data-logging","OpenMakerProjects/radio-astronomy-logger-timestamped-data-logging","public","failed","False","https://github.com/OpenMakerProjects/radio-astronomy-logger-timestamped-data-logging","Could not create OpenMakerProjects/radio-astronomy-logger-timestamped-data-logging
error connecting to api.github.com
check your internet connection or https://githubstatus.com","2026-10-02T16:28:16.4476979+05:30"
"2122","radio-astronomy-logger-remote-telemetry","OpenMakerProjects/radio-astronomy-logger-remote-telemetry","public","failed","False","https://github.com/OpenMakerProjects/radio-astronomy-logger-remote-telemetry","Could not create OpenMakerProjects/radio-astronomy-logger-remote-telemetry
error connecting to api.github.com
check your internet connection or https://githubstatus.com","2026-10-02T16:28:17.0784030+05:30"
"2123","radio-astronomy-logger-automatic-calibration","OpenMakerProjects/radio-astronomy-logger-automatic-calibration","public","failed","False","https://github.com/OpenMakerProjects/radio-astronomy-logger-automatic-calibration","Could not create OpenMakerProjects/radio-astronomy-logger-automatic-calibration
error connecting to api.github.com
check your internet connection or https://githubstatus.com","2026-10-02T16:28:17.7061575+05:30"
"2124","radio-astronomy-logger-event-trigger-capture","OpenMakerProjects/radio-astronomy-logger-event-trigger-capture","public","failed","False","https://github.com/OpenMakerProjects/radio-astronomy-logger-event-trigger-capture","Could not create OpenMakerProjects/radio-astronomy-logger-event-trigger-capture
error connecting to api.github.com
check your internet connection or https://githubstatus.com","2026-10-02T16:28:18.3736824+05:30"
"2125","radio-astronomy-logger-position-tracking","OpenMakerProjects/radio-astronomy-logger-position-tracking","public","failed","False","https://github.com/OpenMakerProjects/radio-astronomy-logger-position-tracking","Could not create OpenMakerProjects/radio-astronomy-logger-position-tracking
error connecting to api.github.com
check your internet connection or https://githubstatus.com","2026-10-02T16:28:19.0000115+05:30"
"2126","radio-astronomy-logger-instrument-scheduling","OpenMakerProjects/radio-astronomy-logger-instrument-scheduling","public","failed","False","https://github.com/OpenMakerProjects/radio-astronomy-logger-instrument-scheduling","Could not create OpenMakerProjects/radio-astronomy-logger-instrument-scheduling
error connecting to api.github.com
check your internet connection or https://githubstatus.com","2026-10-02T16:28:19.6880337+05:30"
"2127","radio-astronomy-logger-open-data-export","OpenMakerProjects/radio-astronomy-logger-open-data-export","public","failed","False","https://github.com/OpenMakerProjects/radio-astronomy-logger-open-data-export","Could not create OpenMakerProjects/radio-astronomy-logger-open-data-export
error connecting to api.github.com
check your internet connection or https://githubstatus.com","2026-10-02T16:28:20.3381194+05:30"
"2128","radio-astronomy-logger-health-monitoring","OpenMakerProjects/radio-astronomy-logger-health-monitoring","public","failed","False","https://github.com/OpenMakerProjects/radio-astronomy-logger-health-monitoring","Could not create OpenMakerProjects/radio-astronomy-logger-health-monitoring
error connecting to api.github.com
check your internet connection or https://githubstatus.com","2026-10-02T16:28:20.9679635+05:30"
"2129","radio-astronomy-logger-redundant-storage","OpenMakerProjects/radio-astronomy-logger-redundant-storage","public","failed","False","https://github.com/OpenMakerProjects/radio-astronomy-logger-redundant-storage","Could not create OpenMakerProjects/radio-astronomy-logger-redundant-storage
error connecting to api.github.com
check your internet connection or https://githubstatus.com","2026-10-02T16:28:21.5959535+05:30"
"2130","radio-astronomy-logger-mission-control-dashboard","OpenMakerProjects/radio-astronomy-logger-mission-control-dashboard","public","failed","False","https://github.com/OpenMakerProjects/radio-astronomy-logger-mission-control-dashboard","Could not create OpenMakerProjects/radio-astronomy-logger-mission-control-dashboard
error connecting to api.github.com
check your internet connection or https://githubstatus.com","2026-10-02T16:28:22.2135528+05:30"
"2131","high-altitude-balloon-payload-timestamped-data-logging","OpenMakerProjects/high-altitude-balloon-payload-timestamped-data-logging","public","failed","False","https://github.com/OpenMakerProjects/high-altitude-balloon-payload-timestamped-data-logging","Could not create OpenMakerProjects/high-altitude-balloon-payload-timestamped-data-logging
error connecting to api.github.com
check your internet connection or https://githubstatus.com","2026-10-02T16:28:22.8618037+05:30"
"2132","high-altitude-balloon-payload-remote-telemetry","OpenMakerProjects/high-altitude-balloon-payload-remote-telemetry","public","failed","False","https://github.com/OpenMakerProjects/high-altitude-balloon-payload-remote-telemetry","Could not create OpenMakerProjects/high-altitude-balloon-payload-remote-telemetry
error connecting to api.github.com
check your internet connection or https://githubstatus.com","2026-10-02T16:28:23.5097598+05:30"
"2133","high-altitude-balloon-payload-automatic-calibration","OpenMakerProjects/high-altitude-balloon-payload-automatic-calibration","public","failed","False","https://github.com/OpenMakerProjects/high-altitude-balloon-payload-automatic-calibration","Could not create OpenMakerProjects/high-altitude-balloon-payload-automatic-calibration
error connecting to api.github.com
check your internet connection or https://githubstatus.com","2026-10-02T16:28:24.1338269+05:30"
"2134","high-altitude-balloon-payload-event-trigger-capture","OpenMakerProjects/high-altitude-balloon-payload-event-trigger-capture","public","failed","False","https://github.com/OpenMakerProjects/high-altitude-balloon-payload-event-trigger-capture","Could not create OpenMakerProjects/high-altitude-balloon-payload-event-trigger-capture
error connecting to api.github.com
check your internet connection or https://githubstatus.com","2026-10-02T16:28:24.7874557+05:30"
"2135","high-altitude-balloon-payload-position-tracking","OpenMakerProjects/high-altitude-balloon-payload-position-tracking","public","failed","False","https://github.com/OpenMakerProjects/high-altitude-balloon-payload-position-tracking","Could not create OpenMakerProjects/high-altitude-balloon-payload-position-tracking
error connecting to api.github.com
check your internet connection or https://githubstatus.com","2026-10-02T16:28:25.4479790+05:30"
"2136","high-altitude-balloon-payload-instrument-scheduling","OpenMakerProjects/high-altitude-balloon-payload-instrument-scheduling","public","failed","False","https://github.com/OpenMakerProjects/high-altitude-balloon-payload-instrument-scheduling","Could not create OpenMakerProjects/high-altitude-balloon-payload-instrument-scheduling
error connecting to api.github.com
check your internet connection or https://githubstatus.com","2026-10-02T16:28:26.0887808+05:30"
"2137","high-altitude-balloon-payload-open-data-export","OpenMakerProjects/high-altitude-balloon-payload-open-data-export","public","failed","False","https://github.com/OpenMakerProjects/high-altitude-balloon-payload-open-data-export","Could not create OpenMakerProjects/high-altitude-balloon-payload-open-data-export
error connecting to api.github.com
check your internet connection or https://githubstatus.com","2026-10-02T16:28:26.7909060+05:30"
"2138","high-altitude-balloon-payload-health-monitoring","OpenMakerProjects/high-altitude-balloon-payload-health-monitoring","public","failed","False","https://github.com/OpenMakerProjects/high-altitude-balloon-payload-health-monitoring","Could not create OpenMakerProjects/high-altitude-balloon-payload-health-monitoring
error connecting to api.github.com
check your internet connection or https://githubstatus.com","2026-10-02T16:28:27.4120990+05:30"
"2139","high-altitude-balloon-payload-redundant-storage","OpenMakerProjects/high-altitude-balloon-payload-redundant-storage","public","failed","False","https://github.com/OpenMakerProjects/high-altitude-balloon-payload-redundant-storage","Could not create OpenMakerProjects/high-altitude-balloon-payload-redundant-storage
error connecting to api.github.com
check your internet connection or https://githubstatus.com","2026-10-02T16:28:28.0557049+05:30"
"2140","high-altitude-balloon-payload-mission-control-dashboard","OpenMakerProjects/high-altitude-balloon-payload-mission-control-dashboard","public","failed","False","https://github.com/OpenMakerProjects/high-altitude-balloon-payload-mission-control-dashboard","Could not create OpenMakerProjects/high-altitude-balloon-payload-mission-control-dashboard
error connecting to api.github.com
check your internet connection or https://githubstatus.com","2026-10-02T16:28:28.6926006+05:30"
"2141","sun-tracking-instrument-timestamped-data-logging","OpenMakerProjects/sun-tracking-instrument-timestamped-data-logging","public","failed","False","https://github.com/OpenMakerProjects/sun-tracking-instrument-timestamped-data-logging","Could not create OpenMakerProjects/sun-tracking-instrument-timestamped-data-logging
error connecting to api.github.com
check your internet connection or https://githubstatus.com","2026-10-02T16:28:29.3162055+05:30"
"2142","sun-tracking-instrument-remote-telemetry","OpenMakerProjects/sun-tracking-instrument-remote-telemetry","public","failed","False","https://github.com/OpenMakerProjects/sun-tracking-instrument-remote-telemetry","Could not create OpenMakerProjects/sun-tracking-instrument-remote-telemetry
error connecting to api.github.com
check your internet connection or https://githubstatus.com","2026-10-02T16:28:29.9426577+05:30"
"2143","sun-tracking-instrument-automatic-calibration","OpenMakerProjects/sun-tracking-instrument-automatic-calibration","public","failed","False","https://github.com/OpenMakerProjects/sun-tracking-instrument-automatic-calibration","Could not create OpenMakerProjects/sun-tracking-instrument-automatic-calibration
error connecting to api.github.com
check your internet connection or https://githubstatus.com","2026-10-02T16:28:30.5903793+05:30"
"2144","sun-tracking-instrument-event-trigger-capture","OpenMakerProjects/sun-tracking-instrument-event-trigger-capture","public","failed","False","https://github.com/OpenMakerProjects/sun-tracking-instrument-event-trigger-capture","Could not create OpenMakerProjects/sun-tracking-instrument-event-trigger-capture
error connecting to api.github.com
check your internet connection or https://githubstatus.com","2026-10-02T16:28:31.2242459+05:30"
"2145","sun-tracking-instrument-position-tracking","OpenMakerProjects/sun-tracking-instrument-position-tracking","public","failed","False","https://github.com/OpenMakerProjects/sun-tracking-instrument-position-tracking","Could not create OpenMakerProjects/sun-tracking-instrument-position-tracking
error connecting to api.github.com
check your internet connection or https://githubstatus.com","2026-10-02T16:28:31.8500879+05:30"
"2146","sun-tracking-instrument-instrument-scheduling","OpenMakerProjects/sun-tracking-instrument-instrument-scheduling","public","failed","False","https://github.com/OpenMakerProjects/sun-tracking-instrument-instrument-scheduling","Could not create OpenMakerProjects/sun-tracking-instrument-instrument-scheduling
error connecting to api.github.com
check your internet connection or https://githubstatus.com","2026-10-02T16:28:32.4798933+05:30"
"2147","sun-tracking-instrument-open-data-export","OpenMakerProjects/sun-tracking-instrument-open-data-export","public","failed","False","https://github.com/OpenMakerProjects/sun-tracking-instrument-open-data-export","Could not create OpenMakerProjects/sun-tracking-instrument-open-data-export
error connecting to api.github.com
check your internet connection or https://githubstatus.com","2026-10-02T16:28:33.1188638+05:30"
"2148","sun-tracking-instrument-health-monitoring","OpenMakerProjects/sun-tracking-instrument-health-monitoring","public","failed","False","https://github.com/OpenMakerProjects/sun-tracking-instrument-health-monitoring","Could not create OpenMakerProjects/sun-tracking-instrument-health-monitoring
error connecting to api.github.com
check your internet connection or https://githubstatus.com","2026-10-02T16:28:33.8061722+05:30"
"2149","sun-tracking-instrument-redundant-storage","OpenMakerProjects/sun-tracking-instrument-redundant-storage","public","failed","False","https://github.com/OpenMakerProjects/sun-tracking-instrument-redundant-storage","Could not create OpenMakerProjects/sun-tracking-instrument-redundant-storage
error connecting to api.github.com
check your internet connection or https://githubstatus.com","2026-10-02T16:28:34.4440153+05:30"
"2150","sun-tracking-instrument-mission-control-dashboard","OpenMakerProjects/sun-tracking-instrument-mission-control-dashboard","public","failed","False","https://github.com/OpenMakerProjects/sun-tracking-instrument-mission-control-dashboard","Could not create OpenMakerProjects/sun-tracking-instrument-mission-control-dashboard
error connecting to api.github.com
check your internet connection or https://githubstatus.com","2026-10-02T16:28:35.0747206+05:30"
"2151","cosmic-ray-counter-timestamped-data-logging","OpenMakerProjects/cosmic-ray-counter-timestamped-data-logging","public","failed","False","https://github.com/OpenMakerProjects/cosmic-ray-counter-timestamped-data-logging","Could not create OpenMakerProjects/cosmic-ray-counter-timestamped-data-logging
error connecting to api.github.com
check your internet connection or https://githubstatus.com","2026-10-02T16:28:35.7075693+05:30"
"2152","cosmic-ray-counter-remote-telemetry","OpenMakerProjects/cosmic-ray-counter-remote-telemetry","public","failed","False","https://github.com/OpenMakerProjects/cosmic-ray-counter-remote-telemetry","Could not create OpenMakerProjects/cosmic-ray-counter-remote-telemetry
error connecting to api.github.com
check your internet connection or https://githubstatus.com","2026-10-02T16:28:36.3249906+05:30"
"2153","cosmic-ray-counter-automatic-calibration","OpenMakerProjects/cosmic-ray-counter-automatic-calibration","public","failed","False","https://github.com/OpenMakerProjects/cosmic-ray-counter-automatic-calibration","Could not create OpenMakerProjects/cosmic-ray-counter-automatic-calibration
error connecting to api.github.com
check your internet connection or https://githubstatus.com","2026-10-02T16:28:36.9461588+05:30"
"2154","cosmic-ray-counter-event-trigger-capture","OpenMakerProjects/cosmic-ray-counter-event-trigger-capture","public","failed","False","https://github.com/OpenMakerProjects/cosmic-ray-counter-event-trigger-capture","Could not create OpenMakerProjects/cosmic-ray-counter-event-trigger-capture
error connecting to api.github.com
check your internet connection or https://githubstatus.com","2026-10-02T16:28:37.5791445+05:30"
"2155","cosmic-ray-counter-position-tracking","OpenMakerProjects/cosmic-ray-counter-position-tracking","public","failed","False","https://github.com/OpenMakerProjects/cosmic-ray-counter-position-tracking","Could not create OpenMakerProjects/cosmic-ray-counter-position-tracking
error connecting to api.github.com
check your internet connection or https://githubstatus.com","2026-10-02T16:28:38.2107684+05:30"
"2156","cosmic-ray-counter-instrument-scheduling","OpenMakerProjects/cosmic-ray-counter-instrument-scheduling","public","failed","False","https://github.com/OpenMakerProjects/cosmic-ray-counter-instrument-scheduling","Could not create OpenMakerProjects/cosmic-ray-counter-instrument-scheduling
error connecting to api.github.com
check your internet connection or https://githubstatus.com","2026-10-02T16:28:38.8542168+05:30"
"2157","cosmic-ray-counter-open-data-export","OpenMakerProjects/cosmic-ray-counter-open-data-export","public","failed","False","https://github.com/OpenMakerProjects/cosmic-ray-counter-open-data-export","Could not create OpenMakerProjects/cosmic-ray-counter-open-data-export
error connecting to api.github.com
check your internet connection or https://githubstatus.com","2026-10-02T16:28:39.4909619+05:30"
"2158","cosmic-ray-counter-health-monitoring","OpenMakerProjects/cosmic-ray-counter-health-monitoring","public","failed","False","https://github.com/OpenMakerProjects/cosmic-ray-counter-health-monitoring","Could not create OpenMakerProjects/cosmic-ray-counter-health-monitoring
error connecting to api.github.com
check your internet connection or https://githubstatus.com","2026-10-02T16:28:40.1209443+05:30"
"2159","cosmic-ray-counter-redundant-storage","OpenMakerProjects/cosmic-ray-counter-redundant-storage","public","failed","False","https://github.com/OpenMakerProjects/cosmic-ray-counter-redundant-storage","Could not create OpenMakerProjects/cosmic-ray-counter-redundant-storage
error connecting to api.github.com
check your internet connection or https://githubstatus.com","2026-10-02T16:28:40.7341953+05:30"
"2160","cosmic-ray-counter-mission-control-dashboard","OpenMakerProjects/cosmic-ray-counter-mission-control-dashboard","public","failed","False","https://github.com/OpenMakerProjects/cosmic-ray-counter-mission-control-dashboard","Could not create OpenMakerProjects/cosmic-ray-counter-mission-control-dashboard
error connecting to api.github.com
check your internet connection or https://githubstatus.com","2026-10-02T16:28:41.3607743+05:30"
"2161","telescope-focus-controller-timestamped-data-logging","OpenMakerProjects/telescope-focus-controller-timestamped-data-logging","public","failed","False","https://github.com/OpenMakerProjects/telescope-focus-controller-timestamped-data-logging","Could not create OpenMakerProjects/telescope-focus-controller-timestamped-data-logging
error connecting to api.github.com
check your internet connection or https://githubstatus.com","2026-10-02T16:28:42.0046989+05:30"
"2162","telescope-focus-controller-remote-telemetry","OpenMakerProjects/telescope-focus-controller-remote-telemetry","public","failed","False","https://github.com/OpenMakerProjects/telescope-focus-controller-remote-telemetry","Could not create OpenMakerProjects/telescope-focus-controller-remote-telemetry
error connecting to api.github.com
check your internet connection or https://githubstatus.com","2026-10-02T16:28:42.6216217+05:30"
"2163","telescope-focus-controller-automatic-calibration","OpenMakerProjects/telescope-focus-controller-automatic-calibration","public","failed","False","https://github.com/OpenMakerProjects/telescope-focus-controller-automatic-calibration","Could not create OpenMakerProjects/telescope-focus-controller-automatic-calibration
error connecting to api.github.com
check your internet connection or https://githubstatus.com","2026-10-02T16:28:43.2542895+05:30"
"2164","telescope-focus-controller-event-trigger-capture","OpenMakerProjects/telescope-focus-controller-event-trigger-capture","public","failed","False","https://github.com/OpenMakerProjects/telescope-focus-controller-event-trigger-capture","Could not create OpenMakerProjects/telescope-focus-controller-event-trigger-capture
error connecting to api.github.com
check your internet connection or https://githubstatus.com","2026-10-02T16:28:43.9033988+05:30"
"2165","telescope-focus-controller-position-tracking","OpenMakerProjects/telescope-focus-controller-position-tracking","public","failed","False","https://github.com/OpenMakerProjects/telescope-focus-controller-position-tracking","Could not create OpenMakerProjects/telescope-focus-controller-position-tracking
error connecting to api.github.com
check your internet connection or https://githubstatus.com","2026-10-02T16:28:44.5501916+05:30"
"2166","telescope-focus-controller-instrument-scheduling","OpenMakerProjects/telescope-focus-controller-instrument-scheduling","public","failed","False","https://github.com/OpenMakerProjects/telescope-focus-controller-instrument-scheduling","Could not create OpenMakerProjects/telescope-focus-controller-instrument-scheduling
error connecting to api.github.com
check your internet connection or https://githubstatus.com","2026-10-02T16:28:45.1840831+05:30"
"2167","telescope-focus-controller-open-data-export","OpenMakerProjects/telescope-focus-controller-open-data-export","public","failed","False","https://github.com/OpenMakerProjects/telescope-focus-controller-open-data-export","Could not create OpenMakerProjects/telescope-focus-controller-open-data-export
error connecting to api.github.com
check your internet connection or https://githubstatus.com","2026-10-02T16:28:45.8426808+05:30"
"2168","telescope-focus-controller-health-monitoring","OpenMakerProjects/telescope-focus-controller-health-monitoring","public","failed","False","https://github.com/OpenMakerProjects/telescope-focus-controller-health-monitoring","Could not create OpenMakerProjects/telescope-focus-controller-health-monitoring
error connecting to api.github.com
check your internet connection or https://githubstatus.com","2026-10-02T16:28:46.4765215+05:30"
"2169","telescope-focus-controller-redundant-storage","OpenMakerProjects/telescope-focus-controller-redundant-storage","public","failed","False","https://github.com/OpenMakerProjects/telescope-focus-controller-redundant-storage","Could not create OpenMakerProjects/telescope-focus-controller-redundant-storage
error connecting to api.github.com
check your internet connection or https://githubstatus.com","2026-10-02T16:28:47.0908407+05:30"
"2170","telescope-focus-controller-mission-control-dashboard","OpenMakerProjects/telescope-focus-controller-mission-control-dashboard","public","failed","False","https://github.com/OpenMakerProjects/telescope-focus-controller-mission-control-dashboard","Could not create OpenMakerProjects/telescope-focus-controller-mission-control-dashboard
error connecting to api.github.com
check your internet connection or https://githubstatus.com","2026-10-02T16:28:47.7198853+05:30"
"2171","seismograph-station-timestamped-data-logging","OpenMakerProjects/seismograph-station-timestamped-data-logging","public","failed","False","https://github.com/OpenMakerProjects/seismograph-station-timestamped-data-logging","Could not create OpenMakerProjects/seismograph-station-timestamped-data-logging
error connecting to api.github.com
check your internet connection or https://githubstatus.com","2026-10-02T16:28:48.3464068+05:30"
"2172","seismograph-station-remote-telemetry","OpenMakerProjects/seismograph-station-remote-telemetry","public","failed","False","https://github.com/OpenMakerProjects/seismograph-station-remote-telemetry","Could not create OpenMakerProjects/seismograph-station-remote-telemetry
error connecting to api.github.com
check your internet connection or https://githubstatus.com","2026-10-02T16:28:48.9843815+05:30"
"2173","seismograph-station-automatic-calibration","OpenMakerProjects/seismograph-station-automatic-calibration","public","failed","False","https://github.com/OpenMakerProjects/seismograph-station-automatic-calibration","Could not create OpenMakerProjects/seismograph-station-automatic-calibration
error connecting to api.github.com
check your internet connection or https://githubstatus.com","2026-10-02T16:28:49.6531202+05:30"
"2174","seismograph-station-event-trigger-capture","OpenMakerProjects/seismograph-station-event-trigger-capture","public","failed","False","https://github.com/OpenMakerProjects/seismograph-station-event-trigger-capture","Could not create OpenMakerProjects/seismograph-station-event-trigger-capture
error connecting to api.github.com
check your internet connection or https://githubstatus.com","2026-10-02T16:28:50.2796542+05:30"
"2175","seismograph-station-position-tracking","OpenMakerProjects/seismograph-station-position-tracking","public","failed","False","https://github.com/OpenMakerProjects/seismograph-station-position-tracking","Could not create OpenMakerProjects/seismograph-station-position-tracking
error connecting to api.github.com
check your internet connection or https://githubstatus.com","2026-10-02T16:28:50.9216819+05:30"
"2176","seismograph-station-instrument-scheduling","OpenMakerProjects/seismograph-station-instrument-scheduling","public","failed","False","https://github.com/OpenMakerProjects/seismograph-station-instrument-scheduling","Could not create OpenMakerProjects/seismograph-station-instrument-scheduling
error connecting to api.github.com
check your internet connection or https://githubstatus.com","2026-10-02T16:28:51.6440629+05:30"
"2177","seismograph-station-open-data-export","OpenMakerProjects/seismograph-station-open-data-export","public","failed","False","https://github.com/OpenMakerProjects/seismograph-station-open-data-export","Could not create OpenMakerProjects/seismograph-station-open-data-export
error connecting to api.github.com
check your internet connection or https://githubstatus.com","2026-10-02T16:28:52.2960740+05:30"
"2178","seismograph-station-health-monitoring","OpenMakerProjects/seismograph-station-health-monitoring","public","failed","False","https://github.com/OpenMakerProjects/seismograph-station-health-monitoring","Could not create OpenMakerProjects/seismograph-station-health-monitoring
error connecting to api.github.com
check your internet connection or https://githubstatus.com","2026-10-02T16:28:52.9164070+05:30"
"2179","seismograph-station-redundant-storage","OpenMakerProjects/seismograph-station-redundant-storage","public","failed","False","https://github.com/OpenMakerProjects/seismograph-station-redundant-storage","Could not create OpenMakerProjects/seismograph-station-redundant-storage
error connecting to api.github.com
check your internet connection or https://githubstatus.com","2026-10-02T16:28:53.5478577+05:30"
"2180","seismograph-station-mission-control-dashboard","OpenMakerProjects/seismograph-station-mission-control-dashboard","public","failed","False","https://github.com/OpenMakerProjects/seismograph-station-mission-control-dashboard","Could not create OpenMakerProjects/seismograph-station-mission-control-dashboard
error connecting to api.github.com
check your internet connection or https://githubstatus.com","2026-10-02T16:28:54.1788386+05:30"
"2181","magnetic-field-mapper-timestamped-data-logging","OpenMakerProjects/magnetic-field-mapper-timestamped-data-logging","public","failed","False","https://github.com/OpenMakerProjects/magnetic-field-mapper-timestamped-data-logging","Could not create OpenMakerProjects/magnetic-field-mapper-timestamped-data-logging
error connecting to api.github.com
check your internet connection or https://githubstatus.com","2026-10-02T16:28:54.8281517+05:30"
"2182","magnetic-field-mapper-remote-telemetry","OpenMakerProjects/magnetic-field-mapper-remote-telemetry","public","failed","False","https://github.com/OpenMakerProjects/magnetic-field-mapper-remote-telemetry","Could not create OpenMakerProjects/magnetic-field-mapper-remote-telemetry
error connecting to api.github.com
check your internet connection or https://githubstatus.com","2026-10-02T16:28:55.4493394+05:30"
"2183","magnetic-field-mapper-automatic-calibration","OpenMakerProjects/magnetic-field-mapper-automatic-calibration","public","failed","False","https://github.com/OpenMakerProjects/magnetic-field-mapper-automatic-calibration","Could not create OpenMakerProjects/magnetic-field-mapper-automatic-calibration
error connecting to api.github.com
check your internet connection or https://githubstatus.com","2026-10-02T16:28:56.0888490+05:30"
"2184","magnetic-field-mapper-event-trigger-capture","OpenMakerProjects/magnetic-field-mapper-event-trigger-capture","public","failed","False","https://github.com/OpenMakerProjects/magnetic-field-mapper-event-trigger-capture","Could not create OpenMakerProjects/magnetic-field-mapper-event-trigger-capture
error connecting to api.github.com
check your internet connection or https://githubstatus.com","2026-10-02T16:28:56.7201642+05:30"
"2185","magnetic-field-mapper-position-tracking","OpenMakerProjects/magnetic-field-mapper-position-tracking","public","failed","False","https://github.com/OpenMakerProjects/magnetic-field-mapper-position-tracking","Could not create OpenMakerProjects/magnetic-field-mapper-position-tracking
error connecting to api.github.com
check your internet connection or https://githubstatus.com","2026-10-02T16:28:57.3542292+05:30"
"2186","magnetic-field-mapper-instrument-scheduling","OpenMakerProjects/magnetic-field-mapper-instrument-scheduling","public","failed","False","https://github.com/OpenMakerProjects/magnetic-field-mapper-instrument-scheduling","Could not create OpenMakerProjects/magnetic-field-mapper-instrument-scheduling
error connecting to api.github.com
check your internet connection or https://githubstatus.com","2026-10-02T16:28:57.9882963+05:30"
"2187","magnetic-field-mapper-open-data-export","OpenMakerProjects/magnetic-field-mapper-open-data-export","public","failed","False","https://github.com/OpenMakerProjects/magnetic-field-mapper-open-data-export","Could not create OpenMakerProjects/magnetic-field-mapper-open-data-export
error connecting to api.github.com
check your internet connection or https://githubstatus.com","2026-10-02T16:28:58.6208183+05:30"
"2188","magnetic-field-mapper-health-monitoring","OpenMakerProjects/magnetic-field-mapper-health-monitoring","public","failed","False","https://github.com/OpenMakerProjects/magnetic-field-mapper-health-monitoring","Could not create OpenMakerProjects/magnetic-field-mapper-health-monitoring
error connecting to api.github.com
check your internet connection or https://githubstatus.com","2026-10-02T16:28:59.2602633+05:30"
"2189","magnetic-field-mapper-redundant-storage","OpenMakerProjects/magnetic-field-mapper-redundant-storage","public","failed","False","https://github.com/OpenMakerProjects/magnetic-field-mapper-redundant-storage","Could not create OpenMakerProjects/magnetic-field-mapper-redundant-storage
error connecting to api.github.com
check your internet connection or https://githubstatus.com","2026-10-02T16:28:59.8835638+05:30"
"2190","magnetic-field-mapper-mission-control-dashboard","OpenMakerProjects/magnetic-field-mapper-mission-control-dashboard","public","failed","False","https://github.com/OpenMakerProjects/magnetic-field-mapper-mission-control-dashboard","Could not create OpenMakerProjects/magnetic-field-mapper-mission-control-dashboard
error connecting to api.github.com
check your internet connection or https://githubstatus.com","2026-10-02T16:29:00.5387199+05:30"
"2191","remote-science-payload-timestamped-data-logging","OpenMakerProjects/remote-science-payload-timestamped-data-logging","public","failed","False","https://github.com/OpenMakerProjects/remote-science-payload-timestamped-data-logging","Could not create OpenMakerProjects/remote-science-payload-timestamped-data-logging
error connecting to api.github.com
check your internet connection or https://githubstatus.com","2026-10-02T16:29:01.1826908+05:30"
"2192","remote-science-payload-remote-telemetry","OpenMakerProjects/remote-science-payload-remote-telemetry","public","failed","False","https://github.com/OpenMakerProjects/remote-science-payload-remote-telemetry","Could not create OpenMakerProjects/remote-science-payload-remote-telemetry
error connecting to api.github.com
check your internet connection or https://githubstatus.com","2026-10-02T16:29:01.8584395+05:30"
"2193","remote-science-payload-automatic-calibration","OpenMakerProjects/remote-science-payload-automatic-calibration","public","failed","False","https://github.com/OpenMakerProjects/remote-science-payload-automatic-calibration","Could not create OpenMakerProjects/remote-science-payload-automatic-calibration
error connecting to api.github.com
check your internet connection or https://githubstatus.com","2026-10-02T16:29:02.5028538+05:30"
"2194","remote-science-payload-event-trigger-capture","OpenMakerProjects/remote-science-payload-event-trigger-capture","public","failed","False","https://github.com/OpenMakerProjects/remote-science-payload-event-trigger-capture","Could not create OpenMakerProjects/remote-science-payload-event-trigger-capture
error connecting to api.github.com
check your internet connection or https://githubstatus.com","2026-10-02T16:29:03.1433948+05:30"
"2195","remote-science-payload-position-tracking","OpenMakerProjects/remote-science-payload-position-tracking","public","failed","False","https://github.com/OpenMakerProjects/remote-science-payload-position-tracking","Could not create OpenMakerProjects/remote-science-payload-position-tracking
error connecting to api.github.com
check your internet connection or https://githubstatus.com","2026-10-02T16:29:03.7798538+05:30"
"2196","remote-science-payload-instrument-scheduling","OpenMakerProjects/remote-science-payload-instrument-scheduling","public","failed","False","https://github.com/OpenMakerProjects/remote-science-payload-instrument-scheduling","Could not create OpenMakerProjects/remote-science-payload-instrument-scheduling
error connecting to api.github.com
check your internet connection or https://githubstatus.com","2026-10-02T16:29:04.4749591+05:30"
"2197","remote-science-payload-open-data-export","OpenMakerProjects/remote-science-payload-open-data-export","public","failed","False","https://github.com/OpenMakerProjects/remote-science-payload-open-data-export","Could not create OpenMakerProjects/remote-science-payload-open-data-export
error connecting to api.github.com
check your internet connection or https://githubstatus.com","2026-10-02T16:29:05.1899198+05:30"
"2198","remote-science-payload-health-monitoring","OpenMakerProjects/remote-science-payload-health-monitoring","public","failed","False","https://github.com/OpenMakerProjects/remote-science-payload-health-monitoring","Could not create OpenMakerProjects/remote-science-payload-health-monitoring
error connecting to api.github.com
check your internet connection or https://githubstatus.com","2026-10-02T16:29:05.8514285+05:30"
"2199","remote-science-payload-redundant-storage","OpenMakerProjects/remote-science-payload-redundant-storage","public","failed","False","https://github.com/OpenMakerProjects/remote-science-payload-redundant-storage","Could not create OpenMakerProjects/remote-science-payload-redundant-storage
error connecting to api.github.com
check your internet connection or https://githubstatus.com","2026-10-02T16:29:06.4984893+05:30"
"2200","remote-science-payload-mission-control-dashboard","OpenMakerProjects/remote-science-payload-mission-control-dashboard","public","failed","False","https://github.com/OpenMakerProjects/remote-science-payload-mission-control-dashboard","Could not create OpenMakerProjects/remote-science-payload-mission-control-dashboard
error connecting to api.github.com
check your internet connection or https://githubstatus.com","2026-10-02T16:29:07.1155718+05:30"
"151","beehive-activity-logger-automated-watering","OpenMakerProjects/beehive-activity-logger-automated-watering","public","published","True","https://github.com/OpenMakerProjects/beehive-activity-logger-automated-watering","","2026-10-06T00:35:25.5478836+05:30"
"152","beehive-activity-logger-disease-risk-alerts","OpenMakerProjects/beehive-activity-logger-disease-risk-alerts","public","published","True","https://github.com/OpenMakerProjects/beehive-activity-logger-disease-risk-alerts","","2026-10-06T00:36:04.6245174+05:30"
"153","beehive-activity-logger-solar-power-management","OpenMakerProjects/beehive-activity-logger-solar-power-management","public","published","True","https://github.com/OpenMakerProjects/beehive-activity-logger-solar-power-management","","2026-10-06T00:36:21.9952739+05:30"
"154","beehive-activity-logger-long-range-telemetry","OpenMakerProjects/beehive-activity-logger-long-range-telemetry","public","published","True","https://github.com/OpenMakerProjects/beehive-activity-logger-long-range-telemetry","","2026-10-06T00:36:40.3778541+05:30"
"155","beehive-activity-logger-yield-data-logger","OpenMakerProjects/beehive-activity-logger-yield-data-logger","public","published","True","https://github.com/OpenMakerProjects/beehive-activity-logger-yield-data-logger","","2026-10-06T00:36:57.8122675+05:30"
"156","beehive-activity-logger-nutrient-dosing","OpenMakerProjects/beehive-activity-logger-nutrient-dosing","public","published","True","https://github.com/OpenMakerProjects/beehive-activity-logger-nutrient-dosing","","2026-10-06T00:37:15.8243680+05:30"
"157","beehive-activity-logger-frost-protection","OpenMakerProjects/beehive-activity-logger-frost-protection","public","published","True","https://github.com/OpenMakerProjects/beehive-activity-logger-frost-protection","","2026-10-06T00:37:33.3307057+05:30"
"158","beehive-activity-logger-animal-intrusion-alarm","OpenMakerProjects/beehive-activity-logger-animal-intrusion-alarm","public","published","True","https://github.com/OpenMakerProjects/beehive-activity-logger-animal-intrusion-alarm","","2026-10-06T00:37:51.7349969+05:30"
"159","beehive-activity-logger-weather-aware-scheduling","OpenMakerProjects/beehive-activity-logger-weather-aware-scheduling","public","published","True","https://github.com/OpenMakerProjects/beehive-activity-logger-weather-aware-scheduling","","2026-10-06T00:38:09.4023972+05:30"
"160","beehive-activity-logger-camera-growth-tracking","OpenMakerProjects/beehive-activity-logger-camera-growth-tracking","public","published","True","https://github.com/OpenMakerProjects/beehive-activity-logger-camera-growth-tracking","","2026-10-06T00:38:26.5401585+05:30"
"161","mushroom-grow-chamber-automated-watering","OpenMakerProjects/mushroom-grow-chamber-automated-watering","public","published","True","https://github.com/OpenMakerProjects/mushroom-grow-chamber-automated-watering","","2026-10-06T00:38:44.0049476+05:30"
"162","mushroom-grow-chamber-disease-risk-alerts","OpenMakerProjects/mushroom-grow-chamber-disease-risk-alerts","public","published","True","https://github.com/OpenMakerProjects/mushroom-grow-chamber-disease-risk-alerts","","2026-10-06T00:39:01.7478940+05:30"
"163","mushroom-grow-chamber-solar-power-management","OpenMakerProjects/mushroom-grow-chamber-solar-power-management","public","published","True","https://github.com/OpenMakerProjects/mushroom-grow-chamber-solar-power-management","","2026-10-06T00:39:22.3957928+05:30"
"164","mushroom-grow-chamber-long-range-telemetry","OpenMakerProjects/mushroom-grow-chamber-long-range-telemetry","public","published","True","https://github.com/OpenMakerProjects/mushroom-grow-chamber-long-range-telemetry","","2026-10-06T00:40:27.8569014+05:30"
"165","mushroom-grow-chamber-yield-data-logger","OpenMakerProjects/mushroom-grow-chamber-yield-data-logger","public","published","True","https://github.com/OpenMakerProjects/mushroom-grow-chamber-yield-data-logger","","2026-10-06T00:40:45.6533822+05:30"
"166","mushroom-grow-chamber-nutrient-dosing","OpenMakerProjects/mushroom-grow-chamber-nutrient-dosing","public","published","True","https://github.com/OpenMakerProjects/mushroom-grow-chamber-nutrient-dosing","","2026-10-06T00:41:03.7757043+05:30"
"167","mushroom-grow-chamber-frost-protection","OpenMakerProjects/mushroom-grow-chamber-frost-protection","public","published","True","https://github.com/OpenMakerProjects/mushroom-grow-chamber-frost-protection","","2026-10-06T00:41:21.0596858+05:30"
"168","mushroom-grow-chamber-animal-intrusion-alarm","OpenMakerProjects/mushroom-grow-chamber-animal-intrusion-alarm","public","published","True","https://github.com/OpenMakerProjects/mushroom-grow-chamber-animal-intrusion-alarm","","2026-10-06T00:41:40.0562784+05:30"
"169","mushroom-grow-chamber-weather-aware-scheduling","OpenMakerProjects/mushroom-grow-chamber-weather-aware-scheduling","public","published","True","https://github.com/OpenMakerProjects/mushroom-grow-chamber-weather-aware-scheduling","","2026-10-06T00:41:57.6718412+05:30"
"170","mushroom-grow-chamber-camera-growth-tracking","OpenMakerProjects/mushroom-grow-chamber-camera-growth-tracking","public","published","True","https://github.com/OpenMakerProjects/mushroom-grow-chamber-camera-growth-tracking","","2026-10-06T00:42:15.9021825+05:30"
"171","vertical-farm-controller-automated-watering","OpenMakerProjects/vertical-farm-controller-automated-watering","public","published","True","https://github.com/OpenMakerProjects/vertical-farm-controller-automated-watering","","2026-10-06T00:42:33.9686121+05:30"
"172","vertical-farm-controller-disease-risk-alerts","OpenMakerProjects/vertical-farm-controller-disease-risk-alerts","public","published","True","https://github.com/OpenMakerProjects/vertical-farm-controller-disease-risk-alerts","","2026-10-06T00:42:51.3147563+05:30"
"173","vertical-farm-controller-solar-power-management","OpenMakerProjects/vertical-farm-controller-solar-power-management","public","published","True","https://github.com/OpenMakerProjects/vertical-farm-controller-solar-power-management","","2026-10-06T00:43:09.4373972+05:30"
"174","vertical-farm-controller-long-range-telemetry","OpenMakerProjects/vertical-farm-controller-long-range-telemetry","public","published","True","https://github.com/OpenMakerProjects/vertical-farm-controller-long-range-telemetry","","2026-10-06T00:43:27.5367959+05:30"
"175","vertical-farm-controller-yield-data-logger","OpenMakerProjects/vertical-farm-controller-yield-data-logger","public","published","True","https://github.com/OpenMakerProjects/vertical-farm-controller-yield-data-logger","","2026-10-06T00:43:46.9307283+05:30"
"176","vertical-farm-controller-nutrient-dosing","OpenMakerProjects/vertical-farm-controller-nutrient-dosing","public","published","True","https://github.com/OpenMakerProjects/vertical-farm-controller-nutrient-dosing","","2026-10-06T00:44:05.6537297+05:30"
"177","vertical-farm-controller-frost-protection","OpenMakerProjects/vertical-farm-controller-frost-protection","public","published","True","https://github.com/OpenMakerProjects/vertical-farm-controller-frost-protection","","2026-10-06T00:44:23.7300832+05:30"
"178","vertical-farm-controller-animal-intrusion-alarm","OpenMakerProjects/vertical-farm-controller-animal-intrusion-alarm","public","published","True","https://github.com/OpenMakerProjects/vertical-farm-controller-animal-intrusion-alarm","","2026-10-06T00:44:41.6804747+05:30"
"179","vertical-farm-controller-weather-aware-scheduling","OpenMakerProjects/vertical-farm-controller-weather-aware-scheduling","public","published","True","https://github.com/OpenMakerProjects/vertical-farm-controller-weather-aware-scheduling","","2026-10-06T00:45:00.0581389+05:30"
"180","vertical-farm-controller-camera-growth-tracking","OpenMakerProjects/vertical-farm-controller-camera-growth-tracking","public","published","True","https://github.com/OpenMakerProjects/vertical-farm-controller-camera-growth-tracking","","2026-10-06T00:45:17.3711854+05:30"
"181","compost-condition-monitor-automated-watering","OpenMakerProjects/compost-condition-monitor-automated-watering","public","published","True","https://github.com/OpenMakerProjects/compost-condition-monitor-automated-watering","","2026-10-06T00:45:35.0397675+05:30"
"182","compost-condition-monitor-disease-risk-alerts","OpenMakerProjects/compost-condition-monitor-disease-risk-alerts","public","published","True","https://github.com/OpenMakerProjects/compost-condition-monitor-disease-risk-alerts","","2026-10-06T00:45:52.8474653+05:30"
"183","compost-condition-monitor-solar-power-management","OpenMakerProjects/compost-condition-monitor-solar-power-management","public","published","True","https://github.com/OpenMakerProjects/compost-condition-monitor-solar-power-management","","2026-10-06T00:46:11.1726145+05:30"
"184","compost-condition-monitor-long-range-telemetry","OpenMakerProjects/compost-condition-monitor-long-range-telemetry","public","published","True","https://github.com/OpenMakerProjects/compost-condition-monitor-long-range-telemetry","","2026-10-06T00:46:29.0963425+05:30"
"185","compost-condition-monitor-yield-data-logger","OpenMakerProjects/compost-condition-monitor-yield-data-logger","public","published","True","https://github.com/OpenMakerProjects/compost-condition-monitor-yield-data-logger","","2026-10-06T00:46:46.8373306+05:30"
"186","compost-condition-monitor-nutrient-dosing","OpenMakerProjects/compost-condition-monitor-nutrient-dosing","public","published","True","https://github.com/OpenMakerProjects/compost-condition-monitor-nutrient-dosing","","2026-10-06T00:47:05.0896189+05:30"
"187","compost-condition-monitor-frost-protection","OpenMakerProjects/compost-condition-monitor-frost-protection","public","published","True","https://github.com/OpenMakerProjects/compost-condition-monitor-frost-protection","","2026-10-06T00:47:22.4041775+05:30"
"188","compost-condition-monitor-animal-intrusion-alarm","OpenMakerProjects/compost-condition-monitor-animal-intrusion-alarm","public","published","True","https://github.com/OpenMakerProjects/compost-condition-monitor-animal-intrusion-alarm","","2026-10-06T00:47:40.4448663+05:30"
"189","compost-condition-monitor-weather-aware-scheduling","OpenMakerProjects/compost-condition-monitor-weather-aware-scheduling","public","published","True","https://github.com/OpenMakerProjects/compost-condition-monitor-weather-aware-scheduling","","2026-10-06T00:47:59.5485886+05:30"
"190","compost-condition-monitor-camera-growth-tracking","OpenMakerProjects/compost-condition-monitor-camera-growth-tracking","public","published","True","https://github.com/OpenMakerProjects/compost-condition-monitor-camera-growth-tracking","","2026-10-06T00:48:18.0169559+05:30"
"191","crop-storage-guardian-automated-watering","OpenMakerProjects/crop-storage-guardian-automated-watering","public","published","True","https://github.com/OpenMakerProjects/crop-storage-guardian-automated-watering","","2026-10-06T00:48:35.3822615+05:30"
"192","crop-storage-guardian-disease-risk-alerts","OpenMakerProjects/crop-storage-guardian-disease-risk-alerts","public","published","True","https://github.com/OpenMakerProjects/crop-storage-guardian-disease-risk-alerts","","2026-10-06T00:48:52.9534310+05:30"
"193","crop-storage-guardian-solar-power-management","OpenMakerProjects/crop-storage-guardian-solar-power-management","public","published","True","https://github.com/OpenMakerProjects/crop-storage-guardian-solar-power-management","","2026-10-06T00:49:11.2178550+05:30"
"194","crop-storage-guardian-long-range-telemetry","OpenMakerProjects/crop-storage-guardian-long-range-telemetry","public","published","True","https://github.com/OpenMakerProjects/crop-storage-guardian-long-range-telemetry","","2026-10-06T00:49:29.5573898+05:30"
"195","crop-storage-guardian-yield-data-logger","OpenMakerProjects/crop-storage-guardian-yield-data-logger","public","published","True","https://github.com/OpenMakerProjects/crop-storage-guardian-yield-data-logger","","2026-10-06T00:49:48.0100786+05:30"
"196","crop-storage-guardian-nutrient-dosing","OpenMakerProjects/crop-storage-guardian-nutrient-dosing","public","published","True","https://github.com/OpenMakerProjects/crop-storage-guardian-nutrient-dosing","","2026-10-06T00:50:06.1298973+05:30"
"197","crop-storage-guardian-frost-protection","OpenMakerProjects/crop-storage-guardian-frost-protection","public","published","True","https://github.com/OpenMakerProjects/crop-storage-guardian-frost-protection","","2026-10-06T00:50:24.9244061+05:30"
"198","crop-storage-guardian-animal-intrusion-alarm","OpenMakerProjects/crop-storage-guardian-animal-intrusion-alarm","public","published","True","https://github.com/OpenMakerProjects/crop-storage-guardian-animal-intrusion-alarm","","2026-10-06T00:50:42.7434799+05:30"
"199","crop-storage-guardian-weather-aware-scheduling","OpenMakerProjects/crop-storage-guardian-weather-aware-scheduling","public","published","True","https://github.com/OpenMakerProjects/crop-storage-guardian-weather-aware-scheduling","","2026-10-06T00:51:00.4808831+05:30"
"200","crop-storage-guardian-camera-growth-tracking","OpenMakerProjects/crop-storage-guardian-camera-growth-tracking","public","published","True","https://github.com/OpenMakerProjects/crop-storage-guardian-camera-growth-tracking","","2026-10-06T00:51:18.2886911+05:30"
"201","urban-air-station-real-time-mapping","OpenMakerProjects/urban-air-station-real-time-mapping","public","published","True","https://github.com/OpenMakerProjects/urban-air-station-real-time-mapping","","2026-10-06T00:51:35.6662399+05:30"
"202","urban-air-station-threshold-alerts","OpenMakerProjects/urban-air-station-threshold-alerts","public","published","True","https://github.com/OpenMakerProjects/urban-air-station-threshold-alerts","","2026-10-06T00:51:53.5364002+05:30"
"203","urban-air-station-long-term-logging","OpenMakerProjects/urban-air-station-long-term-logging","public","published","True","https://github.com/OpenMakerProjects/urban-air-station-long-term-logging","","2026-10-06T00:52:11.6138014+05:30"
"204","urban-air-station-citizen-science-mode","OpenMakerProjects/urban-air-station-citizen-science-mode","public","published","True","https://github.com/OpenMakerProjects/urban-air-station-citizen-science-mode","","2026-10-06T00:52:29.0587906+05:30"
"205","urban-air-station-calibration-assistant","OpenMakerProjects/urban-air-station-calibration-assistant","public","published","True","https://github.com/OpenMakerProjects/urban-air-station-calibration-assistant","","2026-10-06T00:52:46.8406069+05:30"
